Unity Editor version:    6000.0.44f1 (101c91f3a8fb)
Branch:                  6000.0/release
Build type:              Release
Batch mode:              YES
macOS version:           Version 15.4 (Build 24E247)
Darwin version:          24.4.0
Architecture:            arm64
Running under Rosetta:   NO
Available memory:        24576 MB
Using pre-set license
Pro License: YES

COMMAND LINE ARGUMENTS:
/Applications/Unity/Hub/Editor/6000.0.44f1/Unity.app/Contents/MacOS/Unity
-adb2
-batchMode
-noUpm
-name
AssetImportWorker1
-projectPath
/Users/ysk/Projects/yaushing.github.io/build/unity
-logFile
Logs/AssetImportWorker1.log
-srvPort
62550
-job-worker-count
4
-background-job-worker-count
8
-gc-helper-count
1
Successfully changed project path to: /Users/ysk/Projects/yaushing.github.io/build/unity
/Users/ysk/Projects/yaushing.github.io/build/unity
[UnityMemory] Configuration Parameters - Can be set up in boot.config
    "memorysetup-bucket-allocator-granularity=16"
    "memorysetup-bucket-allocator-bucket-count=8"
    "memorysetup-bucket-allocator-block-size=33554432"
    "memorysetup-bucket-allocator-block-count=8"
    "memorysetup-main-allocator-block-size=16777216"
    "memorysetup-thread-allocator-block-size=16777216"
    "memorysetup-gfx-main-allocator-block-size=16777216"
    "memorysetup-gfx-thread-allocator-block-size=16777216"
    "memorysetup-cache-allocator-block-size=4194304"
    "memorysetup-typetree-allocator-block-size=2097152"
    "memorysetup-profiler-bucket-allocator-granularity=16"
    "memorysetup-profiler-bucket-allocator-bucket-count=8"
    "memorysetup-profiler-bucket-allocator-block-size=33554432"
    "memorysetup-profiler-bucket-allocator-block-count=8"
    "memorysetup-profiler-allocator-block-size=16777216"
    "memorysetup-profiler-editor-allocator-block-size=1048576"
    "memorysetup-temp-allocator-size-main=16777216"
    "memorysetup-job-temp-allocator-block-size=2097152"
    "memorysetup-job-temp-allocator-block-size-background=1048576"
    "memorysetup-job-temp-allocator-reduction-small-platforms=262144"
    "memorysetup-allocator-temp-initial-block-size-main=262144"
    "memorysetup-allocator-temp-initial-block-size-worker=262144"
    "memorysetup-temp-allocator-size-background-worker=32768"
    "memorysetup-temp-allocator-size-job-worker=262144"
    "memorysetup-temp-allocator-size-preload-manager=33554432"
    "memorysetup-temp-allocator-size-nav-mesh-worker=65536"
    "memorysetup-temp-allocator-size-audio-worker=65536"
    "memorysetup-temp-allocator-size-cloud-worker=32768"
    "memorysetup-temp-allocator-size-gi-baking-worker=262144"
    "memorysetup-temp-allocator-size-gi-baking-worker=262144"
    "memorysetup-temp-allocator-size-gi-baking-worker=262144"
    "memorysetup-temp-allocator-size-gi-baking-worker=262144"
    "memorysetup-temp-allocator-size-gi-baking-worker=262144"
    "memorysetup-temp-allocator-size-gfx=262144"
Player connection [8634108992]  Target information:

Player connection [8634108992]  * "[IP] 172.20.10.4 [Port] 0 [Flags] 2 [Guid] 1303368385 [EditorId] 1303368385 [Version] 1048832 [Id] OSXEditor(0,Aris-Bacmook-Pro.local) [Debug] 1 [PackageName] OSXEditor [ProjectName] Editor" 

Player connection [8634108992] Host joined multi-casting on [225.0.0.222:54997]...
Player connection [8634108992] Host joined alternative multi-casting on [225.0.0.222:34997]...
JobSystem: Creating JobQueue using job-worker-count value 4
Input System module state changed to: Initialized.
[Physics::Module] Initialized fallback backend.
[Physics::Module] Id: 0xdecafbad
Library Redirect Path: Library/
[Physics::Module] Selected backend.
[Physics::Module] Name: PhysX
[Physics::Module] Id: 0xf2b8ea05
[Physics::Module] SDK Version: 4.1.2
[Physics::Module] Integration Version: 1.0.0
[Physics::Module] Threading Mode: Multi-Threaded
Refreshing native plugins compatible for Editor in 0.53 ms, found 2 plugins.
Preloading 0 native plugins for Editor in 0.00 ms.
Initialize engine version: 6000.0.44f1 (101c91f3a8fb)
[Subsystems] Discovering subsystems at path /Applications/Unity/Hub/Editor/6000.0.44f1/Unity.app/Contents/Resources/UnitySubsystems
[Subsystems] Discovering subsystems at path /Users/ysk/Projects/yaushing.github.io/build/unity/Assets
GfxDevice: creating device client; kGfxThreadingModeNonThreaded
 preferred device: Apple M4 (high power)
Metal devices available: 1
0: Apple M4 (high power)
Using device Apple M4 (high power)
Initializing Metal device caps: Apple M4
Initialize mono
Mono path[0] = '/Applications/Unity/Hub/Editor/6000.0.44f1/Unity.app/Contents/Managed'
Mono path[1] = '/Applications/Unity/Hub/Editor/6000.0.44f1/Unity.app/Contents/MonoBleedingEdge/lib/mono/unityjit-macos'
Mono config path = '/Applications/Unity/Hub/Editor/6000.0.44f1/Unity.app/Contents/MonoBleedingEdge/etc'
Using monoOptions --debugger-agent=transport=dt_socket,embedding=1,server=y,suspend=n,address=127.0.0.1:56242
Begin MonoManager ReloadAssembly
Registering precompiled unity dll's ...
Register platform support module: /Applications/Unity/Hub/Editor/6000.0.44f1/PlaybackEngines/WebGLSupport/UnityEditor.WebGL.Extensions.dll
Register platform support module: /Applications/Unity/Hub/Editor/6000.0.44f1/Unity.app/Contents/PlaybackEngines/MacStandaloneSupport/UnityEditor.OSXStandalone.Extensions.dll
Registered in 0.003447 seconds.
- Loaded All Assemblies, in  0.324 seconds
Native extension for OSXStandalone target not found
Native extension for WebGL target not found
Mono: successfully reloaded assembly
- Finished resetting the current domain, in  0.318 seconds
Domain Reload Profiling: 642ms
	BeginReloadAssembly (78ms)
		ExecutionOrderSort (0ms)
		DisableScriptedObjects (0ms)
		BackupInstance (0ms)
		ReleaseScriptingObjects (0ms)
		CreateAndSetChildDomain (1ms)
	RebuildCommonClasses (36ms)
	RebuildNativeTypeToScriptingClass (12ms)
	initialDomainReloadingComplete (42ms)
	LoadAllAssembliesAndSetupDomain (155ms)
		LoadAssemblies (78ms)
		RebuildTransferFunctionScriptingTraits (0ms)
		AnalyzeDomain (152ms)
			TypeCache.Refresh (151ms)
				TypeCache.ScanAssembly (137ms)
			BuildScriptInfoCaches (0ms)
			ResolveRequiredComponents (0ms)
	FinalizeReload (318ms)
		ReleaseScriptCaches (0ms)
		RebuildScriptCaches (0ms)
		SetupLoadedEditorAssemblies (274ms)
			LogAssemblyErrors (0ms)
			InitializePlatformSupportModulesInManaged (33ms)
			SetLoadedEditorAssemblies (4ms)
			BeforeProcessingInitializeOnLoad (52ms)
			ProcessInitializeOnLoadAttributes (123ms)
			ProcessInitializeOnLoadMethodAttributes (62ms)
			AfterProcessingInitializeOnLoad (0ms)
			EditorAssembliesLoaded (0ms)
		ExecutionOrderSort2 (0ms)
		AwakeInstancesAfterBackupRestoration (0ms)
========================================================================
Worker process is ready to serve import requests
Import Worker Mode flag is 0x00
Begin MonoManager ReloadAssembly
- Loaded All Assemblies, in  0.658 seconds
Refreshing native plugins compatible for Editor in 0.38 ms, found 2 plugins.
Native extension for OSXStandalone target not found
Native extension for WebGL target not found
Mono: successfully reloaded assembly
- Finished resetting the current domain, in  0.629 seconds
Domain Reload Profiling: 1287ms
	BeginReloadAssembly (114ms)
		ExecutionOrderSort (0ms)
		DisableScriptedObjects (5ms)
		BackupInstance (0ms)
		ReleaseScriptingObjects (0ms)
		CreateAndSetChildDomain (34ms)
	RebuildCommonClasses (37ms)
	RebuildNativeTypeToScriptingClass (12ms)
	initialDomainReloadingComplete (30ms)
	LoadAllAssembliesAndSetupDomain (464ms)
		LoadAssemblies (286ms)
		RebuildTransferFunctionScriptingTraits (0ms)
		AnalyzeDomain (226ms)
			TypeCache.Refresh (178ms)
				TypeCache.ScanAssembly (160ms)
			BuildScriptInfoCaches (35ms)
			ResolveRequiredComponents (10ms)
	FinalizeReload (629ms)
		ReleaseScriptCaches (0ms)
		RebuildScriptCaches (0ms)
		SetupLoadedEditorAssemblies (495ms)
			LogAssemblyErrors (0ms)
			InitializePlatformSupportModulesInManaged (3ms)
			SetLoadedEditorAssemblies (3ms)
			BeforeProcessingInitializeOnLoad (86ms)
			ProcessInitializeOnLoadAttributes (331ms)
			ProcessInitializeOnLoadMethodAttributes (71ms)
			AfterProcessingInitializeOnLoad (1ms)
			EditorAssembliesLoaded (0ms)
		ExecutionOrderSort2 (0ms)
		AwakeInstancesAfterBackupRestoration (3ms)
Launching external process: /Applications/Unity/Hub/Editor/6000.0.44f1/Unity.app/Contents/Tools/UnityShaderCompiler
Launched and connected shader compiler UnityShaderCompiler after 0.04 seconds
Refreshing native plugins compatible for Editor in 0.49 ms, found 2 plugins.
Preloading 0 native plugins for Editor in 0.00 ms.
Unloading 251 Unused Serialized files (Serialized files now loaded: 0)
Unloading 6081 unused Assets / (4.6 MB). Loaded Objects now: 6796.
Memory consumption went from 173.6 MB to 169.0 MB.
Total: 8.222750 ms (FindLiveObjects: 0.660167 ms CreateObjectMapping: 0.279167 ms MarkObjects: 5.281958 ms  DeleteObjects: 2.000500 ms)

========================================================================
Received Import Request.
  Time since last request: 86252.584482 seconds.
  path: Assets/Sprites/menu_header_sprite.png
  artifactKey: Guid(c4a38a82544594b4aa213890b3f093ce) Importer(815301076,1909f56bfc062723c751e8b465ee728b)
Start importing Assets/Sprites/menu_header_sprite.png using Guid(c4a38a82544594b4aa213890b3f093ce) Importer(815301076,1909f56bfc062723c751e8b465ee728b) (PreviewImporter) -> (artifact id: '0efbc42cd9e6c58e0bffe8ec3c2b53d1') in 0.06143025 seconds
Number of updated asset objects reloaded before import = 0Number of asset objects unloaded after import = 2

========================================================================
Received Prepare
Begin MonoManager ReloadAssembly
Thread 0x31eec7000 may have been prematurely finalized
- Loaded All Assemblies, in  0.643 seconds
Refreshing native plugins compatible for Editor in 0.34 ms, found 2 plugins.
Native extension for OSXStandalone target not found
Native extension for WebGL target not found
Mono: successfully reloaded assembly
- Finished resetting the current domain, in  0.719 seconds
Domain Reload Profiling: 1364ms
	BeginReloadAssembly (216ms)
		ExecutionOrderSort (0ms)
		DisableScriptedObjects (11ms)
		BackupInstance (0ms)
		ReleaseScriptingObjects (0ms)
		CreateAndSetChildDomain (104ms)
	RebuildCommonClasses (37ms)
	RebuildNativeTypeToScriptingClass (13ms)
	initialDomainReloadingComplete (32ms)
	LoadAllAssembliesAndSetupDomain (347ms)
		LoadAssemblies (237ms)
		RebuildTransferFunctionScriptingTraits (0ms)
		AnalyzeDomain (166ms)
			TypeCache.Refresh (9ms)
				TypeCache.ScanAssembly (0ms)
			BuildScriptInfoCaches (144ms)
			ResolveRequiredComponents (10ms)
	FinalizeReload (719ms)
		ReleaseScriptCaches (0ms)
		RebuildScriptCaches (0ms)
		SetupLoadedEditorAssemblies (520ms)
			LogAssemblyErrors (0ms)
			InitializePlatformSupportModulesInManaged (3ms)
			SetLoadedEditorAssemblies (3ms)
			BeforeProcessingInitializeOnLoad (92ms)
			ProcessInitializeOnLoadAttributes (366ms)
			ProcessInitializeOnLoadMethodAttributes (55ms)
			AfterProcessingInitializeOnLoad (1ms)
			EditorAssembliesLoaded (0ms)
		ExecutionOrderSort2 (0ms)
		AwakeInstancesAfterBackupRestoration (9ms)
Refreshing native plugins compatible for Editor in 0.48 ms, found 2 plugins.
Preloading 0 native plugins for Editor in 0.00 ms.
Unloading 36 Unused Serialized files (Serialized files now loaded: 0)
Unloading 6079 unused Assets / (4.4 MB). Loaded Objects now: 6816.
Memory consumption went from 154.6 MB to 150.2 MB.
Total: 8.552666 ms (FindLiveObjects: 0.718208 ms CreateObjectMapping: 0.258125 ms MarkObjects: 5.583625 ms  DeleteObjects: 1.991625 ms)

Prepare: number of updated asset objects reloaded= 0
========================================================================
Received Prepare
Begin MonoManager ReloadAssembly
Thread 0x3179c7000 may have been prematurely finalized
- Loaded All Assemblies, in  0.766 seconds
Refreshing native plugins compatible for Editor in 0.35 ms, found 2 plugins.
Native extension for OSXStandalone target not found
Native extension for WebGL target not found
Mono: successfully reloaded assembly
- Finished resetting the current domain, in  0.667 seconds
Domain Reload Profiling: 1436ms
	BeginReloadAssembly (258ms)
		ExecutionOrderSort (0ms)
		DisableScriptedObjects (15ms)
		BackupInstance (0ms)
		ReleaseScriptingObjects (0ms)
		CreateAndSetChildDomain (101ms)
	RebuildCommonClasses (39ms)
	RebuildNativeTypeToScriptingClass (12ms)
	initialDomainReloadingComplete (27ms)
	LoadAllAssembliesAndSetupDomain (432ms)
		LoadAssemblies (306ms)
		RebuildTransferFunctionScriptingTraits (0ms)
		AnalyzeDomain (176ms)
			TypeCache.Refresh (11ms)
				TypeCache.ScanAssembly (0ms)
			BuildScriptInfoCaches (151ms)
			ResolveRequiredComponents (10ms)
	FinalizeReload (667ms)
		ReleaseScriptCaches (0ms)
		RebuildScriptCaches (0ms)
		SetupLoadedEditorAssemblies (499ms)
			LogAssemblyErrors (0ms)
			InitializePlatformSupportModulesInManaged (3ms)
			SetLoadedEditorAssemblies (4ms)
			BeforeProcessingInitializeOnLoad (101ms)
			ProcessInitializeOnLoadAttributes (344ms)
			ProcessInitializeOnLoadMethodAttributes (46ms)
			AfterProcessingInitializeOnLoad (1ms)
			EditorAssembliesLoaded (0ms)
		ExecutionOrderSort2 (0ms)
		AwakeInstancesAfterBackupRestoration (8ms)
Refreshing native plugins compatible for Editor in 0.43 ms, found 2 plugins.
Preloading 0 native plugins for Editor in 0.00 ms.
Unloading 26 Unused Serialized files (Serialized files now loaded: 0)
Unloading 6079 unused Assets / (3.7 MB). Loaded Objects now: 6818.
Memory consumption went from 150.4 MB to 146.6 MB.
Total: 9.670500 ms (FindLiveObjects: 0.426917 ms CreateObjectMapping: 0.196625 ms MarkObjects: 6.808458 ms  DeleteObjects: 2.237666 ms)

Prepare: number of updated asset objects reloaded= 0
========================================================================
Received Prepare
Begin MonoManager ReloadAssembly
Thread 0x317c07000 may have been prematurely finalized
- Loaded All Assemblies, in  0.571 seconds
Refreshing native plugins compatible for Editor in 0.34 ms, found 2 plugins.
Native extension for OSXStandalone target not found
Native extension for WebGL target not found
Mono: successfully reloaded assembly
- Finished resetting the current domain, in  0.624 seconds
Domain Reload Profiling: 1198ms
	BeginReloadAssembly (146ms)
		ExecutionOrderSort (0ms)
		DisableScriptedObjects (6ms)
		BackupInstance (0ms)
		ReleaseScriptingObjects (0ms)
		CreateAndSetChildDomain (67ms)
	RebuildCommonClasses (37ms)
	RebuildNativeTypeToScriptingClass (12ms)
	initialDomainReloadingComplete (19ms)
	LoadAllAssembliesAndSetupDomain (359ms)
		LoadAssemblies (230ms)
		RebuildTransferFunctionScriptingTraits (0ms)
		AnalyzeDomain (167ms)
			TypeCache.Refresh (9ms)
				TypeCache.ScanAssembly (0ms)
			BuildScriptInfoCaches (145ms)
			ResolveRequiredComponents (10ms)
	FinalizeReload (625ms)
		ReleaseScriptCaches (0ms)
		RebuildScriptCaches (0ms)
		SetupLoadedEditorAssemblies (464ms)
			LogAssemblyErrors (0ms)
			InitializePlatformSupportModulesInManaged (3ms)
			SetLoadedEditorAssemblies (3ms)
			BeforeProcessingInitializeOnLoad (89ms)
			ProcessInitializeOnLoadAttributes (323ms)
			ProcessInitializeOnLoadMethodAttributes (45ms)
			AfterProcessingInitializeOnLoad (1ms)
			EditorAssembliesLoaded (0ms)
		ExecutionOrderSort2 (0ms)
		AwakeInstancesAfterBackupRestoration (7ms)
Refreshing native plugins compatible for Editor in 0.42 ms, found 2 plugins.
Preloading 0 native plugins for Editor in 0.00 ms.
Unloading 26 Unused Serialized files (Serialized files now loaded: 0)
Unloading 6079 unused Assets / (3.9 MB). Loaded Objects now: 6820.
Memory consumption went from 149.1 MB to 145.2 MB.
Total: 7.702250 ms (FindLiveObjects: 0.405125 ms CreateObjectMapping: 0.194708 ms MarkObjects: 5.261667 ms  DeleteObjects: 1.840459 ms)

Prepare: number of updated asset objects reloaded= 0
========================================================================
Received Prepare
Begin MonoManager ReloadAssembly
Thread 0x318007000 may have been prematurely finalized
- Loaded All Assemblies, in  0.573 seconds
Refreshing native plugins compatible for Editor in 0.34 ms, found 2 plugins.
Native extension for OSXStandalone target not found
Native extension for WebGL target not found
Mono: successfully reloaded assembly
- Finished resetting the current domain, in  0.628 seconds
Domain Reload Profiling: 1204ms
	BeginReloadAssembly (144ms)
		ExecutionOrderSort (0ms)
		DisableScriptedObjects (5ms)
		BackupInstance (0ms)
		ReleaseScriptingObjects (0ms)
		CreateAndSetChildDomain (63ms)
	RebuildCommonClasses (36ms)
	RebuildNativeTypeToScriptingClass (12ms)
	initialDomainReloadingComplete (18ms)
	LoadAllAssembliesAndSetupDomain (364ms)
		LoadAssemblies (236ms)
		RebuildTransferFunctionScriptingTraits (0ms)
		AnalyzeDomain (168ms)
			TypeCache.Refresh (11ms)
				TypeCache.ScanAssembly (0ms)
			BuildScriptInfoCaches (145ms)
			ResolveRequiredComponents (10ms)
	FinalizeReload (628ms)
		ReleaseScriptCaches (0ms)
		RebuildScriptCaches (0ms)
		SetupLoadedEditorAssemblies (464ms)
			LogAssemblyErrors (0ms)
			InitializePlatformSupportModulesInManaged (3ms)
			SetLoadedEditorAssemblies (3ms)
			BeforeProcessingInitializeOnLoad (89ms)
			ProcessInitializeOnLoadAttributes (324ms)
			ProcessInitializeOnLoadMethodAttributes (45ms)
			AfterProcessingInitializeOnLoad (1ms)
			EditorAssembliesLoaded (0ms)
		ExecutionOrderSort2 (0ms)
		AwakeInstancesAfterBackupRestoration (8ms)
Refreshing native plugins compatible for Editor in 0.42 ms, found 2 plugins.
Preloading 0 native plugins for Editor in 0.00 ms.
Unloading 26 Unused Serialized files (Serialized files now loaded: 0)
Unloading 6079 unused Assets / (3.9 MB). Loaded Objects now: 6822.
Memory consumption went from 149.1 MB to 145.1 MB.
Total: 7.395292 ms (FindLiveObjects: 0.429958 ms CreateObjectMapping: 0.223541 ms MarkObjects: 4.856584 ms  DeleteObjects: 1.884750 ms)

Prepare: number of updated asset objects reloaded= 0
========================================================================
Received Prepare
Refreshing native plugins compatible for Editor in 0.45 ms, found 2 plugins.
Preloading 0 native plugins for Editor in 0.00 ms.
Unloading 26 Unused Serialized files (Serialized files now loaded: 0)
Unloading 6073 unused Assets / (4.2 MB). Loaded Objects now: 6823.
Memory consumption went from 143.7 MB to 139.5 MB.
Total: 7.565958 ms (FindLiveObjects: 0.447542 ms CreateObjectMapping: 0.212708 ms MarkObjects: 5.142125 ms  DeleteObjects: 1.763000 ms)

Prepare: number of updated asset objects reloaded= 0
========================================================================
Received Prepare
Begin MonoManager ReloadAssembly
Thread 0x318007000 may have been prematurely finalized
- Loaded All Assemblies, in  0.648 seconds
Refreshing native plugins compatible for Editor in 0.36 ms, found 2 plugins.
Native extension for OSXStandalone target not found
Native extension for WebGL target not found
Mono: successfully reloaded assembly
- Finished resetting the current domain, in  0.654 seconds
Domain Reload Profiling: 1304ms
	BeginReloadAssembly (226ms)
		ExecutionOrderSort (0ms)
		DisableScriptedObjects (9ms)
		BackupInstance (0ms)
		ReleaseScriptingObjects (1ms)
		CreateAndSetChildDomain (97ms)
	RebuildCommonClasses (41ms)
	RebuildNativeTypeToScriptingClass (13ms)
	initialDomainReloadingComplete (21ms)
	LoadAllAssembliesAndSetupDomain (350ms)
		LoadAssemblies (245ms)
		RebuildTransferFunctionScriptingTraits (0ms)
		AnalyzeDomain (171ms)
			TypeCache.Refresh (12ms)
				TypeCache.ScanAssembly (0ms)
			BuildScriptInfoCaches (145ms)
			ResolveRequiredComponents (10ms)
	FinalizeReload (654ms)
		ReleaseScriptCaches (0ms)
		RebuildScriptCaches (0ms)
		SetupLoadedEditorAssemblies (465ms)
			LogAssemblyErrors (0ms)
			InitializePlatformSupportModulesInManaged (3ms)
			SetLoadedEditorAssemblies (5ms)
			BeforeProcessingInitializeOnLoad (97ms)
			ProcessInitializeOnLoadAttributes (315ms)
			ProcessInitializeOnLoadMethodAttributes (45ms)
			AfterProcessingInitializeOnLoad (1ms)
			EditorAssembliesLoaded (0ms)
		ExecutionOrderSort2 (0ms)
		AwakeInstancesAfterBackupRestoration (8ms)
Refreshing native plugins compatible for Editor in 0.39 ms, found 2 plugins.
Preloading 0 native plugins for Editor in 0.00 ms.
Unloading 26 Unused Serialized files (Serialized files now loaded: 0)
Unloading 6080 unused Assets / (4.7 MB). Loaded Objects now: 6825.
Memory consumption went from 149.1 MB to 144.4 MB.
Total: 6.925583 ms (FindLiveObjects: 0.365125 ms CreateObjectMapping: 0.193209 ms MarkObjects: 4.842834 ms  DeleteObjects: 1.524083 ms)

Prepare: number of updated asset objects reloaded= 0
========================================================================
Received Import Request.
  Time since last request: 958.828062 seconds.
  path: Assets/Scripts/PagesFadeInOut.cs
  artifactKey: Guid(582f61004ba1e4ef0998e8f32ecc7b4b) Importer(815301076,1909f56bfc062723c751e8b465ee728b)
Start importing Assets/Scripts/PagesFadeInOut.cs using Guid(582f61004ba1e4ef0998e8f32ecc7b4b) Importer(815301076,1909f56bfc062723c751e8b465ee728b) (PreviewImporter) -> (artifact id: 'e6f5ae08e5b47a73bdc0668d700dd696') in 0.001275083 seconds
Number of updated asset objects reloaded before import = 0Number of asset objects unloaded after import = 0

========================================================================
Received Prepare
Begin MonoManager ReloadAssembly
Thread 0x317b87000 may have been prematurely finalized
- Loaded All Assemblies, in  0.435 seconds
Refreshing native plugins compatible for Editor in 0.20 ms, found 2 plugins.
Native extension for OSXStandalone target not found
Native extension for WebGL target not found
Mono: successfully reloaded assembly
- Finished resetting the current domain, in  0.371 seconds
Domain Reload Profiling: 809ms
	BeginReloadAssembly (133ms)
		ExecutionOrderSort (0ms)
		DisableScriptedObjects (13ms)
		BackupInstance (0ms)
		ReleaseScriptingObjects (0ms)
		CreateAndSetChildDomain (53ms)
	RebuildCommonClasses (20ms)
	RebuildNativeTypeToScriptingClass (7ms)
	initialDomainReloadingComplete (22ms)
	LoadAllAssembliesAndSetupDomain (255ms)
		LoadAssemblies (177ms)
		RebuildTransferFunctionScriptingTraits (0ms)
		AnalyzeDomain (104ms)
			TypeCache.Refresh (10ms)
				TypeCache.ScanAssembly (0ms)
			BuildScriptInfoCaches (84ms)
			ResolveRequiredComponents (6ms)
	FinalizeReload (371ms)
		ReleaseScriptCaches (0ms)
		RebuildScriptCaches (0ms)
		SetupLoadedEditorAssemblies (270ms)
			LogAssemblyErrors (0ms)
			InitializePlatformSupportModulesInManaged (2ms)
			SetLoadedEditorAssemblies (2ms)
			BeforeProcessingInitializeOnLoad (50ms)
			ProcessInitializeOnLoadAttributes (188ms)
			ProcessInitializeOnLoadMethodAttributes (27ms)
			AfterProcessingInitializeOnLoad (0ms)
			EditorAssembliesLoaded (0ms)
		ExecutionOrderSort2 (0ms)
		AwakeInstancesAfterBackupRestoration (4ms)
Refreshing native plugins compatible for Editor in 0.30 ms, found 2 plugins.
Preloading 0 native plugins for Editor in 0.00 ms.
Unloading 26 Unused Serialized files (Serialized files now loaded: 0)
Unloading 6080 unused Assets / (3.8 MB). Loaded Objects now: 6827.
Memory consumption went from 149.1 MB to 145.3 MB.
Total: 4.474084 ms (FindLiveObjects: 0.247125 ms CreateObjectMapping: 0.130625 ms MarkObjects: 3.055917 ms  DeleteObjects: 1.040292 ms)

Prepare: number of updated asset objects reloaded= 0
========================================================================
Received Prepare
Begin MonoManager ReloadAssembly
Thread 0x16db57000 may have been prematurely finalized
- Loaded All Assemblies, in  0.343 seconds
Refreshing native plugins compatible for Editor in 0.15 ms, found 2 plugins.
Native extension for OSXStandalone target not found
Native extension for WebGL target not found
Mono: successfully reloaded assembly
- Finished resetting the current domain, in  0.400 seconds
Domain Reload Profiling: 744ms
	BeginReloadAssembly (97ms)
		ExecutionOrderSort (0ms)
		DisableScriptedObjects (4ms)
		BackupInstance (0ms)
		ReleaseScriptingObjects (0ms)
		CreateAndSetChildDomain (40ms)
	RebuildCommonClasses (21ms)
	RebuildNativeTypeToScriptingClass (6ms)
	initialDomainReloadingComplete (11ms)
	LoadAllAssembliesAndSetupDomain (209ms)
		LoadAssemblies (144ms)
		RebuildTransferFunctionScriptingTraits (0ms)
		AnalyzeDomain (92ms)
			TypeCache.Refresh (8ms)
				TypeCache.ScanAssembly (0ms)
			BuildScriptInfoCaches (78ms)
			ResolveRequiredComponents (5ms)
	FinalizeReload (400ms)
		ReleaseScriptCaches (0ms)
		RebuildScriptCaches (0ms)
		SetupLoadedEditorAssemblies (283ms)
			LogAssemblyErrors (0ms)
			InitializePlatformSupportModulesInManaged (2ms)
			SetLoadedEditorAssemblies (2ms)
			BeforeProcessingInitializeOnLoad (59ms)
			ProcessInitializeOnLoadAttributes (188ms)
			ProcessInitializeOnLoadMethodAttributes (32ms)
			AfterProcessingInitializeOnLoad (0ms)
			EditorAssembliesLoaded (0ms)
		ExecutionOrderSort2 (0ms)
		AwakeInstancesAfterBackupRestoration (5ms)
Refreshing native plugins compatible for Editor in 0.22 ms, found 2 plugins.
Preloading 0 native plugins for Editor in 0.00 ms.
Unloading 26 Unused Serialized files (Serialized files now loaded: 0)
Unloading 6080 unused Assets / (4.1 MB). Loaded Objects now: 6829.
Memory consumption went from 149.0 MB to 144.9 MB.
Total: 4.798292 ms (FindLiveObjects: 0.366417 ms CreateObjectMapping: 0.143791 ms MarkObjects: 3.235834 ms  DeleteObjects: 1.051583 ms)

Prepare: number of updated asset objects reloaded= 0
========================================================================
Received Prepare
Begin MonoManager ReloadAssembly
Thread 0x16db57000 may have been prematurely finalized
- Loaded All Assemblies, in  0.334 seconds
Refreshing native plugins compatible for Editor in 0.16 ms, found 2 plugins.
Native extension for OSXStandalone target not found
Native extension for WebGL target not found
Mono: successfully reloaded assembly
- Finished resetting the current domain, in  0.396 seconds
Domain Reload Profiling: 732ms
	BeginReloadAssembly (87ms)
		ExecutionOrderSort (0ms)
		DisableScriptedObjects (3ms)
		BackupInstance (0ms)
		ReleaseScriptingObjects (0ms)
		CreateAndSetChildDomain (39ms)
	RebuildCommonClasses (20ms)
	RebuildNativeTypeToScriptingClass (7ms)
	initialDomainReloadingComplete (10ms)
	LoadAllAssembliesAndSetupDomain (212ms)
		LoadAssemblies (140ms)
		RebuildTransferFunctionScriptingTraits (0ms)
		AnalyzeDomain (93ms)
			TypeCache.Refresh (6ms)
				TypeCache.ScanAssembly (0ms)
			BuildScriptInfoCaches (80ms)
			ResolveRequiredComponents (6ms)
	FinalizeReload (396ms)
		ReleaseScriptCaches (0ms)
		RebuildScriptCaches (0ms)
		SetupLoadedEditorAssemblies (301ms)
			LogAssemblyErrors (0ms)
			InitializePlatformSupportModulesInManaged (2ms)
			SetLoadedEditorAssemblies (2ms)
			BeforeProcessingInitializeOnLoad (57ms)
			ProcessInitializeOnLoadAttributes (209ms)
			ProcessInitializeOnLoadMethodAttributes (31ms)
			AfterProcessingInitializeOnLoad (0ms)
			EditorAssembliesLoaded (0ms)
		ExecutionOrderSort2 (0ms)
		AwakeInstancesAfterBackupRestoration (5ms)
Refreshing native plugins compatible for Editor in 0.29 ms, found 2 plugins.
Preloading 0 native plugins for Editor in 0.00 ms.
Unloading 26 Unused Serialized files (Serialized files now loaded: 0)
Unloading 6080 unused Assets / (3.7 MB). Loaded Objects now: 6831.
Memory consumption went from 149.0 MB to 145.3 MB.
Total: 5.824084 ms (FindLiveObjects: 0.380708 ms CreateObjectMapping: 0.125292 ms MarkObjects: 4.291459 ms  DeleteObjects: 1.025917 ms)

Prepare: number of updated asset objects reloaded= 0
========================================================================
Received Prepare
Begin MonoManager ReloadAssembly
Thread 0x16db57000 may have been prematurely finalized
- Loaded All Assemblies, in  0.373 seconds
Refreshing native plugins compatible for Editor in 0.16 ms, found 2 plugins.
Native extension for OSXStandalone target not found
Native extension for WebGL target not found
Mono: successfully reloaded assembly
- Finished resetting the current domain, in  0.394 seconds
Domain Reload Profiling: 769ms
	BeginReloadAssembly (87ms)
		ExecutionOrderSort (0ms)
		DisableScriptedObjects (3ms)
		BackupInstance (0ms)
		ReleaseScriptingObjects (0ms)
		CreateAndSetChildDomain (39ms)
	RebuildCommonClasses (20ms)
	RebuildNativeTypeToScriptingClass (7ms)
	initialDomainReloadingComplete (10ms)
	LoadAllAssembliesAndSetupDomain (252ms)
		LoadAssemblies (179ms)
		RebuildTransferFunctionScriptingTraits (0ms)
		AnalyzeDomain (93ms)
			TypeCache.Refresh (6ms)
				TypeCache.ScanAssembly (0ms)
			BuildScriptInfoCaches (80ms)
			ResolveRequiredComponents (5ms)
	FinalizeReload (394ms)
		ReleaseScriptCaches (0ms)
		RebuildScriptCaches (0ms)
		SetupLoadedEditorAssemblies (300ms)
			LogAssemblyErrors (0ms)
			InitializePlatformSupportModulesInManaged (2ms)
			SetLoadedEditorAssemblies (2ms)
			BeforeProcessingInitializeOnLoad (58ms)
			ProcessInitializeOnLoadAttributes (204ms)
			ProcessInitializeOnLoadMethodAttributes (33ms)
			AfterProcessingInitializeOnLoad (1ms)
			EditorAssembliesLoaded (0ms)
		ExecutionOrderSort2 (0ms)
		AwakeInstancesAfterBackupRestoration (5ms)
Refreshing native plugins compatible for Editor in 0.23 ms, found 2 plugins.
Preloading 0 native plugins for Editor in 0.00 ms.
Unloading 26 Unused Serialized files (Serialized files now loaded: 0)
Unloading 6080 unused Assets / (3.6 MB). Loaded Objects now: 6833.
Memory consumption went from 149.0 MB to 145.4 MB.
Total: 5.121875 ms (FindLiveObjects: 0.301833 ms CreateObjectMapping: 0.109584 ms MarkObjects: 3.504208 ms  DeleteObjects: 1.206083 ms)

Prepare: number of updated asset objects reloaded= 0
========================================================================
Received Prepare
Refreshing native plugins compatible for Editor in 0.31 ms, found 2 plugins.
Preloading 0 native plugins for Editor in 0.00 ms.
Unloading 26 Unused Serialized files (Serialized files now loaded: 0)
Unloading 6073 unused Assets / (4.0 MB). Loaded Objects now: 6833.
Memory consumption went from 143.7 MB to 139.7 MB.
Total: 5.005292 ms (FindLiveObjects: 0.289208 ms CreateObjectMapping: 0.101917 ms MarkObjects: 3.532417 ms  DeleteObjects: 1.081500 ms)

Prepare: number of updated asset objects reloaded= 0
========================================================================
Received Prepare
Begin MonoManager ReloadAssembly
Thread 0x16db57000 may have been prematurely finalized
- Loaded All Assemblies, in  0.366 seconds
Refreshing native plugins compatible for Editor in 0.19 ms, found 2 plugins.
Native extension for OSXStandalone target not found
Native extension for WebGL target not found
Mono: successfully reloaded assembly
- Finished resetting the current domain, in  0.425 seconds
Domain Reload Profiling: 793ms
	BeginReloadAssembly (119ms)
		ExecutionOrderSort (0ms)
		DisableScriptedObjects (4ms)
		BackupInstance (0ms)
		ReleaseScriptingObjects (0ms)
		CreateAndSetChildDomain (54ms)
	RebuildCommonClasses (20ms)
	RebuildNativeTypeToScriptingClass (7ms)
	initialDomainReloadingComplete (12ms)
	LoadAllAssembliesAndSetupDomain (211ms)
		LoadAssemblies (150ms)
		RebuildTransferFunctionScriptingTraits (0ms)
		AnalyzeDomain (96ms)
			TypeCache.Refresh (8ms)
				TypeCache.ScanAssembly (0ms)
			BuildScriptInfoCaches (80ms)
			ResolveRequiredComponents (5ms)
	FinalizeReload (425ms)
		ReleaseScriptCaches (0ms)
		RebuildScriptCaches (0ms)
		SetupLoadedEditorAssemblies (324ms)
			LogAssemblyErrors (0ms)
			InitializePlatformSupportModulesInManaged (3ms)
			SetLoadedEditorAssemblies (2ms)
			BeforeProcessingInitializeOnLoad (55ms)
			ProcessInitializeOnLoadAttributes (232ms)
			ProcessInitializeOnLoadMethodAttributes (30ms)
			AfterProcessingInitializeOnLoad (1ms)
			EditorAssembliesLoaded (0ms)
		ExecutionOrderSort2 (0ms)
		AwakeInstancesAfterBackupRestoration (5ms)
Refreshing native plugins compatible for Editor in 0.29 ms, found 2 plugins.
Preloading 0 native plugins for Editor in 0.00 ms.
Unloading 26 Unused Serialized files (Serialized files now loaded: 0)
Unloading 6080 unused Assets / (3.8 MB). Loaded Objects now: 6835.
Memory consumption went from 149.0 MB to 145.2 MB.
Total: 6.506000 ms (FindLiveObjects: 0.420750 ms CreateObjectMapping: 0.407042 ms MarkObjects: 4.234042 ms  DeleteObjects: 1.443959 ms)

Prepare: number of updated asset objects reloaded= 0
========================================================================
Received Prepare
Begin MonoManager ReloadAssembly
Thread 0x16db57000 may have been prematurely finalized
- Loaded All Assemblies, in  0.343 seconds
Refreshing native plugins compatible for Editor in 0.20 ms, found 2 plugins.
Native extension for OSXStandalone target not found
Native extension for WebGL target not found
Mono: successfully reloaded assembly
- Finished resetting the current domain, in  0.381 seconds
Domain Reload Profiling: 727ms
	BeginReloadAssembly (93ms)
		ExecutionOrderSort (0ms)
		DisableScriptedObjects (3ms)
		BackupInstance (0ms)
		ReleaseScriptingObjects (0ms)
		CreateAndSetChildDomain (41ms)
	RebuildCommonClasses (20ms)
	RebuildNativeTypeToScriptingClass (7ms)
	initialDomainReloadingComplete (10ms)
	LoadAllAssembliesAndSetupDomain (215ms)
		LoadAssemblies (146ms)
		RebuildTransferFunctionScriptingTraits (0ms)
		AnalyzeDomain (93ms)
			TypeCache.Refresh (5ms)
				TypeCache.ScanAssembly (0ms)
			BuildScriptInfoCaches (80ms)
			ResolveRequiredComponents (5ms)
	FinalizeReload (382ms)
		ReleaseScriptCaches (0ms)
		RebuildScriptCaches (0ms)
		SetupLoadedEditorAssemblies (286ms)
			LogAssemblyErrors (0ms)
			InitializePlatformSupportModulesInManaged (2ms)
			SetLoadedEditorAssemblies (2ms)
			BeforeProcessingInitializeOnLoad (57ms)
			ProcessInitializeOnLoadAttributes (196ms)
			ProcessInitializeOnLoadMethodAttributes (28ms)
			AfterProcessingInitializeOnLoad (1ms)
			EditorAssembliesLoaded (0ms)
		ExecutionOrderSort2 (0ms)
		AwakeInstancesAfterBackupRestoration (5ms)
Refreshing native plugins compatible for Editor in 0.26 ms, found 2 plugins.
Preloading 0 native plugins for Editor in 0.00 ms.
Unloading 26 Unused Serialized files (Serialized files now loaded: 0)
Unloading 6080 unused Assets / (3.5 MB). Loaded Objects now: 6837.
Memory consumption went from 149.0 MB to 145.5 MB.
Total: 4.819500 ms (FindLiveObjects: 0.316459 ms CreateObjectMapping: 0.116375 ms MarkObjects: 3.314666 ms  DeleteObjects: 1.071625 ms)

Prepare: number of updated asset objects reloaded= 0
========================================================================
Received Prepare
Begin MonoManager ReloadAssembly
Thread 0x16db57000 may have been prematurely finalized
- Loaded All Assemblies, in  0.321 seconds
Refreshing native plugins compatible for Editor in 0.22 ms, found 2 plugins.
Native extension for OSXStandalone target not found
Native extension for WebGL target not found
Mono: successfully reloaded assembly
- Finished resetting the current domain, in  0.377 seconds
Domain Reload Profiling: 700ms
	BeginReloadAssembly (89ms)
		ExecutionOrderSort (0ms)
		DisableScriptedObjects (3ms)
		BackupInstance (0ms)
		ReleaseScriptingObjects (0ms)
		CreateAndSetChildDomain (42ms)
	RebuildCommonClasses (20ms)
	RebuildNativeTypeToScriptingClass (6ms)
	initialDomainReloadingComplete (10ms)
	LoadAllAssembliesAndSetupDomain (198ms)
		LoadAssemblies (125ms)
		RebuildTransferFunctionScriptingTraits (0ms)
		AnalyzeDomain (92ms)
			TypeCache.Refresh (5ms)
				TypeCache.ScanAssembly (0ms)
			BuildScriptInfoCaches (80ms)
			ResolveRequiredComponents (5ms)
	FinalizeReload (377ms)
		ReleaseScriptCaches (0ms)
		RebuildScriptCaches (0ms)
		SetupLoadedEditorAssemblies (283ms)
			LogAssemblyErrors (0ms)
			InitializePlatformSupportModulesInManaged (2ms)
			SetLoadedEditorAssemblies (2ms)
			BeforeProcessingInitializeOnLoad (56ms)
			ProcessInitializeOnLoadAttributes (193ms)
			ProcessInitializeOnLoadMethodAttributes (30ms)
			AfterProcessingInitializeOnLoad (0ms)
			EditorAssembliesLoaded (0ms)
		ExecutionOrderSort2 (0ms)
		AwakeInstancesAfterBackupRestoration (4ms)
Refreshing native plugins compatible for Editor in 0.22 ms, found 2 plugins.
Preloading 0 native plugins for Editor in 0.00 ms.
Unloading 26 Unused Serialized files (Serialized files now loaded: 0)
Unloading 6080 unused Assets / (3.6 MB). Loaded Objects now: 6839.
Memory consumption went from 149.0 MB to 145.4 MB.
Total: 4.740042 ms (FindLiveObjects: 0.281667 ms CreateObjectMapping: 0.174125 ms MarkObjects: 3.248709 ms  DeleteObjects: 1.035084 ms)

Prepare: number of updated asset objects reloaded= 0
========================================================================
Received Prepare
Begin MonoManager ReloadAssembly
Thread 0x16db57000 may have been prematurely finalized
- Loaded All Assemblies, in  0.322 seconds
Refreshing native plugins compatible for Editor in 0.20 ms, found 2 plugins.
Native extension for OSXStandalone target not found
Native extension for WebGL target not found
Mono: successfully reloaded assembly
- Finished resetting the current domain, in  0.380 seconds
Domain Reload Profiling: 704ms
	BeginReloadAssembly (88ms)
		ExecutionOrderSort (0ms)
		DisableScriptedObjects (3ms)
		BackupInstance (0ms)
		ReleaseScriptingObjects (0ms)
		CreateAndSetChildDomain (39ms)
	RebuildCommonClasses (20ms)
	RebuildNativeTypeToScriptingClass (7ms)
	initialDomainReloadingComplete (10ms)
	LoadAllAssembliesAndSetupDomain (199ms)
		LoadAssemblies (127ms)
		RebuildTransferFunctionScriptingTraits (0ms)
		AnalyzeDomain (93ms)
			TypeCache.Refresh (6ms)
				TypeCache.ScanAssembly (0ms)
			BuildScriptInfoCaches (80ms)
			ResolveRequiredComponents (5ms)
	FinalizeReload (381ms)
		ReleaseScriptCaches (0ms)
		RebuildScriptCaches (0ms)
		SetupLoadedEditorAssemblies (286ms)
			LogAssemblyErrors (0ms)
			InitializePlatformSupportModulesInManaged (2ms)
			SetLoadedEditorAssemblies (2ms)
			BeforeProcessingInitializeOnLoad (56ms)
			ProcessInitializeOnLoadAttributes (195ms)
			ProcessInitializeOnLoadMethodAttributes (30ms)
			AfterProcessingInitializeOnLoad (0ms)
			EditorAssembliesLoaded (0ms)
		ExecutionOrderSort2 (0ms)
		AwakeInstancesAfterBackupRestoration (5ms)
Refreshing native plugins compatible for Editor in 0.20 ms, found 2 plugins.
Preloading 0 native plugins for Editor in 0.00 ms.
Unloading 26 Unused Serialized files (Serialized files now loaded: 0)
Unloading 6080 unused Assets / (3.5 MB). Loaded Objects now: 6841.
Memory consumption went from 149.0 MB to 145.5 MB.
Total: 5.178542 ms (FindLiveObjects: 0.324875 ms CreateObjectMapping: 0.167875 ms MarkObjects: 3.470083 ms  DeleteObjects: 1.215542 ms)

Prepare: number of updated asset objects reloaded= 0
========================================================================
Received Prepare
Begin MonoManager ReloadAssembly
Thread 0x16db57000 may have been prematurely finalized
- Loaded All Assemblies, in  0.326 seconds
Refreshing native plugins compatible for Editor in 0.19 ms, found 2 plugins.
Native extension for OSXStandalone target not found
Native extension for WebGL target not found
Mono: successfully reloaded assembly
- Finished resetting the current domain, in  0.384 seconds
Domain Reload Profiling: 713ms
	BeginReloadAssembly (87ms)
		ExecutionOrderSort (0ms)
		DisableScriptedObjects (3ms)
		BackupInstance (0ms)
		ReleaseScriptingObjects (0ms)
		CreateAndSetChildDomain (38ms)
	RebuildCommonClasses (20ms)
	RebuildNativeTypeToScriptingClass (7ms)
	initialDomainReloadingComplete (10ms)
	LoadAllAssembliesAndSetupDomain (204ms)
		LoadAssemblies (134ms)
		RebuildTransferFunctionScriptingTraits (0ms)
		AnalyzeDomain (92ms)
			TypeCache.Refresh (5ms)
				TypeCache.ScanAssembly (0ms)
			BuildScriptInfoCaches (79ms)
			ResolveRequiredComponents (5ms)
	FinalizeReload (384ms)
		ReleaseScriptCaches (0ms)
		RebuildScriptCaches (0ms)
		SetupLoadedEditorAssemblies (289ms)
			LogAssemblyErrors (0ms)
			InitializePlatformSupportModulesInManaged (2ms)
			SetLoadedEditorAssemblies (2ms)
			BeforeProcessingInitializeOnLoad (57ms)
			ProcessInitializeOnLoadAttributes (197ms)
			ProcessInitializeOnLoadMethodAttributes (30ms)
			AfterProcessingInitializeOnLoad (0ms)
			EditorAssembliesLoaded (0ms)
		ExecutionOrderSort2 (0ms)
		AwakeInstancesAfterBackupRestoration (5ms)
Refreshing native plugins compatible for Editor in 0.28 ms, found 2 plugins.
Preloading 0 native plugins for Editor in 0.00 ms.
Unloading 26 Unused Serialized files (Serialized files now loaded: 0)
Unloading 6080 unused Assets / (3.8 MB). Loaded Objects now: 6843.
Memory consumption went from 149.0 MB to 145.2 MB.
Total: 5.205500 ms (FindLiveObjects: 0.322500 ms CreateObjectMapping: 0.118167 ms MarkObjects: 3.669375 ms  DeleteObjects: 1.095000 ms)

Prepare: number of updated asset objects reloaded= 0
========================================================================
Received Prepare
Begin MonoManager ReloadAssembly
Thread 0x16db57000 may have been prematurely finalized
- Loaded All Assemblies, in  0.557 seconds
Refreshing native plugins compatible for Editor in 0.19 ms, found 2 plugins.
Native extension for OSXStandalone target not found
Native extension for WebGL target not found
Mono: successfully reloaded assembly
- Finished resetting the current domain, in  0.402 seconds
Domain Reload Profiling: 964ms
	BeginReloadAssembly (139ms)
		ExecutionOrderSort (0ms)
		DisableScriptedObjects (9ms)
		BackupInstance (0ms)
		ReleaseScriptingObjects (0ms)
		CreateAndSetChildDomain (54ms)
	RebuildCommonClasses (23ms)
	RebuildNativeTypeToScriptingClass (7ms)
	initialDomainReloadingComplete (16ms)
	LoadAllAssembliesAndSetupDomain (376ms)
		LoadAssemblies (232ms)
		RebuildTransferFunctionScriptingTraits (0ms)
		AnalyzeDomain (171ms)
			TypeCache.Refresh (39ms)
				TypeCache.ScanAssembly (1ms)
			BuildScriptInfoCaches (124ms)
			ResolveRequiredComponents (6ms)
	FinalizeReload (402ms)
		ReleaseScriptCaches (0ms)
		RebuildScriptCaches (0ms)
		SetupLoadedEditorAssemblies (290ms)
			LogAssemblyErrors (0ms)
			InitializePlatformSupportModulesInManaged (2ms)
			SetLoadedEditorAssemblies (3ms)
			BeforeProcessingInitializeOnLoad (75ms)
			ProcessInitializeOnLoadAttributes (183ms)
			ProcessInitializeOnLoadMethodAttributes (26ms)
			AfterProcessingInitializeOnLoad (0ms)
			EditorAssembliesLoaded (0ms)
		ExecutionOrderSort2 (0ms)
		AwakeInstancesAfterBackupRestoration (4ms)
Refreshing native plugins compatible for Editor in 0.23 ms, found 2 plugins.
Preloading 0 native plugins for Editor in 0.00 ms.
Unloading 26 Unused Serialized files (Serialized files now loaded: 0)
Unloading 6080 unused Assets / (4.3 MB). Loaded Objects now: 6845.
Memory consumption went from 149.0 MB to 144.7 MB.
Total: 4.651708 ms (FindLiveObjects: 0.273125 ms CreateObjectMapping: 0.213209 ms MarkObjects: 3.005416 ms  DeleteObjects: 1.159625 ms)

Prepare: number of updated asset objects reloaded= 0
========================================================================
Received Prepare
Begin MonoManager ReloadAssembly
Thread 0x16db57000 may have been prematurely finalized
- Loaded All Assemblies, in  0.388 seconds
Refreshing native plugins compatible for Editor in 0.17 ms, found 2 plugins.
Native extension for OSXStandalone target not found
Native extension for WebGL target not found
Mono: successfully reloaded assembly
- Finished resetting the current domain, in  0.376 seconds
Domain Reload Profiling: 766ms
	BeginReloadAssembly (138ms)
		ExecutionOrderSort (0ms)
		DisableScriptedObjects (9ms)
		BackupInstance (0ms)
		ReleaseScriptingObjects (0ms)
		CreateAndSetChildDomain (61ms)
	RebuildCommonClasses (20ms)
	RebuildNativeTypeToScriptingClass (7ms)
	initialDomainReloadingComplete (12ms)
	LoadAllAssembliesAndSetupDomain (213ms)
		LoadAssemblies (151ms)
		RebuildTransferFunctionScriptingTraits (0ms)
		AnalyzeDomain (97ms)
			TypeCache.Refresh (7ms)
				TypeCache.ScanAssembly (0ms)
			BuildScriptInfoCaches (82ms)
			ResolveRequiredComponents (5ms)
	FinalizeReload (376ms)
		ReleaseScriptCaches (0ms)
		RebuildScriptCaches (0ms)
		SetupLoadedEditorAssemblies (282ms)
			LogAssemblyErrors (0ms)
			InitializePlatformSupportModulesInManaged (2ms)
			SetLoadedEditorAssemblies (2ms)
			BeforeProcessingInitializeOnLoad (58ms)
			ProcessInitializeOnLoadAttributes (190ms)
			ProcessInitializeOnLoadMethodAttributes (30ms)
			AfterProcessingInitializeOnLoad (0ms)
			EditorAssembliesLoaded (0ms)
		ExecutionOrderSort2 (0ms)
		AwakeInstancesAfterBackupRestoration (4ms)
Refreshing native plugins compatible for Editor in 0.26 ms, found 2 plugins.
Preloading 0 native plugins for Editor in 0.00 ms.
Unloading 26 Unused Serialized files (Serialized files now loaded: 0)
Unloading 6080 unused Assets / (3.6 MB). Loaded Objects now: 6847.
Memory consumption went from 149.0 MB to 145.4 MB.
Total: 4.915583 ms (FindLiveObjects: 0.296458 ms CreateObjectMapping: 0.139833 ms MarkObjects: 3.255708 ms  DeleteObjects: 1.223375 ms)

Prepare: number of updated asset objects reloaded= 0
========================================================================
Received Prepare
Begin MonoManager ReloadAssembly
Thread 0x16db57000 may have been prematurely finalized
- Loaded All Assemblies, in  0.440 seconds
Refreshing native plugins compatible for Editor in 0.19 ms, found 2 plugins.
Native extension for OSXStandalone target not found
Native extension for WebGL target not found
Mono: successfully reloaded assembly
- Finished resetting the current domain, in  0.359 seconds
Domain Reload Profiling: 803ms
	BeginReloadAssembly (165ms)
		ExecutionOrderSort (0ms)
		DisableScriptedObjects (9ms)
		BackupInstance (0ms)
		ReleaseScriptingObjects (0ms)
		CreateAndSetChildDomain (64ms)
	RebuildCommonClasses (21ms)
	RebuildNativeTypeToScriptingClass (7ms)
	initialDomainReloadingComplete (13ms)
	LoadAllAssembliesAndSetupDomain (238ms)
		LoadAssemblies (161ms)
		RebuildTransferFunctionScriptingTraits (0ms)
		AnalyzeDomain (103ms)
			TypeCache.Refresh (9ms)
				TypeCache.ScanAssembly (0ms)
			BuildScriptInfoCaches (84ms)
			ResolveRequiredComponents (6ms)
	FinalizeReload (359ms)
		ReleaseScriptCaches (0ms)
		RebuildScriptCaches (0ms)
		SetupLoadedEditorAssemblies (257ms)
			LogAssemblyErrors (0ms)
			InitializePlatformSupportModulesInManaged (2ms)
			SetLoadedEditorAssemblies (2ms)
			BeforeProcessingInitializeOnLoad (53ms)
			ProcessInitializeOnLoadAttributes (173ms)
			ProcessInitializeOnLoadMethodAttributes (27ms)
			AfterProcessingInitializeOnLoad (0ms)
			EditorAssembliesLoaded (0ms)
		ExecutionOrderSort2 (0ms)
		AwakeInstancesAfterBackupRestoration (5ms)
Refreshing native plugins compatible for Editor in 0.29 ms, found 2 plugins.
Preloading 0 native plugins for Editor in 0.00 ms.
Unloading 26 Unused Serialized files (Serialized files now loaded: 0)
Unloading 6080 unused Assets / (3.6 MB). Loaded Objects now: 6849.
Memory consumption went from 149.0 MB to 145.4 MB.
Total: 4.799250 ms (FindLiveObjects: 0.287625 ms CreateObjectMapping: 0.107167 ms MarkObjects: 3.236250 ms  DeleteObjects: 1.167667 ms)

Prepare: number of updated asset objects reloaded= 0
========================================================================
Received Prepare
Begin MonoManager ReloadAssembly
Thread 0x16db57000 may have been prematurely finalized
- Loaded All Assemblies, in  0.319 seconds
Refreshing native plugins compatible for Editor in 0.16 ms, found 2 plugins.
Native extension for OSXStandalone target not found
Native extension for WebGL target not found
Mono: successfully reloaded assembly
- Finished resetting the current domain, in  0.377 seconds
Domain Reload Profiling: 698ms
	BeginReloadAssembly (89ms)
		ExecutionOrderSort (0ms)
		DisableScriptedObjects (3ms)
		BackupInstance (0ms)
		ReleaseScriptingObjects (0ms)
		CreateAndSetChildDomain (40ms)
	RebuildCommonClasses (21ms)
	RebuildNativeTypeToScriptingClass (6ms)
	initialDomainReloadingComplete (10ms)
	LoadAllAssembliesAndSetupDomain (195ms)
		LoadAssemblies (125ms)
		RebuildTransferFunctionScriptingTraits (0ms)
		AnalyzeDomain (90ms)
			TypeCache.Refresh (6ms)
				TypeCache.ScanAssembly (0ms)
			BuildScriptInfoCaches (78ms)
			ResolveRequiredComponents (5ms)
	FinalizeReload (377ms)
		ReleaseScriptCaches (0ms)
		RebuildScriptCaches (0ms)
		SetupLoadedEditorAssemblies (280ms)
			LogAssemblyErrors (0ms)
			InitializePlatformSupportModulesInManaged (2ms)
			SetLoadedEditorAssemblies (3ms)
			BeforeProcessingInitializeOnLoad (60ms)
			ProcessInitializeOnLoadAttributes (188ms)
			ProcessInitializeOnLoadMethodAttributes (27ms)
			AfterProcessingInitializeOnLoad (0ms)
			EditorAssembliesLoaded (0ms)
		ExecutionOrderSort2 (0ms)
		AwakeInstancesAfterBackupRestoration (5ms)
Refreshing native plugins compatible for Editor in 0.24 ms, found 2 plugins.
Preloading 0 native plugins for Editor in 0.00 ms.
Unloading 26 Unused Serialized files (Serialized files now loaded: 0)
Unloading 6080 unused Assets / (3.6 MB). Loaded Objects now: 6851.
Memory consumption went from 149.0 MB to 145.4 MB.
Total: 6.199000 ms (FindLiveObjects: 0.285959 ms CreateObjectMapping: 0.114375 ms MarkObjects: 4.041500 ms  DeleteObjects: 1.756708 ms)

Prepare: number of updated asset objects reloaded= 0
========================================================================
Received Prepare
Begin MonoManager ReloadAssembly
Thread 0x16db57000 may have been prematurely finalized
- Loaded All Assemblies, in  0.411 seconds
Refreshing native plugins compatible for Editor in 0.16 ms, found 2 plugins.
Native extension for OSXStandalone target not found
Native extension for WebGL target not found
Mono: successfully reloaded assembly
- Finished resetting the current domain, in  0.380 seconds
Domain Reload Profiling: 793ms
	BeginReloadAssembly (155ms)
		ExecutionOrderSort (0ms)
		DisableScriptedObjects (12ms)
		BackupInstance (0ms)
		ReleaseScriptingObjects (0ms)
		CreateAndSetChildDomain (73ms)
	RebuildCommonClasses (25ms)
	RebuildNativeTypeToScriptingClass (7ms)
	initialDomainReloadingComplete (12ms)
	LoadAllAssembliesAndSetupDomain (214ms)
		LoadAssemblies (151ms)
		RebuildTransferFunctionScriptingTraits (0ms)
		AnalyzeDomain (96ms)
			TypeCache.Refresh (8ms)
				TypeCache.ScanAssembly (0ms)
			BuildScriptInfoCaches (81ms)
			ResolveRequiredComponents (5ms)
	FinalizeReload (381ms)
		ReleaseScriptCaches (0ms)
		RebuildScriptCaches (0ms)
		SetupLoadedEditorAssemblies (279ms)
			LogAssemblyErrors (0ms)
			InitializePlatformSupportModulesInManaged (2ms)
			SetLoadedEditorAssemblies (2ms)
			BeforeProcessingInitializeOnLoad (54ms)
			ProcessInitializeOnLoadAttributes (194ms)
			ProcessInitializeOnLoadMethodAttributes (26ms)
			AfterProcessingInitializeOnLoad (1ms)
			EditorAssembliesLoaded (0ms)
		ExecutionOrderSort2 (0ms)
		AwakeInstancesAfterBackupRestoration (4ms)
Refreshing native plugins compatible for Editor in 0.23 ms, found 2 plugins.
Preloading 0 native plugins for Editor in 0.00 ms.
Unloading 26 Unused Serialized files (Serialized files now loaded: 0)
Unloading 6080 unused Assets / (3.9 MB). Loaded Objects now: 6853.
Memory consumption went from 149.0 MB to 145.2 MB.
Total: 4.382625 ms (FindLiveObjects: 0.285666 ms CreateObjectMapping: 0.108834 ms MarkObjects: 2.985625 ms  DeleteObjects: 1.002292 ms)

Prepare: number of updated asset objects reloaded= 0
========================================================================
Received Prepare
Begin MonoManager ReloadAssembly
Thread 0x16db57000 may have been prematurely finalized
- Loaded All Assemblies, in  0.341 seconds
Refreshing native plugins compatible for Editor in 0.15 ms, found 2 plugins.
Native extension for OSXStandalone target not found
Native extension for WebGL target not found
Mono: successfully reloaded assembly
- Finished resetting the current domain, in  0.366 seconds
Domain Reload Profiling: 709ms
	BeginReloadAssembly (89ms)
		ExecutionOrderSort (0ms)
		DisableScriptedObjects (3ms)
		BackupInstance (0ms)
		ReleaseScriptingObjects (0ms)
		CreateAndSetChildDomain (41ms)
	RebuildCommonClasses (20ms)
	RebuildNativeTypeToScriptingClass (7ms)
	initialDomainReloadingComplete (10ms)
	LoadAllAssembliesAndSetupDomain (217ms)
		LoadAssemblies (144ms)
		RebuildTransferFunctionScriptingTraits (0ms)
		AnalyzeDomain (95ms)
			TypeCache.Refresh (6ms)
				TypeCache.ScanAssembly (0ms)
			BuildScriptInfoCaches (82ms)
			ResolveRequiredComponents (5ms)
	FinalizeReload (366ms)
		ReleaseScriptCaches (0ms)
		RebuildScriptCaches (0ms)
		SetupLoadedEditorAssemblies (272ms)
			LogAssemblyErrors (0ms)
			InitializePlatformSupportModulesInManaged (2ms)
			SetLoadedEditorAssemblies (2ms)
			BeforeProcessingInitializeOnLoad (59ms)
			ProcessInitializeOnLoadAttributes (182ms)
			ProcessInitializeOnLoadMethodAttributes (27ms)
			AfterProcessingInitializeOnLoad (0ms)
			EditorAssembliesLoaded (0ms)
		ExecutionOrderSort2 (0ms)
		AwakeInstancesAfterBackupRestoration (5ms)
Refreshing native plugins compatible for Editor in 0.28 ms, found 2 plugins.
Preloading 0 native plugins for Editor in 0.00 ms.
Unloading 26 Unused Serialized files (Serialized files now loaded: 0)
Unloading 6080 unused Assets / (3.7 MB). Loaded Objects now: 6855.
Memory consumption went from 149.0 MB to 145.3 MB.
Total: 4.869959 ms (FindLiveObjects: 0.347875 ms CreateObjectMapping: 0.119917 ms MarkObjects: 3.243792 ms  DeleteObjects: 1.158167 ms)

Prepare: number of updated asset objects reloaded= 0
========================================================================
Received Prepare
Begin MonoManager ReloadAssembly
Thread 0x16db57000 may have been prematurely finalized
- Loaded All Assemblies, in  0.331 seconds
Refreshing native plugins compatible for Editor in 0.16 ms, found 2 plugins.
Native extension for OSXStandalone target not found
Native extension for WebGL target not found
Mono: successfully reloaded assembly
- Finished resetting the current domain, in  0.371 seconds
Domain Reload Profiling: 704ms
	BeginReloadAssembly (89ms)
		ExecutionOrderSort (0ms)
		DisableScriptedObjects (3ms)
		BackupInstance (0ms)
		ReleaseScriptingObjects (0ms)
		CreateAndSetChildDomain (39ms)
	RebuildCommonClasses (20ms)
	RebuildNativeTypeToScriptingClass (7ms)
	initialDomainReloadingComplete (10ms)
	LoadAllAssembliesAndSetupDomain (207ms)
		LoadAssemblies (136ms)
		RebuildTransferFunctionScriptingTraits (0ms)
		AnalyzeDomain (93ms)
			TypeCache.Refresh (6ms)
				TypeCache.ScanAssembly (0ms)
			BuildScriptInfoCaches (81ms)
			ResolveRequiredComponents (5ms)
	FinalizeReload (372ms)
		ReleaseScriptCaches (0ms)
		RebuildScriptCaches (0ms)
		SetupLoadedEditorAssemblies (277ms)
			LogAssemblyErrors (0ms)
			InitializePlatformSupportModulesInManaged (2ms)
			SetLoadedEditorAssemblies (2ms)
			BeforeProcessingInitializeOnLoad (55ms)
			ProcessInitializeOnLoadAttributes (188ms)
			ProcessInitializeOnLoadMethodAttributes (29ms)
			AfterProcessingInitializeOnLoad (0ms)
			EditorAssembliesLoaded (0ms)
		ExecutionOrderSort2 (0ms)
		AwakeInstancesAfterBackupRestoration (5ms)
Refreshing native plugins compatible for Editor in 0.26 ms, found 2 plugins.
Preloading 0 native plugins for Editor in 0.00 ms.
Unloading 26 Unused Serialized files (Serialized files now loaded: 0)
Unloading 6080 unused Assets / (3.7 MB). Loaded Objects now: 6857.
Memory consumption went from 149.0 MB to 145.4 MB.
Total: 5.042292 ms (FindLiveObjects: 0.292958 ms CreateObjectMapping: 0.115125 ms MarkObjects: 3.162583 ms  DeleteObjects: 1.471042 ms)

Prepare: number of updated asset objects reloaded= 0
========================================================================
Received Prepare
Begin MonoManager ReloadAssembly
Thread 0x16db57000 may have been prematurely finalized
- Loaded All Assemblies, in  0.335 seconds
Refreshing native plugins compatible for Editor in 0.23 ms, found 2 plugins.
Native extension for OSXStandalone target not found
Native extension for WebGL target not found
Mono: successfully reloaded assembly
- Finished resetting the current domain, in  0.376 seconds
Domain Reload Profiling: 713ms
	BeginReloadAssembly (95ms)
		ExecutionOrderSort (0ms)
		DisableScriptedObjects (4ms)
		BackupInstance (0ms)
		ReleaseScriptingObjects (0ms)
		CreateAndSetChildDomain (41ms)
	RebuildCommonClasses (20ms)
	RebuildNativeTypeToScriptingClass (7ms)
	initialDomainReloadingComplete (11ms)
	LoadAllAssembliesAndSetupDomain (203ms)
		LoadAssemblies (134ms)
		RebuildTransferFunctionScriptingTraits (0ms)
		AnalyzeDomain (93ms)
			TypeCache.Refresh (5ms)
				TypeCache.ScanAssembly (0ms)
			BuildScriptInfoCaches (80ms)
			ResolveRequiredComponents (5ms)
	FinalizeReload (376ms)
		ReleaseScriptCaches (0ms)
		RebuildScriptCaches (0ms)
		SetupLoadedEditorAssemblies (279ms)
			LogAssemblyErrors (0ms)
			InitializePlatformSupportModulesInManaged (2ms)
			SetLoadedEditorAssemblies (2ms)
			BeforeProcessingInitializeOnLoad (57ms)
			ProcessInitializeOnLoadAttributes (188ms)
			ProcessInitializeOnLoadMethodAttributes (30ms)
			AfterProcessingInitializeOnLoad (0ms)
			EditorAssembliesLoaded (0ms)
		ExecutionOrderSort2 (0ms)
		AwakeInstancesAfterBackupRestoration (5ms)
Refreshing native plugins compatible for Editor in 0.31 ms, found 2 plugins.
Preloading 0 native plugins for Editor in 0.00 ms.
Unloading 26 Unused Serialized files (Serialized files now loaded: 0)
Unloading 6080 unused Assets / (3.5 MB). Loaded Objects now: 6859.
Memory consumption went from 149.0 MB to 145.5 MB.
Total: 5.051542 ms (FindLiveObjects: 0.306041 ms CreateObjectMapping: 0.098792 ms MarkObjects: 3.375292 ms  DeleteObjects: 1.271209 ms)

Prepare: number of updated asset objects reloaded= 0
========================================================================
Received Prepare
Begin MonoManager ReloadAssembly
Thread 0x16db57000 may have been prematurely finalized
- Loaded All Assemblies, in  0.339 seconds
Refreshing native plugins compatible for Editor in 0.20 ms, found 2 plugins.
Native extension for OSXStandalone target not found
Native extension for WebGL target not found
Mono: successfully reloaded assembly
- Finished resetting the current domain, in  0.404 seconds
Domain Reload Profiling: 746ms
	BeginReloadAssembly (91ms)
		ExecutionOrderSort (0ms)
		DisableScriptedObjects (3ms)
		BackupInstance (0ms)
		ReleaseScriptingObjects (0ms)
		CreateAndSetChildDomain (42ms)
	RebuildCommonClasses (19ms)
	RebuildNativeTypeToScriptingClass (7ms)
	initialDomainReloadingComplete (10ms)
	LoadAllAssembliesAndSetupDomain (215ms)
		LoadAssemblies (141ms)
		RebuildTransferFunctionScriptingTraits (0ms)
		AnalyzeDomain (95ms)
			TypeCache.Refresh (6ms)
				TypeCache.ScanAssembly (0ms)
			BuildScriptInfoCaches (82ms)
			ResolveRequiredComponents (5ms)
	FinalizeReload (405ms)
		ReleaseScriptCaches (0ms)
		RebuildScriptCaches (0ms)
		SetupLoadedEditorAssemblies (307ms)
			LogAssemblyErrors (0ms)
			InitializePlatformSupportModulesInManaged (2ms)
			SetLoadedEditorAssemblies (2ms)
			BeforeProcessingInitializeOnLoad (59ms)
			ProcessInitializeOnLoadAttributes (208ms)
			ProcessInitializeOnLoadMethodAttributes (35ms)
			AfterProcessingInitializeOnLoad (1ms)
			EditorAssembliesLoaded (0ms)
		ExecutionOrderSort2 (0ms)
		AwakeInstancesAfterBackupRestoration (6ms)
Refreshing native plugins compatible for Editor in 0.25 ms, found 2 plugins.
Preloading 0 native plugins for Editor in 0.00 ms.
Unloading 26 Unused Serialized files (Serialized files now loaded: 0)
Unloading 6080 unused Assets / (4.3 MB). Loaded Objects now: 6861.
Memory consumption went from 149.0 MB to 144.8 MB.
Total: 5.741916 ms (FindLiveObjects: 0.339583 ms CreateObjectMapping: 0.110417 ms MarkObjects: 3.759708 ms  DeleteObjects: 1.531833 ms)

Prepare: number of updated asset objects reloaded= 0
========================================================================
Received Import Request.
  Time since last request: 3832.510997 seconds.
  path: Assets/TextMesh Pro/Resources/Fonts & Materials/LiberationSans SDF - Fallback.asset
  artifactKey: Guid(2e498d1c8094910479dc3e1b768306a4) Importer(815301076,1909f56bfc062723c751e8b465ee728b)
Start importing Assets/TextMesh Pro/Resources/Fonts & Materials/LiberationSans SDF - Fallback.asset using Guid(2e498d1c8094910479dc3e1b768306a4) Importer(815301076,1909f56bfc062723c751e8b465ee728b) (PreviewImporter) -> (artifact id: '15f726045f3ef3e6812cbb4a7423d4f4') in 0.523579375 seconds
Number of updated asset objects reloaded before import = 0Number of asset objects unloaded after import = 6

========================================================================
Received Prepare
Begin MonoManager ReloadAssembly
Thread 0x16db57000 may have been prematurely finalized
- Loaded All Assemblies, in  0.354 seconds
Refreshing native plugins compatible for Editor in 0.15 ms, found 2 plugins.
Native extension for OSXStandalone target not found
Native extension for WebGL target not found
Mono: successfully reloaded assembly
- Finished resetting the current domain, in  0.379 seconds
Domain Reload Profiling: 736ms
	BeginReloadAssembly (107ms)
		ExecutionOrderSort (0ms)
		DisableScriptedObjects (9ms)
		BackupInstance (0ms)
		ReleaseScriptingObjects (0ms)
		CreateAndSetChildDomain (50ms)
	RebuildCommonClasses (20ms)
	RebuildNativeTypeToScriptingClass (7ms)
	initialDomainReloadingComplete (11ms)
	LoadAllAssembliesAndSetupDomain (211ms)
		LoadAssemblies (139ms)
		RebuildTransferFunctionScriptingTraits (0ms)
		AnalyzeDomain (94ms)
			TypeCache.Refresh (6ms)
				TypeCache.ScanAssembly (0ms)
			BuildScriptInfoCaches (81ms)
			ResolveRequiredComponents (5ms)
	FinalizeReload (379ms)
		ReleaseScriptCaches (0ms)
		RebuildScriptCaches (0ms)
		SetupLoadedEditorAssemblies (284ms)
			LogAssemblyErrors (0ms)
			InitializePlatformSupportModulesInManaged (2ms)
			SetLoadedEditorAssemblies (2ms)
			BeforeProcessingInitializeOnLoad (58ms)
			ProcessInitializeOnLoadAttributes (191ms)
			ProcessInitializeOnLoadMethodAttributes (30ms)
			AfterProcessingInitializeOnLoad (0ms)
			EditorAssembliesLoaded (0ms)
		ExecutionOrderSort2 (0ms)
		AwakeInstancesAfterBackupRestoration (5ms)
Refreshing native plugins compatible for Editor in 0.30 ms, found 2 plugins.
Preloading 0 native plugins for Editor in 0.00 ms.
Unloading 26 Unused Serialized files (Serialized files now loaded: 0)
Unloading 6080 unused Assets / (3.6 MB). Loaded Objects now: 6929.
Memory consumption went from 158.6 MB to 155.0 MB.
Total: 5.606333 ms (FindLiveObjects: 0.366125 ms CreateObjectMapping: 0.111125 ms MarkObjects: 3.673292 ms  DeleteObjects: 1.455292 ms)

Prepare: number of updated asset objects reloaded= 0
========================================================================
Received Prepare
Begin MonoManager ReloadAssembly
Thread 0x16db57000 may have been prematurely finalized
- Loaded All Assemblies, in  0.340 seconds
Refreshing native plugins compatible for Editor in 0.20 ms, found 2 plugins.
Native extension for OSXStandalone target not found
Native extension for WebGL target not found
Mono: successfully reloaded assembly
- Finished resetting the current domain, in  0.367 seconds
Domain Reload Profiling: 709ms
	BeginReloadAssembly (89ms)
		ExecutionOrderSort (0ms)
		DisableScriptedObjects (3ms)
		BackupInstance (0ms)
		ReleaseScriptingObjects (0ms)
		CreateAndSetChildDomain (39ms)
	RebuildCommonClasses (20ms)
	RebuildNativeTypeToScriptingClass (7ms)
	initialDomainReloadingComplete (10ms)
	LoadAllAssembliesAndSetupDomain (216ms)
		LoadAssemblies (144ms)
		RebuildTransferFunctionScriptingTraits (0ms)
		AnalyzeDomain (94ms)
			TypeCache.Refresh (6ms)
				TypeCache.ScanAssembly (0ms)
			BuildScriptInfoCaches (81ms)
			ResolveRequiredComponents (6ms)
	FinalizeReload (368ms)
		ReleaseScriptCaches (0ms)
		RebuildScriptCaches (0ms)
		SetupLoadedEditorAssemblies (276ms)
			LogAssemblyErrors (0ms)
			InitializePlatformSupportModulesInManaged (2ms)
			SetLoadedEditorAssemblies (2ms)
			BeforeProcessingInitializeOnLoad (51ms)
			ProcessInitializeOnLoadAttributes (190ms)
			ProcessInitializeOnLoadMethodAttributes (30ms)
			AfterProcessingInitializeOnLoad (1ms)
			EditorAssembliesLoaded (0ms)
		ExecutionOrderSort2 (0ms)
		AwakeInstancesAfterBackupRestoration (4ms)
Refreshing native plugins compatible for Editor in 0.26 ms, found 2 plugins.
Preloading 0 native plugins for Editor in 0.00 ms.
Unloading 26 Unused Serialized files (Serialized files now loaded: 0)
Unloading 6080 unused Assets / (3.7 MB). Loaded Objects now: 6931.
Memory consumption went from 155.9 MB to 152.3 MB.
Total: 4.895375 ms (FindLiveObjects: 0.356208 ms CreateObjectMapping: 0.116583 ms MarkObjects: 3.143959 ms  DeleteObjects: 1.278500 ms)

Prepare: number of updated asset objects reloaded= 0
========================================================================
Received Prepare
Begin MonoManager ReloadAssembly
Thread 0x16db57000 may have been prematurely finalized
- Loaded All Assemblies, in  0.310 seconds
Refreshing native plugins compatible for Editor in 0.21 ms, found 2 plugins.
Native extension for OSXStandalone target not found
Native extension for WebGL target not found
Mono: successfully reloaded assembly
- Finished resetting the current domain, in  0.360 seconds
Domain Reload Profiling: 673ms
	BeginReloadAssembly (90ms)
		ExecutionOrderSort (0ms)
		DisableScriptedObjects (3ms)
		BackupInstance (0ms)
		ReleaseScriptingObjects (0ms)
		CreateAndSetChildDomain (41ms)
	RebuildCommonClasses (20ms)
	RebuildNativeTypeToScriptingClass (7ms)
	initialDomainReloadingComplete (10ms)
	LoadAllAssembliesAndSetupDomain (186ms)
		LoadAssemblies (116ms)
		RebuildTransferFunctionScriptingTraits (0ms)
		AnalyzeDomain (91ms)
			TypeCache.Refresh (5ms)
				TypeCache.ScanAssembly (0ms)
			BuildScriptInfoCaches (79ms)
			ResolveRequiredComponents (5ms)
	FinalizeReload (360ms)
		ReleaseScriptCaches (0ms)
		RebuildScriptCaches (0ms)
		SetupLoadedEditorAssemblies (267ms)
			LogAssemblyErrors (0ms)
			InitializePlatformSupportModulesInManaged (2ms)
			SetLoadedEditorAssemblies (2ms)
			BeforeProcessingInitializeOnLoad (53ms)
			ProcessInitializeOnLoadAttributes (182ms)
			ProcessInitializeOnLoadMethodAttributes (27ms)
			AfterProcessingInitializeOnLoad (0ms)
			EditorAssembliesLoaded (0ms)
		ExecutionOrderSort2 (0ms)
		AwakeInstancesAfterBackupRestoration (5ms)
Refreshing native plugins compatible for Editor in 0.24 ms, found 2 plugins.
Preloading 0 native plugins for Editor in 0.00 ms.
Unloading 26 Unused Serialized files (Serialized files now loaded: 0)
Unloading 6080 unused Assets / (3.7 MB). Loaded Objects now: 6933.
Memory consumption went from 155.9 MB to 152.2 MB.
Total: 5.477667 ms (FindLiveObjects: 0.344000 ms CreateObjectMapping: 0.173833 ms MarkObjects: 3.308834 ms  DeleteObjects: 1.650625 ms)

Prepare: number of updated asset objects reloaded= 0
========================================================================
Received Prepare
Begin MonoManager ReloadAssembly
Thread 0x16db57000 may have been prematurely finalized
- Loaded All Assemblies, in  0.343 seconds
Refreshing native plugins compatible for Editor in 0.16 ms, found 2 plugins.
Native extension for OSXStandalone target not found
Native extension for WebGL target not found
Mono: successfully reloaded assembly
- Finished resetting the current domain, in  0.393 seconds
Domain Reload Profiling: 739ms
	BeginReloadAssembly (95ms)
		ExecutionOrderSort (0ms)
		DisableScriptedObjects (3ms)
		BackupInstance (0ms)
		ReleaseScriptingObjects (0ms)
		CreateAndSetChildDomain (43ms)
	RebuildCommonClasses (20ms)
	RebuildNativeTypeToScriptingClass (7ms)
	initialDomainReloadingComplete (11ms)
	LoadAllAssembliesAndSetupDomain (213ms)
		LoadAssemblies (141ms)
		RebuildTransferFunctionScriptingTraits (0ms)
		AnalyzeDomain (95ms)
			TypeCache.Refresh (7ms)
				TypeCache.ScanAssembly (0ms)
			BuildScriptInfoCaches (80ms)
			ResolveRequiredComponents (5ms)
	FinalizeReload (393ms)
		ReleaseScriptCaches (0ms)
		RebuildScriptCaches (0ms)
		SetupLoadedEditorAssemblies (299ms)
			LogAssemblyErrors (0ms)
			InitializePlatformSupportModulesInManaged (2ms)
			SetLoadedEditorAssemblies (2ms)
			BeforeProcessingInitializeOnLoad (58ms)
			ProcessInitializeOnLoadAttributes (208ms)
			ProcessInitializeOnLoadMethodAttributes (28ms)
			AfterProcessingInitializeOnLoad (0ms)
			EditorAssembliesLoaded (0ms)
		ExecutionOrderSort2 (0ms)
		AwakeInstancesAfterBackupRestoration (5ms)
Refreshing native plugins compatible for Editor in 0.24 ms, found 2 plugins.
Preloading 0 native plugins for Editor in 0.00 ms.
Unloading 26 Unused Serialized files (Serialized files now loaded: 0)
Unloading 6080 unused Assets / (3.5 MB). Loaded Objects now: 6935.
Memory consumption went from 155.9 MB to 152.4 MB.
Total: 5.007292 ms (FindLiveObjects: 0.304583 ms CreateObjectMapping: 0.112833 ms MarkObjects: 3.493208 ms  DeleteObjects: 1.096459 ms)

Prepare: number of updated asset objects reloaded= 0
========================================================================
Received Prepare
Begin MonoManager ReloadAssembly
Thread 0x16db57000 may have been prematurely finalized
- Loaded All Assemblies, in  0.361 seconds
Refreshing native plugins compatible for Editor in 0.19 ms, found 2 plugins.
Native extension for OSXStandalone target not found
Native extension for WebGL target not found
Mono: successfully reloaded assembly
- Finished resetting the current domain, in  0.398 seconds
Domain Reload Profiling: 761ms
	BeginReloadAssembly (113ms)
		ExecutionOrderSort (0ms)
		DisableScriptedObjects (4ms)
		BackupInstance (0ms)
		ReleaseScriptingObjects (0ms)
		CreateAndSetChildDomain (57ms)
	RebuildCommonClasses (20ms)
	RebuildNativeTypeToScriptingClass (7ms)
	initialDomainReloadingComplete (10ms)
	LoadAllAssembliesAndSetupDomain (214ms)
		LoadAssemblies (142ms)
		RebuildTransferFunctionScriptingTraits (0ms)
		AnalyzeDomain (97ms)
			TypeCache.Refresh (6ms)
				TypeCache.ScanAssembly (0ms)
			BuildScriptInfoCaches (83ms)
			ResolveRequiredComponents (5ms)
	FinalizeReload (398ms)
		ReleaseScriptCaches (0ms)
		RebuildScriptCaches (0ms)
		SetupLoadedEditorAssemblies (303ms)
			LogAssemblyErrors (0ms)
			InitializePlatformSupportModulesInManaged (2ms)
			SetLoadedEditorAssemblies (2ms)
			BeforeProcessingInitializeOnLoad (58ms)
			ProcessInitializeOnLoadAttributes (212ms)
			ProcessInitializeOnLoadMethodAttributes (27ms)
			AfterProcessingInitializeOnLoad (1ms)
			EditorAssembliesLoaded (0ms)
		ExecutionOrderSort2 (0ms)
		AwakeInstancesAfterBackupRestoration (4ms)
Refreshing native plugins compatible for Editor in 0.33 ms, found 2 plugins.
Preloading 0 native plugins for Editor in 0.00 ms.
Unloading 26 Unused Serialized files (Serialized files now loaded: 0)
Unloading 6080 unused Assets / (3.7 MB). Loaded Objects now: 6937.
Memory consumption went from 155.9 MB to 152.2 MB.
Total: 5.187958 ms (FindLiveObjects: 0.388709 ms CreateObjectMapping: 0.150500 ms MarkObjects: 3.353084 ms  DeleteObjects: 1.295500 ms)

Prepare: number of updated asset objects reloaded= 0
========================================================================
Received Prepare
Begin MonoManager ReloadAssembly
Thread 0x16db57000 may have been prematurely finalized
- Loaded All Assemblies, in  0.332 seconds
Refreshing native plugins compatible for Editor in 0.19 ms, found 2 plugins.
Native extension for OSXStandalone target not found
Native extension for WebGL target not found
Mono: successfully reloaded assembly
- Finished resetting the current domain, in  0.363 seconds
Domain Reload Profiling: 697ms
	BeginReloadAssembly (90ms)
		ExecutionOrderSort (0ms)
		DisableScriptedObjects (3ms)
		BackupInstance (0ms)
		ReleaseScriptingObjects (0ms)
		CreateAndSetChildDomain (40ms)
	RebuildCommonClasses (19ms)
	RebuildNativeTypeToScriptingClass (7ms)
	initialDomainReloadingComplete (11ms)
	LoadAllAssembliesAndSetupDomain (207ms)
		LoadAssemblies (134ms)
		RebuildTransferFunctionScriptingTraits (0ms)
		AnalyzeDomain (95ms)
			TypeCache.Refresh (6ms)
				TypeCache.ScanAssembly (0ms)
			BuildScriptInfoCaches (81ms)
			ResolveRequiredComponents (5ms)
	FinalizeReload (363ms)
		ReleaseScriptCaches (0ms)
		RebuildScriptCaches (0ms)
		SetupLoadedEditorAssemblies (270ms)
			LogAssemblyErrors (0ms)
			InitializePlatformSupportModulesInManaged (2ms)
			SetLoadedEditorAssemblies (2ms)
			BeforeProcessingInitializeOnLoad (53ms)
			ProcessInitializeOnLoadAttributes (186ms)
			ProcessInitializeOnLoadMethodAttributes (26ms)
			AfterProcessingInitializeOnLoad (0ms)
			EditorAssembliesLoaded (0ms)
		ExecutionOrderSort2 (0ms)
		AwakeInstancesAfterBackupRestoration (4ms)
Refreshing native plugins compatible for Editor in 0.25 ms, found 2 plugins.
Preloading 0 native plugins for Editor in 0.00 ms.
Unloading 26 Unused Serialized files (Serialized files now loaded: 0)
Unloading 6080 unused Assets / (4.2 MB). Loaded Objects now: 6939.
Memory consumption went from 155.9 MB to 151.7 MB.
Total: 4.666334 ms (FindLiveObjects: 0.271500 ms CreateObjectMapping: 0.110792 ms MarkObjects: 3.134208 ms  DeleteObjects: 1.149458 ms)

Prepare: number of updated asset objects reloaded= 0
========================================================================
Received Prepare
Begin MonoManager ReloadAssembly
Thread 0x16db57000 may have been prematurely finalized
- Loaded All Assemblies, in  0.320 seconds
Refreshing native plugins compatible for Editor in 0.16 ms, found 2 plugins.
Native extension for OSXStandalone target not found
Native extension for WebGL target not found
Mono: successfully reloaded assembly
- Finished resetting the current domain, in  0.364 seconds
Domain Reload Profiling: 686ms
	BeginReloadAssembly (90ms)
		ExecutionOrderSort (0ms)
		DisableScriptedObjects (3ms)
		BackupInstance (0ms)
		ReleaseScriptingObjects (0ms)
		CreateAndSetChildDomain (41ms)
	RebuildCommonClasses (20ms)
	RebuildNativeTypeToScriptingClass (6ms)
	initialDomainReloadingComplete (10ms)
	LoadAllAssembliesAndSetupDomain (195ms)
		LoadAssemblies (122ms)
		RebuildTransferFunctionScriptingTraits (0ms)
		AnalyzeDomain (94ms)
			TypeCache.Refresh (6ms)
				TypeCache.ScanAssembly (0ms)
			BuildScriptInfoCaches (81ms)
			ResolveRequiredComponents (5ms)
	FinalizeReload (364ms)
		ReleaseScriptCaches (0ms)
		RebuildScriptCaches (0ms)
		SetupLoadedEditorAssemblies (269ms)
			LogAssemblyErrors (0ms)
			InitializePlatformSupportModulesInManaged (2ms)
			SetLoadedEditorAssemblies (2ms)
			BeforeProcessingInitializeOnLoad (54ms)
			ProcessInitializeOnLoadAttributes (182ms)
			ProcessInitializeOnLoadMethodAttributes (28ms)
			AfterProcessingInitializeOnLoad (0ms)
			EditorAssembliesLoaded (0ms)
		ExecutionOrderSort2 (0ms)
		AwakeInstancesAfterBackupRestoration (4ms)
Refreshing native plugins compatible for Editor in 0.19 ms, found 2 plugins.
Preloading 0 native plugins for Editor in 0.00 ms.
Unloading 26 Unused Serialized files (Serialized files now loaded: 0)
Unloading 6080 unused Assets / (3.6 MB). Loaded Objects now: 6941.
Memory consumption went from 156.0 MB to 152.4 MB.
Total: 5.054000 ms (FindLiveObjects: 0.655500 ms CreateObjectMapping: 0.179541 ms MarkObjects: 2.984375 ms  DeleteObjects: 1.234500 ms)

Prepare: number of updated asset objects reloaded= 0
========================================================================
Received Prepare
Begin MonoManager ReloadAssembly
Thread 0x16db57000 may have been prematurely finalized
- Loaded All Assemblies, in  0.330 seconds
Refreshing native plugins compatible for Editor in 0.16 ms, found 2 plugins.
Native extension for OSXStandalone target not found
Native extension for WebGL target not found
Mono: successfully reloaded assembly
- Finished resetting the current domain, in  0.361 seconds
Domain Reload Profiling: 694ms
	BeginReloadAssembly (91ms)
		ExecutionOrderSort (0ms)
		DisableScriptedObjects (3ms)
		BackupInstance (0ms)
		ReleaseScriptingObjects (0ms)
		CreateAndSetChildDomain (41ms)
	RebuildCommonClasses (19ms)
	RebuildNativeTypeToScriptingClass (7ms)
	initialDomainReloadingComplete (11ms)
	LoadAllAssembliesAndSetupDomain (205ms)
		LoadAssemblies (133ms)
		RebuildTransferFunctionScriptingTraits (0ms)
		AnalyzeDomain (93ms)
			TypeCache.Refresh (5ms)
				TypeCache.ScanAssembly (0ms)
			BuildScriptInfoCaches (81ms)
			ResolveRequiredComponents (5ms)
	FinalizeReload (361ms)
		ReleaseScriptCaches (0ms)
		RebuildScriptCaches (0ms)
		SetupLoadedEditorAssemblies (268ms)
			LogAssemblyErrors (0ms)
			InitializePlatformSupportModulesInManaged (2ms)
			SetLoadedEditorAssemblies (2ms)
			BeforeProcessingInitializeOnLoad (51ms)
			ProcessInitializeOnLoadAttributes (186ms)
			ProcessInitializeOnLoadMethodAttributes (27ms)
			AfterProcessingInitializeOnLoad (0ms)
			EditorAssembliesLoaded (0ms)
		ExecutionOrderSort2 (0ms)
		AwakeInstancesAfterBackupRestoration (4ms)
Refreshing native plugins compatible for Editor in 0.26 ms, found 2 plugins.
Preloading 0 native plugins for Editor in 0.00 ms.
Unloading 26 Unused Serialized files (Serialized files now loaded: 0)
Unloading 6080 unused Assets / (3.6 MB). Loaded Objects now: 6943.
Memory consumption went from 156.0 MB to 152.4 MB.
Total: 4.903000 ms (FindLiveObjects: 0.296000 ms CreateObjectMapping: 0.111292 ms MarkObjects: 3.242083 ms  DeleteObjects: 1.253375 ms)

Prepare: number of updated asset objects reloaded= 0
========================================================================
Received Prepare
Begin MonoManager ReloadAssembly
Thread 0x16db57000 may have been prematurely finalized
- Loaded All Assemblies, in  0.330 seconds
Refreshing native plugins compatible for Editor in 0.19 ms, found 2 plugins.
Native extension for OSXStandalone target not found
Native extension for WebGL target not found
Mono: successfully reloaded assembly
- Finished resetting the current domain, in  0.365 seconds
Domain Reload Profiling: 697ms
	BeginReloadAssembly (91ms)
		ExecutionOrderSort (0ms)
		DisableScriptedObjects (3ms)
		BackupInstance (0ms)
		ReleaseScriptingObjects (0ms)
		CreateAndSetChildDomain (42ms)
	RebuildCommonClasses (19ms)
	RebuildNativeTypeToScriptingClass (7ms)
	initialDomainReloadingComplete (10ms)
	LoadAllAssembliesAndSetupDomain (204ms)
		LoadAssemblies (131ms)
		RebuildTransferFunctionScriptingTraits (0ms)
		AnalyzeDomain (94ms)
			TypeCache.Refresh (6ms)
				TypeCache.ScanAssembly (0ms)
			BuildScriptInfoCaches (81ms)
			ResolveRequiredComponents (5ms)
	FinalizeReload (365ms)
		ReleaseScriptCaches (0ms)
		RebuildScriptCaches (0ms)
		SetupLoadedEditorAssemblies (272ms)
			LogAssemblyErrors (0ms)
			InitializePlatformSupportModulesInManaged (2ms)
			SetLoadedEditorAssemblies (2ms)
			BeforeProcessingInitializeOnLoad (55ms)
			ProcessInitializeOnLoadAttributes (185ms)
			ProcessInitializeOnLoadMethodAttributes (28ms)
			AfterProcessingInitializeOnLoad (0ms)
			EditorAssembliesLoaded (0ms)
		ExecutionOrderSort2 (0ms)
		AwakeInstancesAfterBackupRestoration (4ms)
Refreshing native plugins compatible for Editor in 0.24 ms, found 2 plugins.
Preloading 0 native plugins for Editor in 0.00 ms.
Unloading 26 Unused Serialized files (Serialized files now loaded: 0)
Unloading 6080 unused Assets / (3.6 MB). Loaded Objects now: 6945.
Memory consumption went from 156.0 MB to 152.3 MB.
Total: 4.936333 ms (FindLiveObjects: 0.319625 ms CreateObjectMapping: 0.115042 ms MarkObjects: 3.326958 ms  DeleteObjects: 1.174208 ms)

Prepare: number of updated asset objects reloaded= 0
========================================================================
Received Prepare
Begin MonoManager ReloadAssembly
Thread 0x16db57000 may have been prematurely finalized
- Loaded All Assemblies, in  0.447 seconds
Refreshing native plugins compatible for Editor in 0.16 ms, found 2 plugins.
Native extension for OSXStandalone target not found
Native extension for WebGL target not found
Mono: successfully reloaded assembly
- Finished resetting the current domain, in  0.380 seconds
Domain Reload Profiling: 830ms
	BeginReloadAssembly (162ms)
		ExecutionOrderSort (0ms)
		DisableScriptedObjects (7ms)
		BackupInstance (0ms)
		ReleaseScriptingObjects (0ms)
		CreateAndSetChildDomain (69ms)
	RebuildCommonClasses (24ms)
	RebuildNativeTypeToScriptingClass (7ms)
	initialDomainReloadingComplete (16ms)
	LoadAllAssembliesAndSetupDomain (241ms)
		LoadAssemblies (179ms)
		RebuildTransferFunctionScriptingTraits (0ms)
		AnalyzeDomain (110ms)
			TypeCache.Refresh (9ms)
				TypeCache.ScanAssembly (0ms)
			BuildScriptInfoCaches (92ms)
			ResolveRequiredComponents (6ms)
	FinalizeReload (380ms)
		ReleaseScriptCaches (0ms)
		RebuildScriptCaches (0ms)
		SetupLoadedEditorAssemblies (257ms)
			LogAssemblyErrors (0ms)
			InitializePlatformSupportModulesInManaged (2ms)
			SetLoadedEditorAssemblies (3ms)
			BeforeProcessingInitializeOnLoad (54ms)
			ProcessInitializeOnLoadAttributes (173ms)
			ProcessInitializeOnLoadMethodAttributes (25ms)
			AfterProcessingInitializeOnLoad (1ms)
			EditorAssembliesLoaded (0ms)
		ExecutionOrderSort2 (0ms)
		AwakeInstancesAfterBackupRestoration (4ms)
Refreshing native plugins compatible for Editor in 0.23 ms, found 2 plugins.
Preloading 0 native plugins for Editor in 0.00 ms.
Unloading 26 Unused Serialized files (Serialized files now loaded: 0)
Unloading 6080 unused Assets / (4.3 MB). Loaded Objects now: 6947.
Memory consumption went from 156.0 MB to 151.7 MB.
Total: 4.269541 ms (FindLiveObjects: 0.292750 ms CreateObjectMapping: 0.102833 ms MarkObjects: 2.803208 ms  DeleteObjects: 1.070250 ms)

Prepare: number of updated asset objects reloaded= 0
========================================================================
Received Prepare
Refreshing native plugins compatible for Editor in 0.24 ms, found 2 plugins.
Preloading 0 native plugins for Editor in 0.00 ms.
Unloading 26 Unused Serialized files (Serialized files now loaded: 0)
Unloading 6074 unused Assets / (4.1 MB). Loaded Objects now: 6948.
Memory consumption went from 150.8 MB to 146.7 MB.
Total: 4.261542 ms (FindLiveObjects: 0.285750 ms CreateObjectMapping: 0.105417 ms MarkObjects: 2.853791 ms  DeleteObjects: 1.016209 ms)

Prepare: number of updated asset objects reloaded= 0
========================================================================
Received Prepare
Begin MonoManager ReloadAssembly
Thread 0x16db57000 may have been prematurely finalized
- Loaded All Assemblies, in  0.334 seconds
Refreshing native plugins compatible for Editor in 0.20 ms, found 2 plugins.
Native extension for OSXStandalone target not found
Native extension for WebGL target not found
Mono: successfully reloaded assembly
- Finished resetting the current domain, in  0.390 seconds
Domain Reload Profiling: 726ms
	BeginReloadAssembly (91ms)
		ExecutionOrderSort (0ms)
		DisableScriptedObjects (3ms)
		BackupInstance (0ms)
		ReleaseScriptingObjects (0ms)
		CreateAndSetChildDomain (42ms)
	RebuildCommonClasses (20ms)
	RebuildNativeTypeToScriptingClass (7ms)
	initialDomainReloadingComplete (10ms)
	LoadAllAssembliesAndSetupDomain (209ms)
		LoadAssemblies (136ms)
		RebuildTransferFunctionScriptingTraits (0ms)
		AnalyzeDomain (95ms)
			TypeCache.Refresh (8ms)
				TypeCache.ScanAssembly (0ms)
			BuildScriptInfoCaches (80ms)
			ResolveRequiredComponents (5ms)
	FinalizeReload (390ms)
		ReleaseScriptCaches (0ms)
		RebuildScriptCaches (0ms)
		SetupLoadedEditorAssemblies (293ms)
			LogAssemblyErrors (0ms)
			InitializePlatformSupportModulesInManaged (2ms)
			SetLoadedEditorAssemblies (2ms)
			BeforeProcessingInitializeOnLoad (52ms)
			ProcessInitializeOnLoadAttributes (206ms)
			ProcessInitializeOnLoadMethodAttributes (31ms)
			AfterProcessingInitializeOnLoad (0ms)
			EditorAssembliesLoaded (0ms)
		ExecutionOrderSort2 (0ms)
		AwakeInstancesAfterBackupRestoration (6ms)
Refreshing native plugins compatible for Editor in 0.25 ms, found 2 plugins.
Preloading 0 native plugins for Editor in 0.00 ms.
Unloading 26 Unused Serialized files (Serialized files now loaded: 0)
Unloading 6081 unused Assets / (3.8 MB). Loaded Objects now: 6950.
Memory consumption went from 156.0 MB to 152.2 MB.
Total: 5.029833 ms (FindLiveObjects: 0.318500 ms CreateObjectMapping: 0.151250 ms MarkObjects: 3.212791 ms  DeleteObjects: 1.346833 ms)

Prepare: number of updated asset objects reloaded= 0
========================================================================
Received Import Request.
  Time since last request: 1183.812715 seconds.
  path: Assets/Scripts/BodyFocusFadeInOut.cs
  artifactKey: Guid(d0bf5f7ae3dd64f57964ee2fec19941b) Importer(815301076,1909f56bfc062723c751e8b465ee728b)
Start importing Assets/Scripts/BodyFocusFadeInOut.cs using Guid(d0bf5f7ae3dd64f57964ee2fec19941b) Importer(815301076,1909f56bfc062723c751e8b465ee728b) (PreviewImporter) -> (artifact id: 'de7a0e2b9603df3f8fe1f150f84b1b6f') in 0.001348 seconds
Number of updated asset objects reloaded before import = 0Number of asset objects unloaded after import = 0

========================================================================
Received Prepare
Begin MonoManager ReloadAssembly
Thread 0x16db57000 may have been prematurely finalized
- Loaded All Assemblies, in  0.423 seconds
Refreshing native plugins compatible for Editor in 0.18 ms, found 2 plugins.
Native extension for OSXStandalone target not found
Native extension for WebGL target not found
Mono: successfully reloaded assembly
- Finished resetting the current domain, in  0.380 seconds
Domain Reload Profiling: 806ms
	BeginReloadAssembly (133ms)
		ExecutionOrderSort (0ms)
		DisableScriptedObjects (9ms)
		BackupInstance (0ms)
		ReleaseScriptingObjects (0ms)
		CreateAndSetChildDomain (52ms)
	RebuildCommonClasses (32ms)
	RebuildNativeTypeToScriptingClass (7ms)
	initialDomainReloadingComplete (19ms)
	LoadAllAssembliesAndSetupDomain (233ms)
		LoadAssemblies (159ms)
		RebuildTransferFunctionScriptingTraits (0ms)
		AnalyzeDomain (102ms)
			TypeCache.Refresh (11ms)
				TypeCache.ScanAssembly (0ms)
			BuildScriptInfoCaches (83ms)
			ResolveRequiredComponents (5ms)
	FinalizeReload (381ms)
		ReleaseScriptCaches (0ms)
		RebuildScriptCaches (0ms)
		SetupLoadedEditorAssemblies (282ms)
			LogAssemblyErrors (0ms)
			InitializePlatformSupportModulesInManaged (2ms)
			SetLoadedEditorAssemblies (3ms)
			BeforeProcessingInitializeOnLoad (62ms)
			ProcessInitializeOnLoadAttributes (185ms)
			ProcessInitializeOnLoadMethodAttributes (29ms)
			AfterProcessingInitializeOnLoad (1ms)
			EditorAssembliesLoaded (0ms)
		ExecutionOrderSort2 (0ms)
		AwakeInstancesAfterBackupRestoration (5ms)
Refreshing native plugins compatible for Editor in 0.25 ms, found 2 plugins.
Preloading 0 native plugins for Editor in 0.00 ms.
Unloading 26 Unused Serialized files (Serialized files now loaded: 0)
Unloading 6081 unused Assets / (4.0 MB). Loaded Objects now: 6952.
Memory consumption went from 156.0 MB to 152.0 MB.
Total: 4.656292 ms (FindLiveObjects: 0.297000 ms CreateObjectMapping: 0.108500 ms MarkObjects: 3.109041 ms  DeleteObjects: 1.141500 ms)

Prepare: number of updated asset objects reloaded= 0
========================================================================
Received Prepare
Begin MonoManager ReloadAssembly
Thread 0x16db57000 may have been prematurely finalized
- Loaded All Assemblies, in  0.441 seconds
Refreshing native plugins compatible for Editor in 0.16 ms, found 2 plugins.
Native extension for OSXStandalone target not found
Native extension for WebGL target not found
Mono: successfully reloaded assembly
- Finished resetting the current domain, in  0.435 seconds
Domain Reload Profiling: 878ms
	BeginReloadAssembly (187ms)
		ExecutionOrderSort (0ms)
		DisableScriptedObjects (31ms)
		BackupInstance (0ms)
		ReleaseScriptingObjects (0ms)
		CreateAndSetChildDomain (74ms)
	RebuildCommonClasses (21ms)
	RebuildNativeTypeToScriptingClass (8ms)
	initialDomainReloadingComplete (11ms)
	LoadAllAssembliesAndSetupDomain (217ms)
		LoadAssemblies (150ms)
		RebuildTransferFunctionScriptingTraits (0ms)
		AnalyzeDomain (97ms)
			TypeCache.Refresh (7ms)
				TypeCache.ScanAssembly (0ms)
			BuildScriptInfoCaches (82ms)
			ResolveRequiredComponents (5ms)
	FinalizeReload (435ms)
		ReleaseScriptCaches (0ms)
		RebuildScriptCaches (0ms)
		SetupLoadedEditorAssemblies (324ms)
			LogAssemblyErrors (0ms)
			InitializePlatformSupportModulesInManaged (2ms)
			SetLoadedEditorAssemblies (2ms)
			BeforeProcessingInitializeOnLoad (58ms)
			ProcessInitializeOnLoadAttributes (232ms)
			ProcessInitializeOnLoadMethodAttributes (31ms)
			AfterProcessingInitializeOnLoad (0ms)
			EditorAssembliesLoaded (0ms)
		ExecutionOrderSort2 (0ms)
		AwakeInstancesAfterBackupRestoration (5ms)
Refreshing native plugins compatible for Editor in 0.26 ms, found 2 plugins.
Preloading 0 native plugins for Editor in 0.00 ms.
Unloading 26 Unused Serialized files (Serialized files now loaded: 0)
Unloading 6081 unused Assets / (3.6 MB). Loaded Objects now: 6954.
Memory consumption went from 155.9 MB to 152.2 MB.
Total: 5.125625 ms (FindLiveObjects: 0.296791 ms CreateObjectMapping: 0.109917 ms MarkObjects: 3.462167 ms  DeleteObjects: 1.256375 ms)

Prepare: number of updated asset objects reloaded= 0
========================================================================
Received Prepare
Begin MonoManager ReloadAssembly
Thread 0x16db57000 may have been prematurely finalized
- Loaded All Assemblies, in  0.375 seconds
Refreshing native plugins compatible for Editor in 0.16 ms, found 2 plugins.
Native extension for OSXStandalone target not found
Native extension for WebGL target not found
Mono: successfully reloaded assembly
- Finished resetting the current domain, in  0.368 seconds
Domain Reload Profiling: 745ms
	BeginReloadAssembly (92ms)
		ExecutionOrderSort (0ms)
		DisableScriptedObjects (3ms)
		BackupInstance (0ms)
		ReleaseScriptingObjects (0ms)
		CreateAndSetChildDomain (42ms)
	RebuildCommonClasses (20ms)
	RebuildNativeTypeToScriptingClass (6ms)
	initialDomainReloadingComplete (10ms)
	LoadAllAssembliesAndSetupDomain (248ms)
		LoadAssemblies (176ms)
		RebuildTransferFunctionScriptingTraits (0ms)
		AnalyzeDomain (95ms)
			TypeCache.Refresh (7ms)
				TypeCache.ScanAssembly (0ms)
			BuildScriptInfoCaches (81ms)
			ResolveRequiredComponents (5ms)
	FinalizeReload (368ms)
		ReleaseScriptCaches (0ms)
		RebuildScriptCaches (0ms)
		SetupLoadedEditorAssemblies (273ms)
			LogAssemblyErrors (0ms)
			InitializePlatformSupportModulesInManaged (2ms)
			SetLoadedEditorAssemblies (2ms)
			BeforeProcessingInitializeOnLoad (55ms)
			ProcessInitializeOnLoadAttributes (187ms)
			ProcessInitializeOnLoadMethodAttributes (27ms)
			AfterProcessingInitializeOnLoad (0ms)
			EditorAssembliesLoaded (0ms)
		ExecutionOrderSort2 (0ms)
		AwakeInstancesAfterBackupRestoration (4ms)
Refreshing native plugins compatible for Editor in 0.25 ms, found 2 plugins.
Preloading 0 native plugins for Editor in 0.00 ms.
Unloading 26 Unused Serialized files (Serialized files now loaded: 0)
Unloading 6081 unused Assets / (3.7 MB). Loaded Objects now: 6956.
Memory consumption went from 155.9 MB to 152.2 MB.
Total: 4.907291 ms (FindLiveObjects: 0.313709 ms CreateObjectMapping: 0.115166 ms MarkObjects: 3.036417 ms  DeleteObjects: 1.441333 ms)

Prepare: number of updated asset objects reloaded= 0
========================================================================
Received Prepare
Begin MonoManager ReloadAssembly
Thread 0x16db57000 may have been prematurely finalized
- Loaded All Assemblies, in  0.346 seconds
Refreshing native plugins compatible for Editor in 0.16 ms, found 2 plugins.
Native extension for OSXStandalone target not found
Native extension for WebGL target not found
Mono: successfully reloaded assembly
- Finished resetting the current domain, in  0.368 seconds
Domain Reload Profiling: 716ms
	BeginReloadAssembly (90ms)
		ExecutionOrderSort (0ms)
		DisableScriptedObjects (3ms)
		BackupInstance (0ms)
		ReleaseScriptingObjects (0ms)
		CreateAndSetChildDomain (41ms)
	RebuildCommonClasses (19ms)
	RebuildNativeTypeToScriptingClass (7ms)
	initialDomainReloadingComplete (10ms)
	LoadAllAssembliesAndSetupDomain (222ms)
		LoadAssemblies (145ms)
		RebuildTransferFunctionScriptingTraits (0ms)
		AnalyzeDomain (97ms)
			TypeCache.Refresh (9ms)
				TypeCache.ScanAssembly (0ms)
			BuildScriptInfoCaches (81ms)
			ResolveRequiredComponents (5ms)
	FinalizeReload (368ms)
		ReleaseScriptCaches (0ms)
		RebuildScriptCaches (0ms)
		SetupLoadedEditorAssemblies (274ms)
			LogAssemblyErrors (0ms)
			InitializePlatformSupportModulesInManaged (1ms)
			SetLoadedEditorAssemblies (2ms)
			BeforeProcessingInitializeOnLoad (57ms)
			ProcessInitializeOnLoadAttributes (184ms)
			ProcessInitializeOnLoadMethodAttributes (29ms)
			AfterProcessingInitializeOnLoad (0ms)
			EditorAssembliesLoaded (0ms)
		ExecutionOrderSort2 (0ms)
		AwakeInstancesAfterBackupRestoration (4ms)
Refreshing native plugins compatible for Editor in 0.25 ms, found 2 plugins.
Preloading 0 native plugins for Editor in 0.00 ms.
Unloading 26 Unused Serialized files (Serialized files now loaded: 0)
Unloading 6081 unused Assets / (3.4 MB). Loaded Objects now: 6958.
Memory consumption went from 155.9 MB to 152.5 MB.
Total: 5.268875 ms (FindLiveObjects: 0.349792 ms CreateObjectMapping: 0.387667 ms MarkObjects: 3.271292 ms  DeleteObjects: 1.259917 ms)

Prepare: number of updated asset objects reloaded= 0
========================================================================
Received Prepare
Refreshing native plugins compatible for Editor in 0.30 ms, found 2 plugins.
Preloading 0 native plugins for Editor in 0.00 ms.
Unloading 26 Unused Serialized files (Serialized files now loaded: 0)
Unloading 6074 unused Assets / (3.0 MB). Loaded Objects now: 6958.
Memory consumption went from 150.8 MB to 147.8 MB.
Total: 21.073834 ms (FindLiveObjects: 0.341750 ms CreateObjectMapping: 0.108250 ms MarkObjects: 19.642666 ms  DeleteObjects: 0.980625 ms)

Prepare: number of updated asset objects reloaded= 0
========================================================================
Received Prepare
Begin MonoManager ReloadAssembly
Thread 0x16db57000 may have been prematurely finalized
- Loaded All Assemblies, in  0.490 seconds
Refreshing native plugins compatible for Editor in 0.17 ms, found 2 plugins.
Native extension for OSXStandalone target not found
Native extension for WebGL target not found
Mono: successfully reloaded assembly
- Finished resetting the current domain, in  0.398 seconds
Domain Reload Profiling: 891ms
	BeginReloadAssembly (172ms)
		ExecutionOrderSort (0ms)
		DisableScriptedObjects (14ms)
		BackupInstance (0ms)
		ReleaseScriptingObjects (0ms)
		CreateAndSetChildDomain (88ms)
	RebuildCommonClasses (20ms)
	RebuildNativeTypeToScriptingClass (7ms)
	initialDomainReloadingComplete (12ms)
	LoadAllAssembliesAndSetupDomain (283ms)
		LoadAssemblies (182ms)
		RebuildTransferFunctionScriptingTraits (0ms)
		AnalyzeDomain (128ms)
			TypeCache.Refresh (8ms)
				TypeCache.ScanAssembly (0ms)
			BuildScriptInfoCaches (112ms)
			ResolveRequiredComponents (7ms)
	FinalizeReload (398ms)
		ReleaseScriptCaches (0ms)
		RebuildScriptCaches (0ms)
		SetupLoadedEditorAssemblies (297ms)
			LogAssemblyErrors (0ms)
			InitializePlatformSupportModulesInManaged (2ms)
			SetLoadedEditorAssemblies (2ms)
			BeforeProcessingInitializeOnLoad (55ms)
			ProcessInitializeOnLoadAttributes (210ms)
			ProcessInitializeOnLoadMethodAttributes (27ms)
			AfterProcessingInitializeOnLoad (0ms)
			EditorAssembliesLoaded (0ms)
		ExecutionOrderSort2 (0ms)
		AwakeInstancesAfterBackupRestoration (4ms)
Refreshing native plugins compatible for Editor in 0.24 ms, found 2 plugins.
Preloading 0 native plugins for Editor in 0.00 ms.
Unloading 26 Unused Serialized files (Serialized files now loaded: 0)
Unloading 6081 unused Assets / (4.1 MB). Loaded Objects now: 6960.
Memory consumption went from 155.9 MB to 151.8 MB.
Total: 4.310125 ms (FindLiveObjects: 0.283666 ms CreateObjectMapping: 0.114709 ms MarkObjects: 2.902125 ms  DeleteObjects: 1.009000 ms)

Prepare: number of updated asset objects reloaded= 0
========================================================================
Received Import Request.
  Time since last request: 1501.065811 seconds.
  path: Assets/TextMesh Pro/Resources/Fonts & Materials/LiberationSans SDF - Drop Shadow.mat
  artifactKey: Guid(e73a58f6e2794ae7b1b7e50b7fb811b0) Importer(815301076,1909f56bfc062723c751e8b465ee728b)
Start importing Assets/TextMesh Pro/Resources/Fonts & Materials/LiberationSans SDF - Drop Shadow.mat using Guid(e73a58f6e2794ae7b1b7e50b7fb811b0) Importer(815301076,1909f56bfc062723c751e8b465ee728b) (PreviewImporter) -> (artifact id: '5d8da17ca070cca681a00f874a376d70') in 0.369985291 seconds
Number of updated asset objects reloaded before import = 0Number of asset objects unloaded after import = 2

========================================================================
Received Import Request.
  Time since last request: 0.000059 seconds.
  path: Assets/TextMesh Pro/Resources/Fonts & Materials/LiberationSans SDF - Fallback.asset
  artifactKey: Guid(2e498d1c8094910479dc3e1b768306a4) Importer(815301076,1909f56bfc062723c751e8b465ee728b)
Start importing Assets/TextMesh Pro/Resources/Fonts & Materials/LiberationSans SDF - Fallback.asset using Guid(2e498d1c8094910479dc3e1b768306a4) Importer(815301076,1909f56bfc062723c751e8b465ee728b) (PreviewImporter) -> (artifact id: '40d019b6652c094d2d7cc7f7fe4e5a97') in 0.020369333 seconds
Number of updated asset objects reloaded before import = 0Number of asset objects unloaded after import = 6

========================================================================
Received Prepare
Begin MonoManager ReloadAssembly
Thread 0x16db57000 may have been prematurely finalized
- Loaded All Assemblies, in  0.375 seconds
Refreshing native plugins compatible for Editor in 0.19 ms, found 2 plugins.
Native extension for OSXStandalone target not found
Native extension for WebGL target not found
Mono: successfully reloaded assembly
- Finished resetting the current domain, in  0.374 seconds
Domain Reload Profiling: 751ms
	BeginReloadAssembly (116ms)
		ExecutionOrderSort (0ms)
		DisableScriptedObjects (10ms)
		BackupInstance (0ms)
		ReleaseScriptingObjects (0ms)
		CreateAndSetChildDomain (57ms)
	RebuildCommonClasses (20ms)
	RebuildNativeTypeToScriptingClass (7ms)
	initialDomainReloadingComplete (11ms)
	LoadAllAssembliesAndSetupDomain (223ms)
		LoadAssemblies (145ms)
		RebuildTransferFunctionScriptingTraits (0ms)
		AnalyzeDomain (99ms)
			TypeCache.Refresh (7ms)
				TypeCache.ScanAssembly (0ms)
			BuildScriptInfoCaches (85ms)
			ResolveRequiredComponents (5ms)
	FinalizeReload (374ms)
		ReleaseScriptCaches (0ms)
		RebuildScriptCaches (0ms)
		SetupLoadedEditorAssemblies (279ms)
			LogAssemblyErrors (0ms)
			InitializePlatformSupportModulesInManaged (2ms)
			SetLoadedEditorAssemblies (2ms)
			BeforeProcessingInitializeOnLoad (54ms)
			ProcessInitializeOnLoadAttributes (194ms)
			ProcessInitializeOnLoadMethodAttributes (28ms)
			AfterProcessingInitializeOnLoad (0ms)
			EditorAssembliesLoaded (0ms)
		ExecutionOrderSort2 (0ms)
		AwakeInstancesAfterBackupRestoration (5ms)
Refreshing native plugins compatible for Editor in 0.28 ms, found 2 plugins.
Preloading 0 native plugins for Editor in 0.00 ms.
Unloading 26 Unused Serialized files (Serialized files now loaded: 0)
Unloading 6081 unused Assets / (3.7 MB). Loaded Objects now: 6983.
Memory consumption went from 162.5 MB to 158.8 MB.
Total: 5.346167 ms (FindLiveObjects: 0.331541 ms CreateObjectMapping: 0.153542 ms MarkObjects: 3.589083 ms  DeleteObjects: 1.271750 ms)

Prepare: number of updated asset objects reloaded= 0
========================================================================
Received Prepare
Refreshing native plugins compatible for Editor in 0.25 ms, found 2 plugins.
Preloading 0 native plugins for Editor in 0.00 ms.
Unloading 26 Unused Serialized files (Serialized files now loaded: 0)
Unloading 6074 unused Assets / (4.3 MB). Loaded Objects now: 6983.
Memory consumption went from 155.0 MB to 150.7 MB.
Total: 16.972875 ms (FindLiveObjects: 0.336000 ms CreateObjectMapping: 0.103208 ms MarkObjects: 15.266750 ms  DeleteObjects: 1.266833 ms)

Prepare: number of updated asset objects reloaded= 0
========================================================================
Received Prepare
Begin MonoManager ReloadAssembly
Thread 0x16db57000 may have been prematurely finalized
- Loaded All Assemblies, in  0.409 seconds
Refreshing native plugins compatible for Editor in 0.20 ms, found 2 plugins.
Native extension for OSXStandalone target not found
Native extension for WebGL target not found
Mono: successfully reloaded assembly
- Finished resetting the current domain, in  0.457 seconds
Domain Reload Profiling: 868ms
	BeginReloadAssembly (108ms)
		ExecutionOrderSort (0ms)
		DisableScriptedObjects (4ms)
		BackupInstance (0ms)
		ReleaseScriptingObjects (0ms)
		CreateAndSetChildDomain (51ms)
	RebuildCommonClasses (20ms)
	RebuildNativeTypeToScriptingClass (7ms)
	initialDomainReloadingComplete (16ms)
	LoadAllAssembliesAndSetupDomain (260ms)
		LoadAssemblies (183ms)
		RebuildTransferFunctionScriptingTraits (0ms)
		AnalyzeDomain (104ms)
			TypeCache.Refresh (11ms)
				TypeCache.ScanAssembly (0ms)
			BuildScriptInfoCaches (85ms)
			ResolveRequiredComponents (5ms)
	FinalizeReload (457ms)
		ReleaseScriptCaches (0ms)
		RebuildScriptCaches (0ms)
		SetupLoadedEditorAssemblies (357ms)
			LogAssemblyErrors (0ms)
			InitializePlatformSupportModulesInManaged (2ms)
			SetLoadedEditorAssemblies (8ms)
			BeforeProcessingInitializeOnLoad (77ms)
			ProcessInitializeOnLoadAttributes (238ms)
			ProcessInitializeOnLoadMethodAttributes (32ms)
			AfterProcessingInitializeOnLoad (1ms)
			EditorAssembliesLoaded (0ms)
		ExecutionOrderSort2 (0ms)
		AwakeInstancesAfterBackupRestoration (6ms)
Refreshing native plugins compatible for Editor in 0.25 ms, found 2 plugins.
Preloading 0 native plugins for Editor in 0.00 ms.
Unloading 26 Unused Serialized files (Serialized files now loaded: 0)
Unloading 6081 unused Assets / (4.0 MB). Loaded Objects now: 6985.
Memory consumption went from 159.9 MB to 155.9 MB.
Total: 5.249292 ms (FindLiveObjects: 0.327291 ms CreateObjectMapping: 0.117042 ms MarkObjects: 3.460292 ms  DeleteObjects: 1.344167 ms)

Prepare: number of updated asset objects reloaded= 0
========================================================================
Received Prepare
Begin MonoManager ReloadAssembly
Thread 0x16db57000 may have been prematurely finalized
- Loaded All Assemblies, in  0.377 seconds
Refreshing native plugins compatible for Editor in 0.19 ms, found 2 plugins.
Native extension for OSXStandalone target not found
Native extension for WebGL target not found
Mono: successfully reloaded assembly
- Finished resetting the current domain, in  0.374 seconds
Domain Reload Profiling: 753ms
	BeginReloadAssembly (93ms)
		ExecutionOrderSort (0ms)
		DisableScriptedObjects (3ms)
		BackupInstance (0ms)
		ReleaseScriptingObjects (0ms)
		CreateAndSetChildDomain (41ms)
	RebuildCommonClasses (20ms)
	RebuildNativeTypeToScriptingClass (7ms)
	initialDomainReloadingComplete (10ms)
	LoadAllAssembliesAndSetupDomain (249ms)
		LoadAssemblies (167ms)
		RebuildTransferFunctionScriptingTraits (0ms)
		AnalyzeDomain (106ms)
			TypeCache.Refresh (6ms)
				TypeCache.ScanAssembly (0ms)
			BuildScriptInfoCaches (92ms)
			ResolveRequiredComponents (5ms)
	FinalizeReload (374ms)
		ReleaseScriptCaches (0ms)
		RebuildScriptCaches (0ms)
		SetupLoadedEditorAssemblies (277ms)
			LogAssemblyErrors (0ms)
			InitializePlatformSupportModulesInManaged (2ms)
			SetLoadedEditorAssemblies (2ms)
			BeforeProcessingInitializeOnLoad (61ms)
			ProcessInitializeOnLoadAttributes (183ms)
			ProcessInitializeOnLoadMethodAttributes (28ms)
			AfterProcessingInitializeOnLoad (0ms)
			EditorAssembliesLoaded (0ms)
		ExecutionOrderSort2 (0ms)
		AwakeInstancesAfterBackupRestoration (7ms)
Refreshing native plugins compatible for Editor in 0.25 ms, found 2 plugins.
Preloading 0 native plugins for Editor in 0.00 ms.
Unloading 26 Unused Serialized files (Serialized files now loaded: 0)
Unloading 6081 unused Assets / (3.6 MB). Loaded Objects now: 6987.
Memory consumption went from 159.9 MB to 156.3 MB.
Total: 4.985875 ms (FindLiveObjects: 0.287625 ms CreateObjectMapping: 0.124750 ms MarkObjects: 3.250167 ms  DeleteObjects: 1.323041 ms)

Prepare: number of updated asset objects reloaded= 0
========================================================================
Received Prepare
Begin MonoManager ReloadAssembly
Thread 0x16db57000 may have been prematurely finalized
- Loaded All Assemblies, in  0.454 seconds
Refreshing native plugins compatible for Editor in 0.21 ms, found 2 plugins.
Native extension for OSXStandalone target not found
Native extension for WebGL target not found
Mono: successfully reloaded assembly
- Finished resetting the current domain, in  0.408 seconds
Domain Reload Profiling: 864ms
	BeginReloadAssembly (170ms)
		ExecutionOrderSort (0ms)
		DisableScriptedObjects (4ms)
		BackupInstance (0ms)
		ReleaseScriptingObjects (0ms)
		CreateAndSetChildDomain (99ms)
	RebuildCommonClasses (21ms)
	RebuildNativeTypeToScriptingClass (8ms)
	initialDomainReloadingComplete (26ms)
	LoadAllAssembliesAndSetupDomain (231ms)
		LoadAssemblies (172ms)
		RebuildTransferFunctionScriptingTraits (0ms)
		AnalyzeDomain (97ms)
			TypeCache.Refresh (6ms)
				TypeCache.ScanAssembly (0ms)
			BuildScriptInfoCaches (84ms)
			ResolveRequiredComponents (6ms)
	FinalizeReload (408ms)
		ReleaseScriptCaches (0ms)
		RebuildScriptCaches (0ms)
		SetupLoadedEditorAssemblies (311ms)
			LogAssemblyErrors (0ms)
			InitializePlatformSupportModulesInManaged (2ms)
			SetLoadedEditorAssemblies (2ms)
			BeforeProcessingInitializeOnLoad (51ms)
			ProcessInitializeOnLoadAttributes (226ms)
			ProcessInitializeOnLoadMethodAttributes (30ms)
			AfterProcessingInitializeOnLoad (0ms)
			EditorAssembliesLoaded (0ms)
		ExecutionOrderSort2 (0ms)
		AwakeInstancesAfterBackupRestoration (5ms)
Refreshing native plugins compatible for Editor in 0.33 ms, found 2 plugins.
Preloading 0 native plugins for Editor in 0.00 ms.
Unloading 26 Unused Serialized files (Serialized files now loaded: 0)
Unloading 6081 unused Assets / (3.5 MB). Loaded Objects now: 6989.
Memory consumption went from 159.9 MB to 156.4 MB.
Total: 5.673750 ms (FindLiveObjects: 0.302459 ms CreateObjectMapping: 0.117125 ms MarkObjects: 3.874500 ms  DeleteObjects: 1.379458 ms)

Prepare: number of updated asset objects reloaded= 0
========================================================================
Received Prepare
Refreshing native plugins compatible for Editor in 0.25 ms, found 2 plugins.
Preloading 0 native plugins for Editor in 0.00 ms.
Unloading 26 Unused Serialized files (Serialized files now loaded: 0)
Unloading 6075 unused Assets / (3.6 MB). Loaded Objects now: 6990.
Memory consumption went from 155.0 MB to 151.4 MB.
Total: 11.556791 ms (FindLiveObjects: 0.307125 ms CreateObjectMapping: 0.109792 ms MarkObjects: 9.994458 ms  DeleteObjects: 1.145125 ms)

Prepare: number of updated asset objects reloaded= 0
========================================================================
Received Prepare
Refreshing native plugins compatible for Editor in 0.24 ms, found 2 plugins.
Preloading 0 native plugins for Editor in 0.00 ms.
Unloading 26 Unused Serialized files (Serialized files now loaded: 0)
Unloading 6074 unused Assets / (3.8 MB). Loaded Objects now: 6989.
Memory consumption went from 155.0 MB to 151.2 MB.
Total: 5.961959 ms (FindLiveObjects: 0.304584 ms CreateObjectMapping: 0.118083 ms MarkObjects: 4.332167 ms  DeleteObjects: 1.206625 ms)

Prepare: number of updated asset objects reloaded= 0
========================================================================
Received Prepare
Begin MonoManager ReloadAssembly
Thread 0x16db57000 may have been prematurely finalized
- Loaded All Assemblies, in  0.420 seconds
Refreshing native plugins compatible for Editor in 0.15 ms, found 2 plugins.
Native extension for OSXStandalone target not found
Native extension for WebGL target not found
Mono: successfully reloaded assembly
- Finished resetting the current domain, in  0.424 seconds
Domain Reload Profiling: 846ms
	BeginReloadAssembly (130ms)
		ExecutionOrderSort (0ms)
		DisableScriptedObjects (4ms)
		BackupInstance (0ms)
		ReleaseScriptingObjects (0ms)
		CreateAndSetChildDomain (50ms)
	RebuildCommonClasses (20ms)
	RebuildNativeTypeToScriptingClass (7ms)
	initialDomainReloadingComplete (19ms)
	LoadAllAssembliesAndSetupDomain (246ms)
		LoadAssemblies (203ms)
		RebuildTransferFunctionScriptingTraits (0ms)
		AnalyzeDomain (93ms)
			TypeCache.Refresh (6ms)
				TypeCache.ScanAssembly (0ms)
			BuildScriptInfoCaches (80ms)
			ResolveRequiredComponents (5ms)
	FinalizeReload (424ms)
		ReleaseScriptCaches (0ms)
		RebuildScriptCaches (0ms)
		SetupLoadedEditorAssemblies (305ms)
			LogAssemblyErrors (0ms)
			InitializePlatformSupportModulesInManaged (2ms)
			SetLoadedEditorAssemblies (3ms)
			BeforeProcessingInitializeOnLoad (62ms)
			ProcessInitializeOnLoadAttributes (211ms)
			ProcessInitializeOnLoadMethodAttributes (28ms)
			AfterProcessingInitializeOnLoad (0ms)
			EditorAssembliesLoaded (0ms)
		ExecutionOrderSort2 (0ms)
		AwakeInstancesAfterBackupRestoration (6ms)
Refreshing native plugins compatible for Editor in 0.24 ms, found 2 plugins.
Preloading 0 native plugins for Editor in 0.00 ms.
Unloading 26 Unused Serialized files (Serialized files now loaded: 0)
Unloading 6081 unused Assets / (4.4 MB). Loaded Objects now: 6991.
Memory consumption went from 159.9 MB to 155.5 MB.
Total: 4.519875 ms (FindLiveObjects: 0.489584 ms CreateObjectMapping: 0.136500 ms MarkObjects: 2.774250 ms  DeleteObjects: 1.119084 ms)

Prepare: number of updated asset objects reloaded= 0
========================================================================
Received Prepare
Refreshing native plugins compatible for Editor in 0.18 ms, found 2 plugins.
Preloading 0 native plugins for Editor in 0.00 ms.
Unloading 26 Unused Serialized files (Serialized files now loaded: 0)
Unloading 6075 unused Assets / (4.2 MB). Loaded Objects now: 6992.
Memory consumption went from 155.0 MB to 150.8 MB.
Total: 4.987708 ms (FindLiveObjects: 0.272125 ms CreateObjectMapping: 0.147542 ms MarkObjects: 3.411583 ms  DeleteObjects: 1.156042 ms)

Prepare: number of updated asset objects reloaded= 0
========================================================================
Received Prepare
Begin MonoManager ReloadAssembly
Thread 0x16db57000 may have been prematurely finalized
- Loaded All Assemblies, in  0.365 seconds
Refreshing native plugins compatible for Editor in 0.19 ms, found 2 plugins.
Native extension for OSXStandalone target not found
Native extension for WebGL target not found
Mono: successfully reloaded assembly
- Finished resetting the current domain, in  0.370 seconds
Domain Reload Profiling: 737ms
	BeginReloadAssembly (95ms)
		ExecutionOrderSort (0ms)
		DisableScriptedObjects (4ms)
		BackupInstance (0ms)
		ReleaseScriptingObjects (0ms)
		CreateAndSetChildDomain (43ms)
	RebuildCommonClasses (29ms)
	RebuildNativeTypeToScriptingClass (8ms)
	initialDomainReloadingComplete (19ms)
	LoadAllAssembliesAndSetupDomain (216ms)
		LoadAssemblies (138ms)
		RebuildTransferFunctionScriptingTraits (0ms)
		AnalyzeDomain (100ms)
			TypeCache.Refresh (10ms)
				TypeCache.ScanAssembly (0ms)
			BuildScriptInfoCaches (82ms)
			ResolveRequiredComponents (5ms)
	FinalizeReload (370ms)
		ReleaseScriptCaches (0ms)
		RebuildScriptCaches (0ms)
		SetupLoadedEditorAssemblies (277ms)
			LogAssemblyErrors (0ms)
			InitializePlatformSupportModulesInManaged (2ms)
			SetLoadedEditorAssemblies (2ms)
			BeforeProcessingInitializeOnLoad (55ms)
			ProcessInitializeOnLoadAttributes (193ms)
			ProcessInitializeOnLoadMethodAttributes (25ms)
			AfterProcessingInitializeOnLoad (0ms)
			EditorAssembliesLoaded (0ms)
		ExecutionOrderSort2 (0ms)
		AwakeInstancesAfterBackupRestoration (4ms)
Refreshing native plugins compatible for Editor in 0.24 ms, found 2 plugins.
Preloading 0 native plugins for Editor in 0.00 ms.
Unloading 26 Unused Serialized files (Serialized files now loaded: 0)
Unloading 6082 unused Assets / (4.4 MB). Loaded Objects now: 6994.
Memory consumption went from 159.9 MB to 155.6 MB.
Total: 4.368166 ms (FindLiveObjects: 0.282625 ms CreateObjectMapping: 0.106209 ms MarkObjects: 2.896959 ms  DeleteObjects: 1.082166 ms)

Prepare: number of updated asset objects reloaded= 0
========================================================================
Received Prepare
Begin MonoManager ReloadAssembly
Thread 0x16db57000 may have been prematurely finalized
- Loaded All Assemblies, in  0.486 seconds
Refreshing native plugins compatible for Editor in 0.20 ms, found 2 plugins.
Native extension for OSXStandalone target not found
Native extension for WebGL target not found
Mono: successfully reloaded assembly
- Finished resetting the current domain, in  0.452 seconds
Domain Reload Profiling: 940ms
	BeginReloadAssembly (147ms)
		ExecutionOrderSort (0ms)
		DisableScriptedObjects (7ms)
		BackupInstance (0ms)
		ReleaseScriptingObjects (0ms)
		CreateAndSetChildDomain (68ms)
	RebuildCommonClasses (20ms)
	RebuildNativeTypeToScriptingClass (7ms)
	initialDomainReloadingComplete (26ms)
	LoadAllAssembliesAndSetupDomain (287ms)
		LoadAssemblies (216ms)
		RebuildTransferFunctionScriptingTraits (0ms)
		AnalyzeDomain (106ms)
			TypeCache.Refresh (8ms)
				TypeCache.ScanAssembly (0ms)
			BuildScriptInfoCaches (90ms)
			ResolveRequiredComponents (6ms)
	FinalizeReload (452ms)
		ReleaseScriptCaches (0ms)
		RebuildScriptCaches (0ms)
		SetupLoadedEditorAssemblies (303ms)
			LogAssemblyErrors (0ms)
			InitializePlatformSupportModulesInManaged (2ms)
			SetLoadedEditorAssemblies (2ms)
			BeforeProcessingInitializeOnLoad (60ms)
			ProcessInitializeOnLoadAttributes (210ms)
			ProcessInitializeOnLoadMethodAttributes (28ms)
			AfterProcessingInitializeOnLoad (0ms)
			EditorAssembliesLoaded (0ms)
		ExecutionOrderSort2 (0ms)
		AwakeInstancesAfterBackupRestoration (7ms)
Refreshing native plugins compatible for Editor in 0.24 ms, found 2 plugins.
Preloading 0 native plugins for Editor in 0.00 ms.
Unloading 26 Unused Serialized files (Serialized files now loaded: 0)
Unloading 6082 unused Assets / (4.3 MB). Loaded Objects now: 6996.
Memory consumption went from 159.9 MB to 155.7 MB.
Total: 4.206083 ms (FindLiveObjects: 0.279875 ms CreateObjectMapping: 0.105125 ms MarkObjects: 2.796042 ms  DeleteObjects: 1.024916 ms)

Prepare: number of updated asset objects reloaded= 0
========================================================================
Received Prepare
Begin MonoManager ReloadAssembly
Thread 0x16db57000 may have been prematurely finalized
- Loaded All Assemblies, in  0.354 seconds
Refreshing native plugins compatible for Editor in 0.18 ms, found 2 plugins.
Native extension for OSXStandalone target not found
Native extension for WebGL target not found
Mono: successfully reloaded assembly
- Finished resetting the current domain, in  0.374 seconds
Domain Reload Profiling: 730ms
	BeginReloadAssembly (100ms)
		ExecutionOrderSort (0ms)
		DisableScriptedObjects (4ms)
		BackupInstance (0ms)
		ReleaseScriptingObjects (0ms)
		CreateAndSetChildDomain (47ms)
	RebuildCommonClasses (20ms)
	RebuildNativeTypeToScriptingClass (7ms)
	initialDomainReloadingComplete (10ms)
	LoadAllAssembliesAndSetupDomain (219ms)
		LoadAssemblies (145ms)
		RebuildTransferFunctionScriptingTraits (0ms)
		AnalyzeDomain (99ms)
			TypeCache.Refresh (7ms)
				TypeCache.ScanAssembly (0ms)
			BuildScriptInfoCaches (84ms)
			ResolveRequiredComponents (5ms)
	FinalizeReload (374ms)
		ReleaseScriptCaches (0ms)
		RebuildScriptCaches (0ms)
		SetupLoadedEditorAssemblies (272ms)
			LogAssemblyErrors (0ms)
			InitializePlatformSupportModulesInManaged (2ms)
			SetLoadedEditorAssemblies (2ms)
			BeforeProcessingInitializeOnLoad (51ms)
			ProcessInitializeOnLoadAttributes (188ms)
			ProcessInitializeOnLoadMethodAttributes (29ms)
			AfterProcessingInitializeOnLoad (0ms)
			EditorAssembliesLoaded (0ms)
		ExecutionOrderSort2 (0ms)
		AwakeInstancesAfterBackupRestoration (5ms)
Refreshing native plugins compatible for Editor in 0.55 ms, found 2 plugins.
Preloading 0 native plugins for Editor in 0.00 ms.
Unloading 26 Unused Serialized files (Serialized files now loaded: 0)
Unloading 6082 unused Assets / (3.6 MB). Loaded Objects now: 6998.
Memory consumption went from 159.9 MB to 156.3 MB.
Total: 5.538791 ms (FindLiveObjects: 0.410542 ms CreateObjectMapping: 0.110333 ms MarkObjects: 3.700667 ms  DeleteObjects: 1.317000 ms)

Prepare: number of updated asset objects reloaded= 0
========================================================================
Received Prepare
Refreshing native plugins compatible for Editor in 0.25 ms, found 2 plugins.
Preloading 0 native plugins for Editor in 0.00 ms.
Unloading 26 Unused Serialized files (Serialized files now loaded: 0)
Unloading 6075 unused Assets / (3.6 MB). Loaded Objects now: 6998.
Memory consumption went from 155.0 MB to 151.4 MB.
Total: 5.009000 ms (FindLiveObjects: 0.290167 ms CreateObjectMapping: 0.126250 ms MarkObjects: 3.444125 ms  DeleteObjects: 1.148292 ms)

Prepare: number of updated asset objects reloaded= 0
========================================================================
Received Prepare
Begin MonoManager ReloadAssembly
Thread 0x16db57000 may have been prematurely finalized
- Loaded All Assemblies, in  0.337 seconds
Refreshing native plugins compatible for Editor in 0.24 ms, found 2 plugins.
Native extension for OSXStandalone target not found
Native extension for WebGL target not found
Mono: successfully reloaded assembly
- Finished resetting the current domain, in  0.400 seconds
Domain Reload Profiling: 738ms
	BeginReloadAssembly (95ms)
		ExecutionOrderSort (0ms)
		DisableScriptedObjects (3ms)
		BackupInstance (0ms)
		ReleaseScriptingObjects (0ms)
		CreateAndSetChildDomain (42ms)
	RebuildCommonClasses (20ms)
	RebuildNativeTypeToScriptingClass (6ms)
	initialDomainReloadingComplete (11ms)
	LoadAllAssembliesAndSetupDomain (207ms)
		LoadAssemblies (135ms)
		RebuildTransferFunctionScriptingTraits (0ms)
		AnalyzeDomain (96ms)
			TypeCache.Refresh (9ms)
				TypeCache.ScanAssembly (0ms)
			BuildScriptInfoCaches (80ms)
			ResolveRequiredComponents (5ms)
	FinalizeReload (400ms)
		ReleaseScriptCaches (0ms)
		RebuildScriptCaches (0ms)
		SetupLoadedEditorAssemblies (302ms)
			LogAssemblyErrors (0ms)
			InitializePlatformSupportModulesInManaged (2ms)
			SetLoadedEditorAssemblies (2ms)
			BeforeProcessingInitializeOnLoad (61ms)
			ProcessInitializeOnLoadAttributes (207ms)
			ProcessInitializeOnLoadMethodAttributes (30ms)
			AfterProcessingInitializeOnLoad (0ms)
			EditorAssembliesLoaded (0ms)
		ExecutionOrderSort2 (0ms)
		AwakeInstancesAfterBackupRestoration (5ms)
Refreshing native plugins compatible for Editor in 0.25 ms, found 2 plugins.
Preloading 0 native plugins for Editor in 0.00 ms.
Unloading 26 Unused Serialized files (Serialized files now loaded: 0)
Unloading 6082 unused Assets / (3.8 MB). Loaded Objects now: 7000.
Memory consumption went from 159.9 MB to 156.1 MB.
Total: 5.729250 ms (FindLiveObjects: 0.296709 ms CreateObjectMapping: 0.196958 ms MarkObjects: 3.639750 ms  DeleteObjects: 1.595333 ms)

Prepare: number of updated asset objects reloaded= 0
========================================================================
Received Prepare
Begin MonoManager ReloadAssembly
Thread 0x16db57000 may have been prematurely finalized
- Loaded All Assemblies, in  0.411 seconds
Refreshing native plugins compatible for Editor in 0.16 ms, found 2 plugins.
Native extension for OSXStandalone target not found
Native extension for WebGL target not found
Mono: successfully reloaded assembly
- Finished resetting the current domain, in  0.371 seconds
Domain Reload Profiling: 784ms
	BeginReloadAssembly (98ms)
		ExecutionOrderSort (0ms)
		DisableScriptedObjects (3ms)
		BackupInstance (0ms)
		ReleaseScriptingObjects (0ms)
		CreateAndSetChildDomain (45ms)
	RebuildCommonClasses (20ms)
	RebuildNativeTypeToScriptingClass (7ms)
	initialDomainReloadingComplete (10ms)
	LoadAllAssembliesAndSetupDomain (278ms)
		LoadAssemblies (178ms)
		RebuildTransferFunctionScriptingTraits (0ms)
		AnalyzeDomain (122ms)
			TypeCache.Refresh (19ms)
				TypeCache.ScanAssembly (0ms)
			BuildScriptInfoCaches (95ms)
			ResolveRequiredComponents (5ms)
	FinalizeReload (371ms)
		ReleaseScriptCaches (0ms)
		RebuildScriptCaches (0ms)
		SetupLoadedEditorAssemblies (277ms)
			LogAssemblyErrors (0ms)
			InitializePlatformSupportModulesInManaged (2ms)
			SetLoadedEditorAssemblies (2ms)
			BeforeProcessingInitializeOnLoad (55ms)
			ProcessInitializeOnLoadAttributes (190ms)
			ProcessInitializeOnLoadMethodAttributes (28ms)
			AfterProcessingInitializeOnLoad (0ms)
			EditorAssembliesLoaded (0ms)
		ExecutionOrderSort2 (0ms)
		AwakeInstancesAfterBackupRestoration (4ms)
Refreshing native plugins compatible for Editor in 0.19 ms, found 2 plugins.
Preloading 0 native plugins for Editor in 0.00 ms.
Unloading 26 Unused Serialized files (Serialized files now loaded: 0)
Unloading 6082 unused Assets / (3.9 MB). Loaded Objects now: 7002.
Memory consumption went from 159.9 MB to 156.1 MB.
Total: 5.350833 ms (FindLiveObjects: 0.350666 ms CreateObjectMapping: 0.139167 ms MarkObjects: 3.595083 ms  DeleteObjects: 1.265458 ms)

Prepare: number of updated asset objects reloaded= 0
========================================================================
Received Prepare
Begin MonoManager ReloadAssembly
Thread 0x16db57000 may have been prematurely finalized
- Loaded All Assemblies, in  0.405 seconds
Refreshing native plugins compatible for Editor in 0.18 ms, found 2 plugins.
Native extension for OSXStandalone target not found
Native extension for WebGL target not found
Mono: successfully reloaded assembly
- Finished resetting the current domain, in  0.370 seconds
Domain Reload Profiling: 777ms
	BeginReloadAssembly (98ms)
		ExecutionOrderSort (0ms)
		DisableScriptedObjects (3ms)
		BackupInstance (0ms)
		ReleaseScriptingObjects (0ms)
		CreateAndSetChildDomain (43ms)
	RebuildCommonClasses (20ms)
	RebuildNativeTypeToScriptingClass (7ms)
	initialDomainReloadingComplete (12ms)
	LoadAllAssembliesAndSetupDomain (270ms)
		LoadAssemblies (194ms)
		RebuildTransferFunctionScriptingTraits (0ms)
		AnalyzeDomain (102ms)
			TypeCache.Refresh (6ms)
				TypeCache.ScanAssembly (0ms)
			BuildScriptInfoCaches (88ms)
			ResolveRequiredComponents (6ms)
	FinalizeReload (370ms)
		ReleaseScriptCaches (0ms)
		RebuildScriptCaches (0ms)
		SetupLoadedEditorAssemblies (273ms)
			LogAssemblyErrors (0ms)
			InitializePlatformSupportModulesInManaged (2ms)
			SetLoadedEditorAssemblies (2ms)
			BeforeProcessingInitializeOnLoad (52ms)
			ProcessInitializeOnLoadAttributes (187ms)
			ProcessInitializeOnLoadMethodAttributes (30ms)
			AfterProcessingInitializeOnLoad (0ms)
			EditorAssembliesLoaded (0ms)
		ExecutionOrderSort2 (0ms)
		AwakeInstancesAfterBackupRestoration (5ms)
Refreshing native plugins compatible for Editor in 0.26 ms, found 2 plugins.
Preloading 0 native plugins for Editor in 0.00 ms.
Unloading 26 Unused Serialized files (Serialized files now loaded: 0)
Unloading 6082 unused Assets / (4.3 MB). Loaded Objects now: 7004.
Memory consumption went from 159.9 MB to 155.6 MB.
Total: 5.399250 ms (FindLiveObjects: 0.383792 ms CreateObjectMapping: 0.126666 ms MarkObjects: 3.580542 ms  DeleteObjects: 1.307917 ms)

Prepare: number of updated asset objects reloaded= 0
========================================================================
Received Prepare
Begin MonoManager ReloadAssembly
Thread 0x16db57000 may have been prematurely finalized
- Loaded All Assemblies, in  0.393 seconds
Refreshing native plugins compatible for Editor in 0.16 ms, found 2 plugins.
Native extension for OSXStandalone target not found
Native extension for WebGL target not found
Mono: successfully reloaded assembly
- Finished resetting the current domain, in  0.377 seconds
Domain Reload Profiling: 773ms
	BeginReloadAssembly (109ms)
		ExecutionOrderSort (0ms)
		DisableScriptedObjects (3ms)
		BackupInstance (0ms)
		ReleaseScriptingObjects (0ms)
		CreateAndSetChildDomain (48ms)
	RebuildCommonClasses (20ms)
	RebuildNativeTypeToScriptingClass (7ms)
	initialDomainReloadingComplete (10ms)
	LoadAllAssembliesAndSetupDomain (249ms)
		LoadAssemblies (184ms)
		RebuildTransferFunctionScriptingTraits (0ms)
		AnalyzeDomain (97ms)
			TypeCache.Refresh (7ms)
				TypeCache.ScanAssembly (0ms)
			BuildScriptInfoCaches (83ms)
			ResolveRequiredComponents (5ms)
	FinalizeReload (378ms)
		ReleaseScriptCaches (0ms)
		RebuildScriptCaches (0ms)
		SetupLoadedEditorAssemblies (281ms)
			LogAssemblyErrors (0ms)
			InitializePlatformSupportModulesInManaged (2ms)
			SetLoadedEditorAssemblies (2ms)
			BeforeProcessingInitializeOnLoad (50ms)
			ProcessInitializeOnLoadAttributes (197ms)
			ProcessInitializeOnLoadMethodAttributes (30ms)
			AfterProcessingInitializeOnLoad (1ms)
			EditorAssembliesLoaded (0ms)
		ExecutionOrderSort2 (0ms)
		AwakeInstancesAfterBackupRestoration (5ms)
Refreshing native plugins compatible for Editor in 0.29 ms, found 2 plugins.
Preloading 0 native plugins for Editor in 0.00 ms.
Unloading 26 Unused Serialized files (Serialized files now loaded: 0)
Unloading 6082 unused Assets / (3.7 MB). Loaded Objects now: 7006.
Memory consumption went from 159.9 MB to 156.3 MB.
Total: 6.141167 ms (FindLiveObjects: 0.463583 ms CreateObjectMapping: 0.156000 ms MarkObjects: 3.881958 ms  DeleteObjects: 1.639333 ms)

Prepare: number of updated asset objects reloaded= 0
========================================================================
Received Prepare
Begin MonoManager ReloadAssembly
Thread 0x16db57000 may have been prematurely finalized
- Loaded All Assemblies, in  0.410 seconds
Refreshing native plugins compatible for Editor in 0.16 ms, found 2 plugins.
Native extension for OSXStandalone target not found
Native extension for WebGL target not found
Mono: successfully reloaded assembly
- Finished resetting the current domain, in  0.379 seconds
Domain Reload Profiling: 792ms
	BeginReloadAssembly (98ms)
		ExecutionOrderSort (0ms)
		DisableScriptedObjects (4ms)
		BackupInstance (0ms)
		ReleaseScriptingObjects (0ms)
		CreateAndSetChildDomain (44ms)
	RebuildCommonClasses (20ms)
	RebuildNativeTypeToScriptingClass (7ms)
	initialDomainReloadingComplete (11ms)
	LoadAllAssembliesAndSetupDomain (277ms)
		LoadAssemblies (196ms)
		RebuildTransferFunctionScriptingTraits (0ms)
		AnalyzeDomain (99ms)
			TypeCache.Refresh (7ms)
				TypeCache.ScanAssembly (0ms)
			BuildScriptInfoCaches (84ms)
			ResolveRequiredComponents (6ms)
	FinalizeReload (380ms)
		ReleaseScriptCaches (0ms)
		RebuildScriptCaches (0ms)
		SetupLoadedEditorAssemblies (285ms)
			LogAssemblyErrors (0ms)
			InitializePlatformSupportModulesInManaged (2ms)
			SetLoadedEditorAssemblies (2ms)
			BeforeProcessingInitializeOnLoad (57ms)
			ProcessInitializeOnLoadAttributes (195ms)
			ProcessInitializeOnLoadMethodAttributes (29ms)
			AfterProcessingInitializeOnLoad (1ms)
			EditorAssembliesLoaded (0ms)
		ExecutionOrderSort2 (0ms)
		AwakeInstancesAfterBackupRestoration (5ms)
Refreshing native plugins compatible for Editor in 0.24 ms, found 2 plugins.
Preloading 0 native plugins for Editor in 0.00 ms.
Unloading 26 Unused Serialized files (Serialized files now loaded: 0)
Unloading 6082 unused Assets / (3.6 MB). Loaded Objects now: 7008.
Memory consumption went from 159.9 MB to 156.4 MB.
Total: 4.954583 ms (FindLiveObjects: 0.301083 ms CreateObjectMapping: 0.106500 ms MarkObjects: 3.279292 ms  DeleteObjects: 1.267583 ms)

Prepare: number of updated asset objects reloaded= 0
========================================================================
Received Prepare
Begin MonoManager ReloadAssembly
Thread 0x16db57000 may have been prematurely finalized
- Loaded All Assemblies, in  0.372 seconds
Refreshing native plugins compatible for Editor in 0.19 ms, found 2 plugins.
Native extension for OSXStandalone target not found
Native extension for WebGL target not found
Mono: successfully reloaded assembly
- Finished resetting the current domain, in  0.387 seconds
Domain Reload Profiling: 762ms
	BeginReloadAssembly (103ms)
		ExecutionOrderSort (0ms)
		DisableScriptedObjects (3ms)
		BackupInstance (0ms)
		ReleaseScriptingObjects (0ms)
		CreateAndSetChildDomain (49ms)
	RebuildCommonClasses (20ms)
	RebuildNativeTypeToScriptingClass (7ms)
	initialDomainReloadingComplete (10ms)
	LoadAllAssembliesAndSetupDomain (234ms)
		LoadAssemblies (152ms)
		RebuildTransferFunctionScriptingTraits (0ms)
		AnalyzeDomain (107ms)
			TypeCache.Refresh (9ms)
				TypeCache.ScanAssembly (0ms)
			BuildScriptInfoCaches (91ms)
			ResolveRequiredComponents (6ms)
	FinalizeReload (387ms)
		ReleaseScriptCaches (0ms)
		RebuildScriptCaches (0ms)
		SetupLoadedEditorAssemblies (289ms)
			LogAssemblyErrors (0ms)
			InitializePlatformSupportModulesInManaged (2ms)
			SetLoadedEditorAssemblies (2ms)
			BeforeProcessingInitializeOnLoad (53ms)
			ProcessInitializeOnLoadAttributes (202ms)
			ProcessInitializeOnLoadMethodAttributes (30ms)
			AfterProcessingInitializeOnLoad (1ms)
			EditorAssembliesLoaded (0ms)
		ExecutionOrderSort2 (0ms)
		AwakeInstancesAfterBackupRestoration (7ms)
Refreshing native plugins compatible for Editor in 0.28 ms, found 2 plugins.
Preloading 0 native plugins for Editor in 0.00 ms.
Unloading 26 Unused Serialized files (Serialized files now loaded: 0)
Unloading 6082 unused Assets / (4.6 MB). Loaded Objects now: 7010.
Memory consumption went from 159.9 MB to 155.3 MB.
Total: 6.122833 ms (FindLiveObjects: 0.344708 ms CreateObjectMapping: 0.237958 ms MarkObjects: 3.395167 ms  DeleteObjects: 2.144542 ms)

Prepare: number of updated asset objects reloaded= 0
========================================================================
Received Prepare
Begin MonoManager ReloadAssembly
Thread 0x16db57000 may have been prematurely finalized
- Loaded All Assemblies, in  0.485 seconds
Refreshing native plugins compatible for Editor in 0.16 ms, found 2 plugins.
Native extension for OSXStandalone target not found
Native extension for WebGL target not found
Mono: successfully reloaded assembly
- Finished resetting the current domain, in  0.430 seconds
Domain Reload Profiling: 917ms
	BeginReloadAssembly (185ms)
		ExecutionOrderSort (0ms)
		DisableScriptedObjects (9ms)
		BackupInstance (0ms)
		ReleaseScriptingObjects (0ms)
		CreateAndSetChildDomain (98ms)
	RebuildCommonClasses (20ms)
	RebuildNativeTypeToScriptingClass (7ms)
	initialDomainReloadingComplete (18ms)
	LoadAllAssembliesAndSetupDomain (257ms)
		LoadAssemblies (176ms)
		RebuildTransferFunctionScriptingTraits (0ms)
		AnalyzeDomain (109ms)
			TypeCache.Refresh (7ms)
				TypeCache.ScanAssembly (0ms)
			BuildScriptInfoCaches (94ms)
			ResolveRequiredComponents (5ms)
	FinalizeReload (430ms)
		ReleaseScriptCaches (0ms)
		RebuildScriptCaches (0ms)
		SetupLoadedEditorAssemblies (322ms)
			LogAssemblyErrors (0ms)
			InitializePlatformSupportModulesInManaged (5ms)
			SetLoadedEditorAssemblies (3ms)
			BeforeProcessingInitializeOnLoad (62ms)
			ProcessInitializeOnLoadAttributes (223ms)
			ProcessInitializeOnLoadMethodAttributes (30ms)
			AfterProcessingInitializeOnLoad (1ms)
			EditorAssembliesLoaded (0ms)
		ExecutionOrderSort2 (0ms)
		AwakeInstancesAfterBackupRestoration (8ms)
Refreshing native plugins compatible for Editor in 0.25 ms, found 2 plugins.
Preloading 0 native plugins for Editor in 0.00 ms.
Unloading 26 Unused Serialized files (Serialized files now loaded: 0)
Unloading 6082 unused Assets / (4.0 MB). Loaded Objects now: 7012.
Memory consumption went from 159.9 MB to 156.0 MB.
Total: 4.483083 ms (FindLiveObjects: 0.326584 ms CreateObjectMapping: 0.123459 ms MarkObjects: 2.967708 ms  DeleteObjects: 1.064958 ms)

Prepare: number of updated asset objects reloaded= 0
========================================================================
Received Prepare
Begin MonoManager ReloadAssembly
Thread 0x16db57000 may have been prematurely finalized
- Loaded All Assemblies, in  0.390 seconds
Refreshing native plugins compatible for Editor in 0.16 ms, found 2 plugins.
Native extension for OSXStandalone target not found
Native extension for WebGL target not found
Mono: successfully reloaded assembly
- Finished resetting the current domain, in  0.373 seconds
Domain Reload Profiling: 765ms
	BeginReloadAssembly (100ms)
		ExecutionOrderSort (0ms)
		DisableScriptedObjects (3ms)
		BackupInstance (0ms)
		ReleaseScriptingObjects (0ms)
		CreateAndSetChildDomain (43ms)
	RebuildCommonClasses (20ms)
	RebuildNativeTypeToScriptingClass (7ms)
	initialDomainReloadingComplete (10ms)
	LoadAllAssembliesAndSetupDomain (254ms)
		LoadAssemblies (183ms)
		RebuildTransferFunctionScriptingTraits (0ms)
		AnalyzeDomain (101ms)
			TypeCache.Refresh (8ms)
				TypeCache.ScanAssembly (0ms)
			BuildScriptInfoCaches (86ms)
			ResolveRequiredComponents (5ms)
	FinalizeReload (373ms)
		ReleaseScriptCaches (0ms)
		RebuildScriptCaches (0ms)
		SetupLoadedEditorAssemblies (275ms)
			LogAssemblyErrors (0ms)
			InitializePlatformSupportModulesInManaged (2ms)
			SetLoadedEditorAssemblies (3ms)
			BeforeProcessingInitializeOnLoad (55ms)
			ProcessInitializeOnLoadAttributes (189ms)
			ProcessInitializeOnLoadMethodAttributes (27ms)
			AfterProcessingInitializeOnLoad (1ms)
			EditorAssembliesLoaded (0ms)
		ExecutionOrderSort2 (0ms)
		AwakeInstancesAfterBackupRestoration (7ms)
Refreshing native plugins compatible for Editor in 0.19 ms, found 2 plugins.
Preloading 0 native plugins for Editor in 0.00 ms.
Unloading 26 Unused Serialized files (Serialized files now loaded: 0)
Unloading 6082 unused Assets / (3.5 MB). Loaded Objects now: 7014.
Memory consumption went from 159.9 MB to 156.4 MB.
Total: 5.263458 ms (FindLiveObjects: 0.291542 ms CreateObjectMapping: 0.105000 ms MarkObjects: 3.549000 ms  DeleteObjects: 1.317709 ms)

Prepare: number of updated asset objects reloaded= 0
========================================================================
Received Prepare
Begin MonoManager ReloadAssembly
Thread 0x16db57000 may have been prematurely finalized
- Loaded All Assemblies, in  0.407 seconds
Refreshing native plugins compatible for Editor in 0.16 ms, found 2 plugins.
Native extension for OSXStandalone target not found
Native extension for WebGL target not found
Mono: successfully reloaded assembly
- Finished resetting the current domain, in  0.370 seconds
Domain Reload Profiling: 778ms
	BeginReloadAssembly (93ms)
		ExecutionOrderSort (0ms)
		DisableScriptedObjects (3ms)
		BackupInstance (0ms)
		ReleaseScriptingObjects (0ms)
		CreateAndSetChildDomain (43ms)
	RebuildCommonClasses (19ms)
	RebuildNativeTypeToScriptingClass (7ms)
	initialDomainReloadingComplete (10ms)
	LoadAllAssembliesAndSetupDomain (279ms)
		LoadAssemblies (157ms)
		RebuildTransferFunctionScriptingTraits (0ms)
		AnalyzeDomain (143ms)
			TypeCache.Refresh (6ms)
				TypeCache.ScanAssembly (0ms)
			BuildScriptInfoCaches (130ms)
			ResolveRequiredComponents (6ms)
	FinalizeReload (370ms)
		ReleaseScriptCaches (0ms)
		RebuildScriptCaches (0ms)
		SetupLoadedEditorAssemblies (270ms)
			LogAssemblyErrors (0ms)
			InitializePlatformSupportModulesInManaged (2ms)
			SetLoadedEditorAssemblies (3ms)
			BeforeProcessingInitializeOnLoad (54ms)
			ProcessInitializeOnLoadAttributes (182ms)
			ProcessInitializeOnLoadMethodAttributes (29ms)
			AfterProcessingInitializeOnLoad (1ms)
			EditorAssembliesLoaded (0ms)
		ExecutionOrderSort2 (0ms)
		AwakeInstancesAfterBackupRestoration (7ms)
Refreshing native plugins compatible for Editor in 0.33 ms, found 2 plugins.
Preloading 0 native plugins for Editor in 0.00 ms.
Unloading 26 Unused Serialized files (Serialized files now loaded: 0)
Unloading 6082 unused Assets / (3.6 MB). Loaded Objects now: 7016.
Memory consumption went from 159.9 MB to 156.4 MB.
Total: 4.859000 ms (FindLiveObjects: 0.299209 ms CreateObjectMapping: 0.196041 ms MarkObjects: 3.220792 ms  DeleteObjects: 1.142708 ms)

Prepare: number of updated asset objects reloaded= 0
========================================================================
Received Prepare
Begin MonoManager ReloadAssembly
Thread 0x16db57000 may have been prematurely finalized
- Loaded All Assemblies, in  0.470 seconds
Refreshing native plugins compatible for Editor in 0.16 ms, found 2 plugins.
Native extension for OSXStandalone target not found
Native extension for WebGL target not found
Mono: successfully reloaded assembly
- Finished resetting the current domain, in  0.390 seconds
Domain Reload Profiling: 862ms
	BeginReloadAssembly (137ms)
		ExecutionOrderSort (0ms)
		DisableScriptedObjects (5ms)
		BackupInstance (0ms)
		ReleaseScriptingObjects (0ms)
		CreateAndSetChildDomain (71ms)
	RebuildCommonClasses (21ms)
	RebuildNativeTypeToScriptingClass (8ms)
	initialDomainReloadingComplete (19ms)
	LoadAllAssembliesAndSetupDomain (286ms)
		LoadAssemblies (218ms)
		RebuildTransferFunctionScriptingTraits (0ms)
		AnalyzeDomain (97ms)
			TypeCache.Refresh (7ms)
				TypeCache.ScanAssembly (0ms)
			BuildScriptInfoCaches (83ms)
			ResolveRequiredComponents (5ms)
	FinalizeReload (390ms)
		ReleaseScriptCaches (0ms)
		RebuildScriptCaches (0ms)
		SetupLoadedEditorAssemblies (295ms)
			LogAssemblyErrors (0ms)
			InitializePlatformSupportModulesInManaged (2ms)
			SetLoadedEditorAssemblies (2ms)
			BeforeProcessingInitializeOnLoad (55ms)
			ProcessInitializeOnLoadAttributes (209ms)
			ProcessInitializeOnLoadMethodAttributes (27ms)
			AfterProcessingInitializeOnLoad (1ms)
			EditorAssembliesLoaded (0ms)
		ExecutionOrderSort2 (0ms)
		AwakeInstancesAfterBackupRestoration (5ms)
Refreshing native plugins compatible for Editor in 0.25 ms, found 2 plugins.
Preloading 0 native plugins for Editor in 0.00 ms.
Unloading 26 Unused Serialized files (Serialized files now loaded: 0)
Unloading 6082 unused Assets / (3.7 MB). Loaded Objects now: 7018.
Memory consumption went from 160.0 MB to 156.2 MB.
Total: 5.316750 ms (FindLiveObjects: 0.349834 ms CreateObjectMapping: 0.131250 ms MarkObjects: 3.616167 ms  DeleteObjects: 1.219250 ms)

Prepare: number of updated asset objects reloaded= 0
========================================================================
Received Prepare
Begin MonoManager ReloadAssembly
Thread 0x16db57000 may have been prematurely finalized
- Loaded All Assemblies, in  0.446 seconds
Refreshing native plugins compatible for Editor in 0.16 ms, found 2 plugins.
Native extension for OSXStandalone target not found
Native extension for WebGL target not found
Mono: successfully reloaded assembly
- Finished resetting the current domain, in  0.417 seconds
Domain Reload Profiling: 865ms
	BeginReloadAssembly (150ms)
		ExecutionOrderSort (0ms)
		DisableScriptedObjects (11ms)
		BackupInstance (0ms)
		ReleaseScriptingObjects (0ms)
		CreateAndSetChildDomain (63ms)
	RebuildCommonClasses (20ms)
	RebuildNativeTypeToScriptingClass (12ms)
	initialDomainReloadingComplete (21ms)
	LoadAllAssembliesAndSetupDomain (245ms)
		LoadAssemblies (187ms)
		RebuildTransferFunctionScriptingTraits (0ms)
		AnalyzeDomain (100ms)
			TypeCache.Refresh (7ms)
				TypeCache.ScanAssembly (0ms)
			BuildScriptInfoCaches (84ms)
			ResolveRequiredComponents (6ms)
	FinalizeReload (417ms)
		ReleaseScriptCaches (0ms)
		RebuildScriptCaches (0ms)
		SetupLoadedEditorAssemblies (312ms)
			LogAssemblyErrors (0ms)
			InitializePlatformSupportModulesInManaged (2ms)
			SetLoadedEditorAssemblies (3ms)
			BeforeProcessingInitializeOnLoad (58ms)
			ProcessInitializeOnLoadAttributes (219ms)
			ProcessInitializeOnLoadMethodAttributes (29ms)
			AfterProcessingInitializeOnLoad (1ms)
			EditorAssembliesLoaded (0ms)
		ExecutionOrderSort2 (0ms)
		AwakeInstancesAfterBackupRestoration (8ms)
Refreshing native plugins compatible for Editor in 0.28 ms, found 2 plugins.
Preloading 0 native plugins for Editor in 0.00 ms.
Unloading 26 Unused Serialized files (Serialized files now loaded: 0)
Unloading 6082 unused Assets / (4.3 MB). Loaded Objects now: 7020.
Memory consumption went from 160.0 MB to 155.7 MB.
Total: 5.214000 ms (FindLiveObjects: 0.361584 ms CreateObjectMapping: 0.167875 ms MarkObjects: 3.398084 ms  DeleteObjects: 1.285916 ms)

Prepare: number of updated asset objects reloaded= 0
========================================================================
Received Prepare
Refreshing native plugins compatible for Editor in 0.25 ms, found 2 plugins.
Preloading 0 native plugins for Editor in 0.00 ms.
Unloading 26 Unused Serialized files (Serialized files now loaded: 0)
Unloading 6076 unused Assets / (4.2 MB). Loaded Objects now: 7021.
Memory consumption went from 155.0 MB to 150.8 MB.
Total: 4.832792 ms (FindLiveObjects: 0.309375 ms CreateObjectMapping: 0.119458 ms MarkObjects: 3.332750 ms  DeleteObjects: 1.070666 ms)

Prepare: number of updated asset objects reloaded= 0
========================================================================
Received Prepare
Begin MonoManager ReloadAssembly
Thread 0x16db57000 may have been prematurely finalized
- Loaded All Assemblies, in  0.412 seconds
Refreshing native plugins compatible for Editor in 0.16 ms, found 2 plugins.
Native extension for OSXStandalone target not found
Native extension for WebGL target not found
Mono: successfully reloaded assembly
- Finished resetting the current domain, in  0.384 seconds
Domain Reload Profiling: 798ms
	BeginReloadAssembly (149ms)
		ExecutionOrderSort (0ms)
		DisableScriptedObjects (8ms)
		BackupInstance (0ms)
		ReleaseScriptingObjects (0ms)
		CreateAndSetChildDomain (71ms)
	RebuildCommonClasses (23ms)
	RebuildNativeTypeToScriptingClass (7ms)
	initialDomainReloadingComplete (12ms)
	LoadAllAssembliesAndSetupDomain (222ms)
		LoadAssemblies (155ms)
		RebuildTransferFunctionScriptingTraits (0ms)
		AnalyzeDomain (103ms)
			TypeCache.Refresh (7ms)
				TypeCache.ScanAssembly (0ms)
			BuildScriptInfoCaches (83ms)
			ResolveRequiredComponents (8ms)
	FinalizeReload (384ms)
		ReleaseScriptCaches (0ms)
		RebuildScriptCaches (0ms)
		SetupLoadedEditorAssemblies (284ms)
			LogAssemblyErrors (0ms)
			InitializePlatformSupportModulesInManaged (3ms)
			SetLoadedEditorAssemblies (2ms)
			BeforeProcessingInitializeOnLoad (57ms)
			ProcessInitializeOnLoadAttributes (197ms)
			ProcessInitializeOnLoadMethodAttributes (25ms)
			AfterProcessingInitializeOnLoad (0ms)
			EditorAssembliesLoaded (0ms)
		ExecutionOrderSort2 (0ms)
		AwakeInstancesAfterBackupRestoration (5ms)
Refreshing native plugins compatible for Editor in 0.24 ms, found 2 plugins.
Preloading 0 native plugins for Editor in 0.00 ms.
Unloading 26 Unused Serialized files (Serialized files now loaded: 0)
Unloading 6083 unused Assets / (4.3 MB). Loaded Objects now: 7023.
Memory consumption went from 160.0 MB to 155.6 MB.
Total: 4.385417 ms (FindLiveObjects: 0.285250 ms CreateObjectMapping: 0.116833 ms MarkObjects: 2.904375 ms  DeleteObjects: 1.078417 ms)

Prepare: number of updated asset objects reloaded= 0
========================================================================
Received Prepare
Refreshing native plugins compatible for Editor in 0.27 ms, found 2 plugins.
Preloading 0 native plugins for Editor in 0.00 ms.
Unloading 26 Unused Serialized files (Serialized files now loaded: 0)
Unloading 6075 unused Assets / (4.1 MB). Loaded Objects now: 7022.
Memory consumption went from 155.0 MB to 150.9 MB.
Total: 4.290708 ms (FindLiveObjects: 0.280250 ms CreateObjectMapping: 0.106292 ms MarkObjects: 2.804333 ms  DeleteObjects: 1.099666 ms)

Prepare: number of updated asset objects reloaded= 0
========================================================================
Received Prepare
Begin MonoManager ReloadAssembly
Thread 0x16db57000 may have been prematurely finalized
- Loaded All Assemblies, in  0.368 seconds
Refreshing native plugins compatible for Editor in 0.15 ms, found 2 plugins.
Native extension for OSXStandalone target not found
Native extension for WebGL target not found
Mono: successfully reloaded assembly
- Finished resetting the current domain, in  0.397 seconds
Domain Reload Profiling: 767ms
	BeginReloadAssembly (105ms)
		ExecutionOrderSort (0ms)
		DisableScriptedObjects (3ms)
		BackupInstance (0ms)
		ReleaseScriptingObjects (0ms)
		CreateAndSetChildDomain (52ms)
	RebuildCommonClasses (20ms)
	RebuildNativeTypeToScriptingClass (7ms)
	initialDomainReloadingComplete (11ms)
	LoadAllAssembliesAndSetupDomain (228ms)
		LoadAssemblies (154ms)
		RebuildTransferFunctionScriptingTraits (0ms)
		AnalyzeDomain (99ms)
			TypeCache.Refresh (8ms)
				TypeCache.ScanAssembly (0ms)
			BuildScriptInfoCaches (84ms)
			ResolveRequiredComponents (5ms)
	FinalizeReload (397ms)
		ReleaseScriptCaches (0ms)
		RebuildScriptCaches (0ms)
		SetupLoadedEditorAssemblies (301ms)
			LogAssemblyErrors (0ms)
			InitializePlatformSupportModulesInManaged (2ms)
			SetLoadedEditorAssemblies (2ms)
			BeforeProcessingInitializeOnLoad (51ms)
			ProcessInitializeOnLoadAttributes (217ms)
			ProcessInitializeOnLoadMethodAttributes (29ms)
			AfterProcessingInitializeOnLoad (1ms)
			EditorAssembliesLoaded (0ms)
		ExecutionOrderSort2 (0ms)
		AwakeInstancesAfterBackupRestoration (5ms)
Refreshing native plugins compatible for Editor in 0.35 ms, found 2 plugins.
Preloading 0 native plugins for Editor in 0.00 ms.
Unloading 26 Unused Serialized files (Serialized files now loaded: 0)
Unloading 6082 unused Assets / (3.6 MB). Loaded Objects now: 7024.
Memory consumption went from 160.0 MB to 156.4 MB.
Total: 6.492083 ms (FindLiveObjects: 1.298708 ms CreateObjectMapping: 0.162459 ms MarkObjects: 3.746666 ms  DeleteObjects: 1.283792 ms)

Prepare: number of updated asset objects reloaded= 0
========================================================================
Received Prepare
Refreshing native plugins compatible for Editor in 0.24 ms, found 2 plugins.
Preloading 0 native plugins for Editor in 0.00 ms.
Unloading 26 Unused Serialized files (Serialized files now loaded: 0)
Unloading 6076 unused Assets / (4.0 MB). Loaded Objects now: 7025.
Memory consumption went from 155.0 MB to 151.0 MB.
Total: 4.466541 ms (FindLiveObjects: 0.297125 ms CreateObjectMapping: 0.110333 ms MarkObjects: 3.012250 ms  DeleteObjects: 1.046750 ms)

Prepare: number of updated asset objects reloaded= 0
========================================================================
Received Prepare
Begin MonoManager ReloadAssembly
Thread 0x16db57000 may have been prematurely finalized
- Loaded All Assemblies, in  0.361 seconds
Refreshing native plugins compatible for Editor in 0.19 ms, found 2 plugins.
Native extension for OSXStandalone target not found
Native extension for WebGL target not found
Mono: successfully reloaded assembly
- Finished resetting the current domain, in  0.391 seconds
Domain Reload Profiling: 754ms
	BeginReloadAssembly (97ms)
		ExecutionOrderSort (0ms)
		DisableScriptedObjects (4ms)
		BackupInstance (0ms)
		ReleaseScriptingObjects (0ms)
		CreateAndSetChildDomain (45ms)
	RebuildCommonClasses (20ms)
	RebuildNativeTypeToScriptingClass (7ms)
	initialDomainReloadingComplete (10ms)
	LoadAllAssembliesAndSetupDomain (228ms)
		LoadAssemblies (148ms)
		RebuildTransferFunctionScriptingTraits (0ms)
		AnalyzeDomain (101ms)
			TypeCache.Refresh (9ms)
				TypeCache.ScanAssembly (0ms)
			BuildScriptInfoCaches (85ms)
			ResolveRequiredComponents (5ms)
	FinalizeReload (391ms)
		ReleaseScriptCaches (0ms)
		RebuildScriptCaches (0ms)
		SetupLoadedEditorAssemblies (288ms)
			LogAssemblyErrors (0ms)
			InitializePlatformSupportModulesInManaged (2ms)
			SetLoadedEditorAssemblies (3ms)
			BeforeProcessingInitializeOnLoad (56ms)
			ProcessInitializeOnLoadAttributes (196ms)
			ProcessInitializeOnLoadMethodAttributes (31ms)
			AfterProcessingInitializeOnLoad (1ms)
			EditorAssembliesLoaded (0ms)
		ExecutionOrderSort2 (0ms)
		AwakeInstancesAfterBackupRestoration (10ms)
Refreshing native plugins compatible for Editor in 0.23 ms, found 2 plugins.
Preloading 0 native plugins for Editor in 0.00 ms.
Unloading 26 Unused Serialized files (Serialized files now loaded: 0)
Unloading 6083 unused Assets / (4.3 MB). Loaded Objects now: 7027.
Memory consumption went from 160.0 MB to 155.7 MB.
Total: 4.274417 ms (FindLiveObjects: 0.290000 ms CreateObjectMapping: 0.104542 ms MarkObjects: 2.845750 ms  DeleteObjects: 1.033916 ms)

Prepare: number of updated asset objects reloaded= 0
========================================================================
Received Prepare
Begin MonoManager ReloadAssembly
Thread 0x16db57000 may have been prematurely finalized
- Loaded All Assemblies, in  0.402 seconds
Refreshing native plugins compatible for Editor in 0.16 ms, found 2 plugins.
Native extension for OSXStandalone target not found
Native extension for WebGL target not found
Mono: successfully reloaded assembly
- Finished resetting the current domain, in  0.415 seconds
Domain Reload Profiling: 819ms
	BeginReloadAssembly (97ms)
		ExecutionOrderSort (0ms)
		DisableScriptedObjects (4ms)
		BackupInstance (0ms)
		ReleaseScriptingObjects (0ms)
		CreateAndSetChildDomain (45ms)
	RebuildCommonClasses (20ms)
	RebuildNativeTypeToScriptingClass (7ms)
	initialDomainReloadingComplete (12ms)
	LoadAllAssembliesAndSetupDomain (268ms)
		LoadAssemblies (166ms)
		RebuildTransferFunctionScriptingTraits (0ms)
		AnalyzeDomain (124ms)
			TypeCache.Refresh (6ms)
				TypeCache.ScanAssembly (0ms)
			BuildScriptInfoCaches (110ms)
			ResolveRequiredComponents (6ms)
	FinalizeReload (415ms)
		ReleaseScriptCaches (0ms)
		RebuildScriptCaches (0ms)
		SetupLoadedEditorAssemblies (308ms)
			LogAssemblyErrors (0ms)
			InitializePlatformSupportModulesInManaged (2ms)
			SetLoadedEditorAssemblies (2ms)
			BeforeProcessingInitializeOnLoad (50ms)
			ProcessInitializeOnLoadAttributes (222ms)
			ProcessInitializeOnLoadMethodAttributes (31ms)
			AfterProcessingInitializeOnLoad (0ms)
			EditorAssembliesLoaded (0ms)
		ExecutionOrderSort2 (0ms)
		AwakeInstancesAfterBackupRestoration (5ms)
Refreshing native plugins compatible for Editor in 0.27 ms, found 2 plugins.
Preloading 0 native plugins for Editor in 0.00 ms.
Unloading 26 Unused Serialized files (Serialized files now loaded: 0)
Unloading 6083 unused Assets / (3.5 MB). Loaded Objects now: 7029.
Memory consumption went from 160.0 MB to 156.4 MB.
Total: 5.903209 ms (FindLiveObjects: 0.304584 ms CreateObjectMapping: 0.111958 ms MarkObjects: 3.947917 ms  DeleteObjects: 1.538542 ms)

Prepare: number of updated asset objects reloaded= 0
========================================================================
Received Prepare
Begin MonoManager ReloadAssembly
Thread 0x16db57000 may have been prematurely finalized
- Loaded All Assemblies, in  0.518 seconds
Refreshing native plugins compatible for Editor in 0.19 ms, found 2 plugins.
Native extension for OSXStandalone target not found
Native extension for WebGL target not found
Mono: successfully reloaded assembly
- Finished resetting the current domain, in  0.532 seconds
Domain Reload Profiling: 1052ms
	BeginReloadAssembly (159ms)
		ExecutionOrderSort (0ms)
		DisableScriptedObjects (14ms)
		BackupInstance (0ms)
		ReleaseScriptingObjects (0ms)
		CreateAndSetChildDomain (76ms)
	RebuildCommonClasses (21ms)
	RebuildNativeTypeToScriptingClass (15ms)
	initialDomainReloadingComplete (23ms)
	LoadAllAssembliesAndSetupDomain (302ms)
		LoadAssemblies (198ms)
		RebuildTransferFunctionScriptingTraits (0ms)
		AnalyzeDomain (134ms)
			TypeCache.Refresh (8ms)
				TypeCache.ScanAssembly (0ms)
			BuildScriptInfoCaches (116ms)
			ResolveRequiredComponents (6ms)
	FinalizeReload (532ms)
		ReleaseScriptCaches (0ms)
		RebuildScriptCaches (0ms)
		SetupLoadedEditorAssemblies (412ms)
			LogAssemblyErrors (0ms)
			InitializePlatformSupportModulesInManaged (2ms)
			SetLoadedEditorAssemblies (2ms)
			BeforeProcessingInitializeOnLoad (79ms)
			ProcessInitializeOnLoadAttributes (298ms)
			ProcessInitializeOnLoadMethodAttributes (30ms)
			AfterProcessingInitializeOnLoad (0ms)
			EditorAssembliesLoaded (0ms)
		ExecutionOrderSort2 (0ms)
		AwakeInstancesAfterBackupRestoration (5ms)
Refreshing native plugins compatible for Editor in 0.25 ms, found 2 plugins.
Preloading 0 native plugins for Editor in 0.00 ms.
Unloading 26 Unused Serialized files (Serialized files now loaded: 0)
Unloading 6083 unused Assets / (3.9 MB). Loaded Objects now: 7031.
Memory consumption went from 160.0 MB to 156.0 MB.
Total: 4.625750 ms (FindLiveObjects: 0.283125 ms CreateObjectMapping: 0.101084 ms MarkObjects: 3.034250 ms  DeleteObjects: 1.207042 ms)

Prepare: number of updated asset objects reloaded= 0
========================================================================
Received Prepare
Begin MonoManager ReloadAssembly
Thread 0x16db57000 may have been prematurely finalized
- Loaded All Assemblies, in  0.429 seconds
Refreshing native plugins compatible for Editor in 0.17 ms, found 2 plugins.
Native extension for OSXStandalone target not found
Native extension for WebGL target not found
Mono: successfully reloaded assembly
- Finished resetting the current domain, in  0.418 seconds
Domain Reload Profiling: 850ms
	BeginReloadAssembly (163ms)
		ExecutionOrderSort (0ms)
		DisableScriptedObjects (11ms)
		BackupInstance (0ms)
		ReleaseScriptingObjects (2ms)
		CreateAndSetChildDomain (79ms)
	RebuildCommonClasses (20ms)
	RebuildNativeTypeToScriptingClass (7ms)
	initialDomainReloadingComplete (16ms)
	LoadAllAssembliesAndSetupDomain (225ms)
		LoadAssemblies (156ms)
		RebuildTransferFunctionScriptingTraits (0ms)
		AnalyzeDomain (97ms)
			TypeCache.Refresh (8ms)
				TypeCache.ScanAssembly (0ms)
			BuildScriptInfoCaches (82ms)
			ResolveRequiredComponents (6ms)
	FinalizeReload (418ms)
		ReleaseScriptCaches (0ms)
		RebuildScriptCaches (0ms)
		SetupLoadedEditorAssemblies (306ms)
			LogAssemblyErrors (0ms)
			InitializePlatformSupportModulesInManaged (2ms)
			SetLoadedEditorAssemblies (3ms)
			BeforeProcessingInitializeOnLoad (63ms)
			ProcessInitializeOnLoadAttributes (210ms)
			ProcessInitializeOnLoadMethodAttributes (29ms)
			AfterProcessingInitializeOnLoad (1ms)
			EditorAssembliesLoaded (0ms)
		ExecutionOrderSort2 (0ms)
		AwakeInstancesAfterBackupRestoration (7ms)
Refreshing native plugins compatible for Editor in 0.23 ms, found 2 plugins.
Preloading 0 native plugins for Editor in 0.00 ms.
Unloading 26 Unused Serialized files (Serialized files now loaded: 0)
Unloading 6083 unused Assets / (4.3 MB). Loaded Objects now: 7033.
Memory consumption went from 160.0 MB to 155.7 MB.
Total: 4.348708 ms (FindLiveObjects: 0.281959 ms CreateObjectMapping: 0.110500 ms MarkObjects: 2.861125 ms  DeleteObjects: 1.094875 ms)

Prepare: number of updated asset objects reloaded= 0
========================================================================
Received Prepare
Begin MonoManager ReloadAssembly
Thread 0x16db57000 may have been prematurely finalized
- Loaded All Assemblies, in  0.383 seconds
Refreshing native plugins compatible for Editor in 0.20 ms, found 2 plugins.
Native extension for OSXStandalone target not found
Native extension for WebGL target not found
Mono: successfully reloaded assembly
- Finished resetting the current domain, in  0.364 seconds
Domain Reload Profiling: 749ms
	BeginReloadAssembly (92ms)
		ExecutionOrderSort (0ms)
		DisableScriptedObjects (3ms)
		BackupInstance (0ms)
		ReleaseScriptingObjects (0ms)
		CreateAndSetChildDomain (42ms)
	RebuildCommonClasses (20ms)
	RebuildNativeTypeToScriptingClass (7ms)
	initialDomainReloadingComplete (11ms)
	LoadAllAssembliesAndSetupDomain (256ms)
		LoadAssemblies (141ms)
		RebuildTransferFunctionScriptingTraits (0ms)
		AnalyzeDomain (137ms)
			TypeCache.Refresh (7ms)
				TypeCache.ScanAssembly (0ms)
			BuildScriptInfoCaches (114ms)
			ResolveRequiredComponents (11ms)
	FinalizeReload (364ms)
		ReleaseScriptCaches (0ms)
		RebuildScriptCaches (0ms)
		SetupLoadedEditorAssemblies (269ms)
			LogAssemblyErrors (0ms)
			InitializePlatformSupportModulesInManaged (2ms)
			SetLoadedEditorAssemblies (2ms)
			BeforeProcessingInitializeOnLoad (49ms)
			ProcessInitializeOnLoadAttributes (189ms)
			ProcessInitializeOnLoadMethodAttributes (27ms)
			AfterProcessingInitializeOnLoad (0ms)
			EditorAssembliesLoaded (0ms)
		ExecutionOrderSort2 (0ms)
		AwakeInstancesAfterBackupRestoration (4ms)
Refreshing native plugins compatible for Editor in 0.30 ms, found 2 plugins.
Preloading 0 native plugins for Editor in 0.00 ms.
Unloading 26 Unused Serialized files (Serialized files now loaded: 0)
Unloading 6083 unused Assets / (3.5 MB). Loaded Objects now: 7035.
Memory consumption went from 160.0 MB to 156.4 MB.
Total: 5.725000 ms (FindLiveObjects: 0.330458 ms CreateObjectMapping: 0.132875 ms MarkObjects: 3.889375 ms  DeleteObjects: 1.372042 ms)

Prepare: number of updated asset objects reloaded= 0
========================================================================
Received Prepare
Begin MonoManager ReloadAssembly
Thread 0x16db57000 may have been prematurely finalized
- Loaded All Assemblies, in  0.335 seconds
Refreshing native plugins compatible for Editor in 0.16 ms, found 2 plugins.
Native extension for OSXStandalone target not found
Native extension for WebGL target not found
Mono: successfully reloaded assembly
- Finished resetting the current domain, in  0.360 seconds
Domain Reload Profiling: 698ms
	BeginReloadAssembly (93ms)
		ExecutionOrderSort (0ms)
		DisableScriptedObjects (3ms)
		BackupInstance (0ms)
		ReleaseScriptingObjects (0ms)
		CreateAndSetChildDomain (43ms)
	RebuildCommonClasses (20ms)
	RebuildNativeTypeToScriptingClass (7ms)
	initialDomainReloadingComplete (11ms)
	LoadAllAssembliesAndSetupDomain (207ms)
		LoadAssemblies (126ms)
		RebuildTransferFunctionScriptingTraits (0ms)
		AnalyzeDomain (102ms)
			TypeCache.Refresh (5ms)
				TypeCache.ScanAssembly (0ms)
			BuildScriptInfoCaches (90ms)
			ResolveRequiredComponents (5ms)
	FinalizeReload (360ms)
		ReleaseScriptCaches (0ms)
		RebuildScriptCaches (0ms)
		SetupLoadedEditorAssemblies (266ms)
			LogAssemblyErrors (0ms)
			InitializePlatformSupportModulesInManaged (2ms)
			SetLoadedEditorAssemblies (2ms)
			BeforeProcessingInitializeOnLoad (54ms)
			ProcessInitializeOnLoadAttributes (180ms)
			ProcessInitializeOnLoadMethodAttributes (27ms)
			AfterProcessingInitializeOnLoad (0ms)
			EditorAssembliesLoaded (0ms)
		ExecutionOrderSort2 (0ms)
		AwakeInstancesAfterBackupRestoration (4ms)
Refreshing native plugins compatible for Editor in 0.34 ms, found 2 plugins.
Preloading 0 native plugins for Editor in 0.00 ms.
Unloading 26 Unused Serialized files (Serialized files now loaded: 0)
Unloading 6083 unused Assets / (3.6 MB). Loaded Objects now: 7037.
Memory consumption went from 160.0 MB to 156.3 MB.
Total: 5.438458 ms (FindLiveObjects: 0.386666 ms CreateObjectMapping: 0.201667 ms MarkObjects: 3.455917 ms  DeleteObjects: 1.393750 ms)

Prepare: number of updated asset objects reloaded= 0
========================================================================
Received Prepare
Refreshing native plugins compatible for Editor in 0.30 ms, found 2 plugins.
Preloading 0 native plugins for Editor in 0.00 ms.
Unloading 26 Unused Serialized files (Serialized files now loaded: 0)
Unloading 6076 unused Assets / (2.8 MB). Loaded Objects now: 7037.
Memory consumption went from 155.0 MB to 152.3 MB.
Total: 20.911667 ms (FindLiveObjects: 0.990792 ms CreateObjectMapping: 0.229750 ms MarkObjects: 18.690417 ms  DeleteObjects: 1.000458 ms)

Prepare: number of updated asset objects reloaded= 0
========================================================================
Received Prepare
Begin MonoManager ReloadAssembly
Thread 0x16db57000 may have been prematurely finalized
- Loaded All Assemblies, in  0.406 seconds
Refreshing native plugins compatible for Editor in 0.21 ms, found 2 plugins.
Native extension for OSXStandalone target not found
Native extension for WebGL target not found
Mono: successfully reloaded assembly
- Finished resetting the current domain, in  0.387 seconds
Domain Reload Profiling: 795ms
	BeginReloadAssembly (112ms)
		ExecutionOrderSort (0ms)
		DisableScriptedObjects (5ms)
		BackupInstance (0ms)
		ReleaseScriptingObjects (0ms)
		CreateAndSetChildDomain (52ms)
	RebuildCommonClasses (20ms)
	RebuildNativeTypeToScriptingClass (7ms)
	initialDomainReloadingComplete (12ms)
	LoadAllAssembliesAndSetupDomain (257ms)
		LoadAssemblies (181ms)
		RebuildTransferFunctionScriptingTraits (0ms)
		AnalyzeDomain (103ms)
			TypeCache.Refresh (10ms)
				TypeCache.ScanAssembly (0ms)
			BuildScriptInfoCaches (84ms)
			ResolveRequiredComponents (6ms)
	FinalizeReload (387ms)
		ReleaseScriptCaches (0ms)
		RebuildScriptCaches (0ms)
		SetupLoadedEditorAssemblies (290ms)
			LogAssemblyErrors (0ms)
			InitializePlatformSupportModulesInManaged (2ms)
			SetLoadedEditorAssemblies (2ms)
			BeforeProcessingInitializeOnLoad (52ms)
			ProcessInitializeOnLoadAttributes (203ms)
			ProcessInitializeOnLoadMethodAttributes (30ms)
			AfterProcessingInitializeOnLoad (1ms)
			EditorAssembliesLoaded (0ms)
		ExecutionOrderSort2 (0ms)
		AwakeInstancesAfterBackupRestoration (5ms)
Refreshing native plugins compatible for Editor in 0.24 ms, found 2 plugins.
Preloading 0 native plugins for Editor in 0.00 ms.
Unloading 26 Unused Serialized files (Serialized files now loaded: 0)
Unloading 6083 unused Assets / (4.3 MB). Loaded Objects now: 7039.
Memory consumption went from 160.0 MB to 155.7 MB.
Total: 4.901375 ms (FindLiveObjects: 0.300833 ms CreateObjectMapping: 0.173459 ms MarkObjects: 3.261875 ms  DeleteObjects: 1.164750 ms)

Prepare: number of updated asset objects reloaded= 0
========================================================================
Received Prepare
Begin MonoManager ReloadAssembly
Thread 0x16db57000 may have been prematurely finalized
- Loaded All Assemblies, in  0.354 seconds
Refreshing native plugins compatible for Editor in 0.20 ms, found 2 plugins.
Native extension for OSXStandalone target not found
Native extension for WebGL target not found
Mono: successfully reloaded assembly
- Finished resetting the current domain, in  0.375 seconds
Domain Reload Profiling: 731ms
	BeginReloadAssembly (94ms)
		ExecutionOrderSort (0ms)
		DisableScriptedObjects (3ms)
		BackupInstance (0ms)
		ReleaseScriptingObjects (0ms)
		CreateAndSetChildDomain (44ms)
	RebuildCommonClasses (20ms)
	RebuildNativeTypeToScriptingClass (7ms)
	initialDomainReloadingComplete (10ms)
	LoadAllAssembliesAndSetupDomain (225ms)
		LoadAssemblies (139ms)
		RebuildTransferFunctionScriptingTraits (0ms)
		AnalyzeDomain (108ms)
			TypeCache.Refresh (7ms)
				TypeCache.ScanAssembly (0ms)
			BuildScriptInfoCaches (94ms)
			ResolveRequiredComponents (5ms)
	FinalizeReload (375ms)
		ReleaseScriptCaches (0ms)
		RebuildScriptCaches (0ms)
		SetupLoadedEditorAssemblies (280ms)
			LogAssemblyErrors (0ms)
			InitializePlatformSupportModulesInManaged (2ms)
			SetLoadedEditorAssemblies (2ms)
			BeforeProcessingInitializeOnLoad (61ms)
			ProcessInitializeOnLoadAttributes (186ms)
			ProcessInitializeOnLoadMethodAttributes (28ms)
			AfterProcessingInitializeOnLoad (0ms)
			EditorAssembliesLoaded (0ms)
		ExecutionOrderSort2 (0ms)
		AwakeInstancesAfterBackupRestoration (5ms)
Refreshing native plugins compatible for Editor in 0.29 ms, found 2 plugins.
Preloading 0 native plugins for Editor in 0.00 ms.
Unloading 26 Unused Serialized files (Serialized files now loaded: 0)
Unloading 6083 unused Assets / (4.1 MB). Loaded Objects now: 7041.
Memory consumption went from 160.0 MB to 156.0 MB.
Total: 4.413750 ms (FindLiveObjects: 0.283834 ms CreateObjectMapping: 0.110541 ms MarkObjects: 3.017583 ms  DeleteObjects: 1.001667 ms)

Prepare: number of updated asset objects reloaded= 0
========================================================================
Received Prepare
Begin MonoManager ReloadAssembly
Thread 0x16db57000 may have been prematurely finalized
- Loaded All Assemblies, in  0.460 seconds
Refreshing native plugins compatible for Editor in 0.22 ms, found 2 plugins.
Native extension for OSXStandalone target not found
Native extension for WebGL target not found
Mono: successfully reloaded assembly
- Finished resetting the current domain, in  0.399 seconds
Domain Reload Profiling: 861ms
	BeginReloadAssembly (179ms)
		ExecutionOrderSort (0ms)
		DisableScriptedObjects (12ms)
		BackupInstance (0ms)
		ReleaseScriptingObjects (0ms)
		CreateAndSetChildDomain (76ms)
	RebuildCommonClasses (21ms)
	RebuildNativeTypeToScriptingClass (7ms)
	initialDomainReloadingComplete (16ms)
	LoadAllAssembliesAndSetupDomain (239ms)
		LoadAssemblies (169ms)
		RebuildTransferFunctionScriptingTraits (0ms)
		AnalyzeDomain (98ms)
			TypeCache.Refresh (7ms)
				TypeCache.ScanAssembly (0ms)
			BuildScriptInfoCaches (83ms)
			ResolveRequiredComponents (6ms)
	FinalizeReload (399ms)
		ReleaseScriptCaches (0ms)
		RebuildScriptCaches (0ms)
		SetupLoadedEditorAssemblies (299ms)
			LogAssemblyErrors (0ms)
			InitializePlatformSupportModulesInManaged (2ms)
			SetLoadedEditorAssemblies (2ms)
			BeforeProcessingInitializeOnLoad (51ms)
			ProcessInitializeOnLoadAttributes (213ms)
			ProcessInitializeOnLoadMethodAttributes (31ms)
			AfterProcessingInitializeOnLoad (1ms)
			EditorAssembliesLoaded (0ms)
		ExecutionOrderSort2 (0ms)
		AwakeInstancesAfterBackupRestoration (6ms)
Refreshing native plugins compatible for Editor in 0.29 ms, found 2 plugins.
Preloading 0 native plugins for Editor in 0.00 ms.
Unloading 26 Unused Serialized files (Serialized files now loaded: 0)
Unloading 6083 unused Assets / (3.6 MB). Loaded Objects now: 7043.
Memory consumption went from 160.0 MB to 156.4 MB.
Total: 4.909916 ms (FindLiveObjects: 0.342208 ms CreateObjectMapping: 0.121834 ms MarkObjects: 3.173000 ms  DeleteObjects: 1.272666 ms)

Prepare: number of updated asset objects reloaded= 0
========================================================================
Received Prepare
Begin MonoManager ReloadAssembly
Thread 0x16db57000 may have been prematurely finalized
- Loaded All Assemblies, in  0.362 seconds
Refreshing native plugins compatible for Editor in 0.19 ms, found 2 plugins.
Native extension for OSXStandalone target not found
Native extension for WebGL target not found
Mono: successfully reloaded assembly
- Finished resetting the current domain, in  0.391 seconds
Domain Reload Profiling: 755ms
	BeginReloadAssembly (95ms)
		ExecutionOrderSort (0ms)
		DisableScriptedObjects (3ms)
		BackupInstance (0ms)
		ReleaseScriptingObjects (0ms)
		CreateAndSetChildDomain (44ms)
	RebuildCommonClasses (20ms)
	RebuildNativeTypeToScriptingClass (7ms)
	initialDomainReloadingComplete (10ms)
	LoadAllAssembliesAndSetupDomain (232ms)
		LoadAssemblies (148ms)
		RebuildTransferFunctionScriptingTraits (0ms)
		AnalyzeDomain (106ms)
			TypeCache.Refresh (7ms)
				TypeCache.ScanAssembly (0ms)
			BuildScriptInfoCaches (92ms)
			ResolveRequiredComponents (5ms)
	FinalizeReload (391ms)
		ReleaseScriptCaches (0ms)
		RebuildScriptCaches (0ms)
		SetupLoadedEditorAssemblies (278ms)
			LogAssemblyErrors (0ms)
			InitializePlatformSupportModulesInManaged (2ms)
			SetLoadedEditorAssemblies (2ms)
			BeforeProcessingInitializeOnLoad (53ms)
			ProcessInitializeOnLoadAttributes (194ms)
			ProcessInitializeOnLoadMethodAttributes (26ms)
			AfterProcessingInitializeOnLoad (1ms)
			EditorAssembliesLoaded (0ms)
		ExecutionOrderSort2 (0ms)
		AwakeInstancesAfterBackupRestoration (5ms)
Refreshing native plugins compatible for Editor in 0.25 ms, found 2 plugins.
Preloading 0 native plugins for Editor in 0.00 ms.
Unloading 26 Unused Serialized files (Serialized files now loaded: 0)
Unloading 6083 unused Assets / (4.0 MB). Loaded Objects now: 7045.
Memory consumption went from 160.0 MB to 156.1 MB.
Total: 6.332291 ms (FindLiveObjects: 0.311709 ms CreateObjectMapping: 0.118083 ms MarkObjects: 4.151958 ms  DeleteObjects: 1.750208 ms)

Prepare: number of updated asset objects reloaded= 0
========================================================================
Received Prepare
Begin MonoManager ReloadAssembly
Thread 0x16db57000 may have been prematurely finalized
- Loaded All Assemblies, in  0.373 seconds
Refreshing native plugins compatible for Editor in 0.19 ms, found 2 plugins.
Native extension for OSXStandalone target not found
Native extension for WebGL target not found
Mono: successfully reloaded assembly
- Finished resetting the current domain, in  0.372 seconds
Domain Reload Profiling: 747ms
	BeginReloadAssembly (96ms)
		ExecutionOrderSort (0ms)
		DisableScriptedObjects (3ms)
		BackupInstance (0ms)
		ReleaseScriptingObjects (0ms)
		CreateAndSetChildDomain (45ms)
	RebuildCommonClasses (20ms)
	RebuildNativeTypeToScriptingClass (7ms)
	initialDomainReloadingComplete (11ms)
	LoadAllAssembliesAndSetupDomain (241ms)
		LoadAssemblies (118ms)
		RebuildTransferFunctionScriptingTraits (0ms)
		AnalyzeDomain (145ms)
			TypeCache.Refresh (5ms)
				TypeCache.ScanAssembly (0ms)
			BuildScriptInfoCaches (132ms)
			ResolveRequiredComponents (6ms)
	FinalizeReload (372ms)
		ReleaseScriptCaches (0ms)
		RebuildScriptCaches (0ms)
		SetupLoadedEditorAssemblies (276ms)
			LogAssemblyErrors (0ms)
			InitializePlatformSupportModulesInManaged (2ms)
			SetLoadedEditorAssemblies (2ms)
			BeforeProcessingInitializeOnLoad (54ms)
			ProcessInitializeOnLoadAttributes (190ms)
			ProcessInitializeOnLoadMethodAttributes (28ms)
			AfterProcessingInitializeOnLoad (0ms)
			EditorAssembliesLoaded (0ms)
		ExecutionOrderSort2 (0ms)
		AwakeInstancesAfterBackupRestoration (5ms)
Refreshing native plugins compatible for Editor in 0.32 ms, found 2 plugins.
Preloading 0 native plugins for Editor in 0.00 ms.
Unloading 26 Unused Serialized files (Serialized files now loaded: 0)
Unloading 6083 unused Assets / (4.1 MB). Loaded Objects now: 7047.
Memory consumption went from 160.0 MB to 156.0 MB.
Total: 6.059958 ms (FindLiveObjects: 0.310416 ms CreateObjectMapping: 0.104209 ms MarkObjects: 3.431625 ms  DeleteObjects: 2.213250 ms)

Prepare: number of updated asset objects reloaded= 0
========================================================================
Received Prepare
Begin MonoManager ReloadAssembly
Thread 0x16db57000 may have been prematurely finalized
- Loaded All Assemblies, in  0.389 seconds
Refreshing native plugins compatible for Editor in 0.39 ms, found 2 plugins.
Native extension for OSXStandalone target not found
Native extension for WebGL target not found
Mono: successfully reloaded assembly
- Finished resetting the current domain, in  0.367 seconds
Domain Reload Profiling: 759ms
	BeginReloadAssembly (93ms)
		ExecutionOrderSort (0ms)
		DisableScriptedObjects (3ms)
		BackupInstance (0ms)
		ReleaseScriptingObjects (0ms)
		CreateAndSetChildDomain (43ms)
	RebuildCommonClasses (20ms)
	RebuildNativeTypeToScriptingClass (7ms)
	initialDomainReloadingComplete (11ms)
	LoadAllAssembliesAndSetupDomain (260ms)
		LoadAssemblies (167ms)
		RebuildTransferFunctionScriptingTraits (0ms)
		AnalyzeDomain (114ms)
			TypeCache.Refresh (10ms)
				TypeCache.ScanAssembly (0ms)
			BuildScriptInfoCaches (97ms)
			ResolveRequiredComponents (6ms)
	FinalizeReload (367ms)
		ReleaseScriptCaches (0ms)
		RebuildScriptCaches (0ms)
		SetupLoadedEditorAssemblies (270ms)
			LogAssemblyErrors (0ms)
			InitializePlatformSupportModulesInManaged (2ms)
			SetLoadedEditorAssemblies (2ms)
			BeforeProcessingInitializeOnLoad (49ms)
			ProcessInitializeOnLoadAttributes (189ms)
			ProcessInitializeOnLoadMethodAttributes (28ms)
			AfterProcessingInitializeOnLoad (0ms)
			EditorAssembliesLoaded (0ms)
		ExecutionOrderSort2 (0ms)
		AwakeInstancesAfterBackupRestoration (5ms)
Refreshing native plugins compatible for Editor in 0.27 ms, found 2 plugins.
Preloading 0 native plugins for Editor in 0.00 ms.
Unloading 26 Unused Serialized files (Serialized files now loaded: 0)
Unloading 6083 unused Assets / (4.2 MB). Loaded Objects now: 7049.
Memory consumption went from 160.0 MB to 155.9 MB.
Total: 7.638375 ms (FindLiveObjects: 0.345584 ms CreateObjectMapping: 0.116875 ms MarkObjects: 4.583000 ms  DeleteObjects: 2.592042 ms)

Prepare: number of updated asset objects reloaded= 0
========================================================================
Received Prepare
Begin MonoManager ReloadAssembly
Thread 0x16db57000 may have been prematurely finalized
- Loaded All Assemblies, in  0.357 seconds
Refreshing native plugins compatible for Editor in 0.19 ms, found 2 plugins.
Native extension for OSXStandalone target not found
Native extension for WebGL target not found
Mono: successfully reloaded assembly
- Finished resetting the current domain, in  0.363 seconds
Domain Reload Profiling: 723ms
	BeginReloadAssembly (94ms)
		ExecutionOrderSort (0ms)
		DisableScriptedObjects (3ms)
		BackupInstance (0ms)
		ReleaseScriptingObjects (0ms)
		CreateAndSetChildDomain (45ms)
	RebuildCommonClasses (20ms)
	RebuildNativeTypeToScriptingClass (7ms)
	initialDomainReloadingComplete (10ms)
	LoadAllAssembliesAndSetupDomain (229ms)
		LoadAssemblies (135ms)
		RebuildTransferFunctionScriptingTraits (0ms)
		AnalyzeDomain (112ms)
			TypeCache.Refresh (9ms)
				TypeCache.ScanAssembly (0ms)
			BuildScriptInfoCaches (96ms)
			ResolveRequiredComponents (6ms)
	FinalizeReload (363ms)
		ReleaseScriptCaches (0ms)
		RebuildScriptCaches (0ms)
		SetupLoadedEditorAssemblies (267ms)
			LogAssemblyErrors (0ms)
			InitializePlatformSupportModulesInManaged (2ms)
			SetLoadedEditorAssemblies (2ms)
			BeforeProcessingInitializeOnLoad (50ms)
			ProcessInitializeOnLoadAttributes (186ms)
			ProcessInitializeOnLoadMethodAttributes (27ms)
			AfterProcessingInitializeOnLoad (0ms)
			EditorAssembliesLoaded (0ms)
		ExecutionOrderSort2 (0ms)
		AwakeInstancesAfterBackupRestoration (5ms)
Refreshing native plugins compatible for Editor in 0.24 ms, found 2 plugins.
Preloading 0 native plugins for Editor in 0.00 ms.
Unloading 26 Unused Serialized files (Serialized files now loaded: 0)
Unloading 6083 unused Assets / (3.8 MB). Loaded Objects now: 7051.
Memory consumption went from 160.0 MB to 156.3 MB.
Total: 4.424625 ms (FindLiveObjects: 0.283334 ms CreateObjectMapping: 0.123916 ms MarkObjects: 2.908875 ms  DeleteObjects: 1.107917 ms)

Prepare: number of updated asset objects reloaded= 0
========================================================================
Received Prepare
Begin MonoManager ReloadAssembly
Thread 0x16db57000 may have been prematurely finalized
- Loaded All Assemblies, in  0.495 seconds
Refreshing native plugins compatible for Editor in 0.16 ms, found 2 plugins.
Native extension for OSXStandalone target not found
Native extension for WebGL target not found
Mono: successfully reloaded assembly
- Finished resetting the current domain, in  0.396 seconds
Domain Reload Profiling: 892ms
	BeginReloadAssembly (183ms)
		ExecutionOrderSort (0ms)
		DisableScriptedObjects (4ms)
		BackupInstance (0ms)
		ReleaseScriptingObjects (0ms)
		CreateAndSetChildDomain (81ms)
	RebuildCommonClasses (26ms)
	RebuildNativeTypeToScriptingClass (10ms)
	initialDomainReloadingComplete (22ms)
	LoadAllAssembliesAndSetupDomain (256ms)
		LoadAssemblies (220ms)
		RebuildTransferFunctionScriptingTraits (0ms)
		AnalyzeDomain (97ms)
			TypeCache.Refresh (8ms)
				TypeCache.ScanAssembly (0ms)
			BuildScriptInfoCaches (82ms)
			ResolveRequiredComponents (5ms)
	FinalizeReload (396ms)
		ReleaseScriptCaches (0ms)
		RebuildScriptCaches (0ms)
		SetupLoadedEditorAssemblies (300ms)
			LogAssemblyErrors (0ms)
			InitializePlatformSupportModulesInManaged (2ms)
			SetLoadedEditorAssemblies (2ms)
			BeforeProcessingInitializeOnLoad (52ms)
			ProcessInitializeOnLoadAttributes (217ms)
			ProcessInitializeOnLoadMethodAttributes (27ms)
			AfterProcessingInitializeOnLoad (0ms)
			EditorAssembliesLoaded (0ms)
		ExecutionOrderSort2 (0ms)
		AwakeInstancesAfterBackupRestoration (4ms)
Refreshing native plugins compatible for Editor in 0.24 ms, found 2 plugins.
Preloading 0 native plugins for Editor in 0.00 ms.
Unloading 26 Unused Serialized files (Serialized files now loaded: 0)
Unloading 6083 unused Assets / (4.3 MB). Loaded Objects now: 7053.
Memory consumption went from 160.0 MB to 155.8 MB.
Total: 4.366750 ms (FindLiveObjects: 0.294208 ms CreateObjectMapping: 0.103750 ms MarkObjects: 2.941875 ms  DeleteObjects: 1.026834 ms)

Prepare: number of updated asset objects reloaded= 0
========================================================================
Received Prepare
Begin MonoManager ReloadAssembly
Thread 0x16db57000 may have been prematurely finalized
- Loaded All Assemblies, in  0.453 seconds
Refreshing native plugins compatible for Editor in 0.16 ms, found 2 plugins.
Native extension for OSXStandalone target not found
Native extension for WebGL target not found
Mono: successfully reloaded assembly
- Finished resetting the current domain, in  0.394 seconds
Domain Reload Profiling: 849ms
	BeginReloadAssembly (155ms)
		ExecutionOrderSort (0ms)
		DisableScriptedObjects (11ms)
		BackupInstance (0ms)
		ReleaseScriptingObjects (1ms)
		CreateAndSetChildDomain (65ms)
	RebuildCommonClasses (20ms)
	RebuildNativeTypeToScriptingClass (7ms)
	initialDomainReloadingComplete (22ms)
	LoadAllAssembliesAndSetupDomain (251ms)
		LoadAssemblies (165ms)
		RebuildTransferFunctionScriptingTraits (0ms)
		AnalyzeDomain (113ms)
			TypeCache.Refresh (16ms)
				TypeCache.ScanAssembly (0ms)
			BuildScriptInfoCaches (89ms)
			ResolveRequiredComponents (6ms)
	FinalizeReload (394ms)
		ReleaseScriptCaches (0ms)
		RebuildScriptCaches (0ms)
		SetupLoadedEditorAssemblies (297ms)
			LogAssemblyErrors (0ms)
			InitializePlatformSupportModulesInManaged (2ms)
			SetLoadedEditorAssemblies (2ms)
			BeforeProcessingInitializeOnLoad (67ms)
			ProcessInitializeOnLoadAttributes (199ms)
			ProcessInitializeOnLoadMethodAttributes (27ms)
			AfterProcessingInitializeOnLoad (0ms)
			EditorAssembliesLoaded (0ms)
		ExecutionOrderSort2 (0ms)
		AwakeInstancesAfterBackupRestoration (5ms)
Refreshing native plugins compatible for Editor in 0.24 ms, found 2 plugins.
Preloading 0 native plugins for Editor in 0.00 ms.
Unloading 26 Unused Serialized files (Serialized files now loaded: 0)
Unloading 6083 unused Assets / (4.1 MB). Loaded Objects now: 7055.
Memory consumption went from 160.1 MB to 156.0 MB.
Total: 4.339917 ms (FindLiveObjects: 0.283458 ms CreateObjectMapping: 0.099750 ms MarkObjects: 2.889417 ms  DeleteObjects: 1.066959 ms)

Prepare: number of updated asset objects reloaded= 0
========================================================================
Received Prepare
Begin MonoManager ReloadAssembly
Thread 0x16db57000 may have been prematurely finalized
- Loaded All Assemblies, in  0.441 seconds
Refreshing native plugins compatible for Editor in 0.20 ms, found 2 plugins.
Native extension for OSXStandalone target not found
Native extension for WebGL target not found
Mono: successfully reloaded assembly
- Finished resetting the current domain, in  0.383 seconds
Domain Reload Profiling: 826ms
	BeginReloadAssembly (152ms)
		ExecutionOrderSort (0ms)
		DisableScriptedObjects (12ms)
		BackupInstance (0ms)
		ReleaseScriptingObjects (1ms)
		CreateAndSetChildDomain (76ms)
	RebuildCommonClasses (22ms)
	RebuildNativeTypeToScriptingClass (7ms)
	initialDomainReloadingComplete (13ms)
	LoadAllAssembliesAndSetupDomain (248ms)
		LoadAssemblies (169ms)
		RebuildTransferFunctionScriptingTraits (0ms)
		AnalyzeDomain (107ms)
			TypeCache.Refresh (11ms)
				TypeCache.ScanAssembly (0ms)
			BuildScriptInfoCaches (89ms)
			ResolveRequiredComponents (6ms)
	FinalizeReload (384ms)
		ReleaseScriptCaches (0ms)
		RebuildScriptCaches (0ms)
		SetupLoadedEditorAssemblies (287ms)
			LogAssemblyErrors (0ms)
			InitializePlatformSupportModulesInManaged (2ms)
			SetLoadedEditorAssemblies (2ms)
			BeforeProcessingInitializeOnLoad (58ms)
			ProcessInitializeOnLoadAttributes (200ms)
			ProcessInitializeOnLoadMethodAttributes (24ms)
			AfterProcessingInitializeOnLoad (0ms)
			EditorAssembliesLoaded (0ms)
		ExecutionOrderSort2 (0ms)
		AwakeInstancesAfterBackupRestoration (5ms)
Refreshing native plugins compatible for Editor in 0.23 ms, found 2 plugins.
Preloading 0 native plugins for Editor in 0.00 ms.
Unloading 26 Unused Serialized files (Serialized files now loaded: 0)
Unloading 6083 unused Assets / (4.3 MB). Loaded Objects now: 7057.
Memory consumption went from 160.1 MB to 155.8 MB.
Total: 5.640791 ms (FindLiveObjects: 0.278583 ms CreateObjectMapping: 0.135542 ms MarkObjects: 4.125458 ms  DeleteObjects: 1.100916 ms)

Prepare: number of updated asset objects reloaded= 0
========================================================================
Received Prepare
Begin MonoManager ReloadAssembly
Thread 0x16db57000 may have been prematurely finalized
- Loaded All Assemblies, in  0.355 seconds
Refreshing native plugins compatible for Editor in 0.16 ms, found 2 plugins.
Native extension for OSXStandalone target not found
Native extension for WebGL target not found
Mono: successfully reloaded assembly
- Finished resetting the current domain, in  0.377 seconds
Domain Reload Profiling: 734ms
	BeginReloadAssembly (93ms)
		ExecutionOrderSort (0ms)
		DisableScriptedObjects (3ms)
		BackupInstance (0ms)
		ReleaseScriptingObjects (0ms)
		CreateAndSetChildDomain (43ms)
	RebuildCommonClasses (20ms)
	RebuildNativeTypeToScriptingClass (7ms)
	initialDomainReloadingComplete (11ms)
	LoadAllAssembliesAndSetupDomain (227ms)
		LoadAssemblies (149ms)
		RebuildTransferFunctionScriptingTraits (0ms)
		AnalyzeDomain (98ms)
			TypeCache.Refresh (8ms)
				TypeCache.ScanAssembly (0ms)
			BuildScriptInfoCaches (83ms)
			ResolveRequiredComponents (6ms)
	FinalizeReload (377ms)
		ReleaseScriptCaches (0ms)
		RebuildScriptCaches (0ms)
		SetupLoadedEditorAssemblies (280ms)
			LogAssemblyErrors (0ms)
			InitializePlatformSupportModulesInManaged (4ms)
			SetLoadedEditorAssemblies (2ms)
			BeforeProcessingInitializeOnLoad (55ms)
			ProcessInitializeOnLoadAttributes (188ms)
			ProcessInitializeOnLoadMethodAttributes (31ms)
			AfterProcessingInitializeOnLoad (1ms)
			EditorAssembliesLoaded (0ms)
		ExecutionOrderSort2 (0ms)
		AwakeInstancesAfterBackupRestoration (5ms)
Refreshing native plugins compatible for Editor in 0.24 ms, found 2 plugins.
Preloading 0 native plugins for Editor in 0.00 ms.
Unloading 26 Unused Serialized files (Serialized files now loaded: 0)
Unloading 6083 unused Assets / (4.2 MB). Loaded Objects now: 7059.
Memory consumption went from 160.1 MB to 155.9 MB.
Total: 4.378459 ms (FindLiveObjects: 0.318542 ms CreateObjectMapping: 0.103916 ms MarkObjects: 2.934792 ms  DeleteObjects: 1.020833 ms)

Prepare: number of updated asset objects reloaded= 0
========================================================================
Received Prepare
Begin MonoManager ReloadAssembly
Thread 0x16db57000 may have been prematurely finalized
- Loaded All Assemblies, in  0.365 seconds
Refreshing native plugins compatible for Editor in 0.15 ms, found 2 plugins.
Native extension for OSXStandalone target not found
Native extension for WebGL target not found
Mono: successfully reloaded assembly
- Finished resetting the current domain, in  0.376 seconds
Domain Reload Profiling: 744ms
	BeginReloadAssembly (109ms)
		ExecutionOrderSort (0ms)
		DisableScriptedObjects (3ms)
		BackupInstance (0ms)
		ReleaseScriptingObjects (0ms)
		CreateAndSetChildDomain (53ms)
	RebuildCommonClasses (20ms)
	RebuildNativeTypeToScriptingClass (7ms)
	initialDomainReloadingComplete (12ms)
	LoadAllAssembliesAndSetupDomain (220ms)
		LoadAssemblies (146ms)
		RebuildTransferFunctionScriptingTraits (0ms)
		AnalyzeDomain (101ms)
			TypeCache.Refresh (8ms)
				TypeCache.ScanAssembly (0ms)
			BuildScriptInfoCaches (85ms)
			ResolveRequiredComponents (5ms)
	FinalizeReload (377ms)
		ReleaseScriptCaches (0ms)
		RebuildScriptCaches (0ms)
		SetupLoadedEditorAssemblies (277ms)
			LogAssemblyErrors (0ms)
			InitializePlatformSupportModulesInManaged (2ms)
			SetLoadedEditorAssemblies (2ms)
			BeforeProcessingInitializeOnLoad (59ms)
			ProcessInitializeOnLoadAttributes (185ms)
			ProcessInitializeOnLoadMethodAttributes (28ms)
			AfterProcessingInitializeOnLoad (0ms)
			EditorAssembliesLoaded (0ms)
		ExecutionOrderSort2 (0ms)
		AwakeInstancesAfterBackupRestoration (6ms)
Refreshing native plugins compatible for Editor in 0.19 ms, found 2 plugins.
Preloading 0 native plugins for Editor in 0.00 ms.
Unloading 26 Unused Serialized files (Serialized files now loaded: 0)
Unloading 6083 unused Assets / (4.3 MB). Loaded Objects now: 7061.
Memory consumption went from 160.1 MB to 155.8 MB.
Total: 4.297959 ms (FindLiveObjects: 0.230625 ms CreateObjectMapping: 0.137625 ms MarkObjects: 2.925625 ms  DeleteObjects: 1.003959 ms)

Prepare: number of updated asset objects reloaded= 0
========================================================================
Received Prepare
Begin MonoManager ReloadAssembly
Thread 0x16db57000 may have been prematurely finalized
- Loaded All Assemblies, in  0.453 seconds
Refreshing native plugins compatible for Editor in 0.20 ms, found 2 plugins.
Native extension for OSXStandalone target not found
Native extension for WebGL target not found
Mono: successfully reloaded assembly
- Finished resetting the current domain, in  0.404 seconds
Domain Reload Profiling: 859ms
	BeginReloadAssembly (162ms)
		ExecutionOrderSort (0ms)
		DisableScriptedObjects (10ms)
		BackupInstance (0ms)
		ReleaseScriptingObjects (0ms)
		CreateAndSetChildDomain (73ms)
	RebuildCommonClasses (21ms)
	RebuildNativeTypeToScriptingClass (9ms)
	initialDomainReloadingComplete (21ms)
	LoadAllAssembliesAndSetupDomain (242ms)
		LoadAssemblies (183ms)
		RebuildTransferFunctionScriptingTraits (0ms)
		AnalyzeDomain (97ms)
			TypeCache.Refresh (8ms)
				TypeCache.ScanAssembly (0ms)
			BuildScriptInfoCaches (82ms)
			ResolveRequiredComponents (5ms)
	FinalizeReload (404ms)
		ReleaseScriptCaches (0ms)
		RebuildScriptCaches (0ms)
		SetupLoadedEditorAssemblies (305ms)
			LogAssemblyErrors (0ms)
			InitializePlatformSupportModulesInManaged (2ms)
			SetLoadedEditorAssemblies (2ms)
			BeforeProcessingInitializeOnLoad (53ms)
			ProcessInitializeOnLoadAttributes (223ms)
			ProcessInitializeOnLoadMethodAttributes (25ms)
			AfterProcessingInitializeOnLoad (0ms)
			EditorAssembliesLoaded (0ms)
		ExecutionOrderSort2 (0ms)
		AwakeInstancesAfterBackupRestoration (5ms)
Refreshing native plugins compatible for Editor in 0.24 ms, found 2 plugins.
Preloading 0 native plugins for Editor in 0.00 ms.
Unloading 26 Unused Serialized files (Serialized files now loaded: 0)
Unloading 6083 unused Assets / (4.2 MB). Loaded Objects now: 7063.
Memory consumption went from 160.1 MB to 155.9 MB.
Total: 4.281792 ms (FindLiveObjects: 0.283250 ms CreateObjectMapping: 0.107792 ms MarkObjects: 2.837083 ms  DeleteObjects: 1.053584 ms)

Prepare: number of updated asset objects reloaded= 0
========================================================================
Received Prepare
Begin MonoManager ReloadAssembly
Thread 0x16db57000 may have been prematurely finalized
- Loaded All Assemblies, in  0.432 seconds
Refreshing native plugins compatible for Editor in 0.17 ms, found 2 plugins.
Native extension for OSXStandalone target not found
Native extension for WebGL target not found
Mono: successfully reloaded assembly
- Finished resetting the current domain, in  0.407 seconds
Domain Reload Profiling: 841ms
	BeginReloadAssembly (145ms)
		ExecutionOrderSort (0ms)
		DisableScriptedObjects (10ms)
		BackupInstance (0ms)
		ReleaseScriptingObjects (0ms)
		CreateAndSetChildDomain (65ms)
	RebuildCommonClasses (21ms)
	RebuildNativeTypeToScriptingClass (7ms)
	initialDomainReloadingComplete (17ms)
	LoadAllAssembliesAndSetupDomain (244ms)
		LoadAssemblies (166ms)
		RebuildTransferFunctionScriptingTraits (0ms)
		AnalyzeDomain (107ms)
			TypeCache.Refresh (9ms)
				TypeCache.ScanAssembly (0ms)
			BuildScriptInfoCaches (87ms)
			ResolveRequiredComponents (6ms)
	FinalizeReload (407ms)
		ReleaseScriptCaches (0ms)
		RebuildScriptCaches (0ms)
		SetupLoadedEditorAssemblies (309ms)
			LogAssemblyErrors (0ms)
			InitializePlatformSupportModulesInManaged (2ms)
			SetLoadedEditorAssemblies (2ms)
			BeforeProcessingInitializeOnLoad (56ms)
			ProcessInitializeOnLoadAttributes (215ms)
			ProcessInitializeOnLoadMethodAttributes (34ms)
			AfterProcessingInitializeOnLoad (1ms)
			EditorAssembliesLoaded (0ms)
		ExecutionOrderSort2 (0ms)
		AwakeInstancesAfterBackupRestoration (6ms)
Refreshing native plugins compatible for Editor in 0.26 ms, found 2 plugins.
Preloading 0 native plugins for Editor in 0.00 ms.
Unloading 26 Unused Serialized files (Serialized files now loaded: 0)
Unloading 6083 unused Assets / (3.6 MB). Loaded Objects now: 7065.
Memory consumption went from 160.1 MB to 156.4 MB.
Total: 5.546833 ms (FindLiveObjects: 0.346417 ms CreateObjectMapping: 0.152500 ms MarkObjects: 3.672125 ms  DeleteObjects: 1.375458 ms)

Prepare: number of updated asset objects reloaded= 0
========================================================================
Received Prepare
Begin MonoManager ReloadAssembly
Thread 0x16db57000 may have been prematurely finalized
- Loaded All Assemblies, in  0.437 seconds
Refreshing native plugins compatible for Editor in 0.22 ms, found 2 plugins.
Native extension for OSXStandalone target not found
Native extension for WebGL target not found
Mono: successfully reloaded assembly
- Finished resetting the current domain, in  0.382 seconds
Domain Reload Profiling: 821ms
	BeginReloadAssembly (140ms)
		ExecutionOrderSort (0ms)
		DisableScriptedObjects (7ms)
		BackupInstance (0ms)
		ReleaseScriptingObjects (1ms)
		CreateAndSetChildDomain (67ms)
	RebuildCommonClasses (29ms)
	RebuildNativeTypeToScriptingClass (8ms)
	initialDomainReloadingComplete (12ms)
	LoadAllAssembliesAndSetupDomain (251ms)
		LoadAssemblies (172ms)
		RebuildTransferFunctionScriptingTraits (0ms)
		AnalyzeDomain (107ms)
			TypeCache.Refresh (10ms)
				TypeCache.ScanAssembly (0ms)
			BuildScriptInfoCaches (88ms)
			ResolveRequiredComponents (6ms)
	FinalizeReload (383ms)
		ReleaseScriptCaches (0ms)
		RebuildScriptCaches (0ms)
		SetupLoadedEditorAssemblies (283ms)
			LogAssemblyErrors (0ms)
			InitializePlatformSupportModulesInManaged (2ms)
			SetLoadedEditorAssemblies (2ms)
			BeforeProcessingInitializeOnLoad (59ms)
			ProcessInitializeOnLoadAttributes (190ms)
			ProcessInitializeOnLoadMethodAttributes (30ms)
			AfterProcessingInitializeOnLoad (0ms)
			EditorAssembliesLoaded (0ms)
		ExecutionOrderSort2 (0ms)
		AwakeInstancesAfterBackupRestoration (7ms)
Refreshing native plugins compatible for Editor in 0.25 ms, found 2 plugins.
Preloading 0 native plugins for Editor in 0.00 ms.
Unloading 26 Unused Serialized files (Serialized files now loaded: 0)
Unloading 6083 unused Assets / (4.0 MB). Loaded Objects now: 7067.
Memory consumption went from 160.1 MB to 156.0 MB.
Total: 4.611875 ms (FindLiveObjects: 0.300417 ms CreateObjectMapping: 0.104500 ms MarkObjects: 3.121584 ms  DeleteObjects: 1.085042 ms)

Prepare: number of updated asset objects reloaded= 0
========================================================================
Received Prepare
Begin MonoManager ReloadAssembly
Thread 0x16db57000 may have been prematurely finalized
- Loaded All Assemblies, in  0.420 seconds
Refreshing native plugins compatible for Editor in 0.23 ms, found 2 plugins.
Native extension for OSXStandalone target not found
Native extension for WebGL target not found
Mono: successfully reloaded assembly
- Finished resetting the current domain, in  0.381 seconds
Domain Reload Profiling: 803ms
	BeginReloadAssembly (140ms)
		ExecutionOrderSort (0ms)
		DisableScriptedObjects (6ms)
		BackupInstance (0ms)
		ReleaseScriptingObjects (0ms)
		CreateAndSetChildDomain (60ms)
	RebuildCommonClasses (22ms)
	RebuildNativeTypeToScriptingClass (7ms)
	initialDomainReloadingComplete (16ms)
	LoadAllAssembliesAndSetupDomain (237ms)
		LoadAssemblies (174ms)
		RebuildTransferFunctionScriptingTraits (0ms)
		AnalyzeDomain (99ms)
			TypeCache.Refresh (8ms)
				TypeCache.ScanAssembly (0ms)
			BuildScriptInfoCaches (83ms)
			ResolveRequiredComponents (6ms)
	FinalizeReload (382ms)
		ReleaseScriptCaches (0ms)
		RebuildScriptCaches (0ms)
		SetupLoadedEditorAssemblies (283ms)
			LogAssemblyErrors (0ms)
			InitializePlatformSupportModulesInManaged (2ms)
			SetLoadedEditorAssemblies (2ms)
			BeforeProcessingInitializeOnLoad (52ms)
			ProcessInitializeOnLoadAttributes (197ms)
			ProcessInitializeOnLoadMethodAttributes (30ms)
			AfterProcessingInitializeOnLoad (0ms)
			EditorAssembliesLoaded (0ms)
		ExecutionOrderSort2 (0ms)
		AwakeInstancesAfterBackupRestoration (5ms)
Refreshing native plugins compatible for Editor in 0.24 ms, found 2 plugins.
Preloading 0 native plugins for Editor in 0.00 ms.
Unloading 26 Unused Serialized files (Serialized files now loaded: 0)
Unloading 6083 unused Assets / (4.3 MB). Loaded Objects now: 7069.
Memory consumption went from 160.1 MB to 155.8 MB.
Total: 4.311209 ms (FindLiveObjects: 0.291459 ms CreateObjectMapping: 0.108167 ms MarkObjects: 2.854875 ms  DeleteObjects: 1.056500 ms)

Prepare: number of updated asset objects reloaded= 0
========================================================================
Received Prepare
Begin MonoManager ReloadAssembly
Thread 0x16db57000 may have been prematurely finalized
- Loaded All Assemblies, in  0.477 seconds
Refreshing native plugins compatible for Editor in 0.20 ms, found 2 plugins.
Native extension for OSXStandalone target not found
Native extension for WebGL target not found
Mono: successfully reloaded assembly
- Finished resetting the current domain, in  0.380 seconds
Domain Reload Profiling: 859ms
	BeginReloadAssembly (147ms)
		ExecutionOrderSort (0ms)
		DisableScriptedObjects (9ms)
		BackupInstance (0ms)
		ReleaseScriptingObjects (0ms)
		CreateAndSetChildDomain (70ms)
	RebuildCommonClasses (22ms)
	RebuildNativeTypeToScriptingClass (7ms)
	initialDomainReloadingComplete (17ms)
	LoadAllAssembliesAndSetupDomain (286ms)
		LoadAssemblies (215ms)
		RebuildTransferFunctionScriptingTraits (0ms)
		AnalyzeDomain (102ms)
			TypeCache.Refresh (8ms)
				TypeCache.ScanAssembly (0ms)
			BuildScriptInfoCaches (84ms)
			ResolveRequiredComponents (5ms)
	FinalizeReload (380ms)
		ReleaseScriptCaches (0ms)
		RebuildScriptCaches (0ms)
		SetupLoadedEditorAssemblies (285ms)
			LogAssemblyErrors (0ms)
			InitializePlatformSupportModulesInManaged (2ms)
			SetLoadedEditorAssemblies (2ms)
			BeforeProcessingInitializeOnLoad (52ms)
			ProcessInitializeOnLoadAttributes (201ms)
			ProcessInitializeOnLoadMethodAttributes (29ms)
			AfterProcessingInitializeOnLoad (0ms)
			EditorAssembliesLoaded (0ms)
		ExecutionOrderSort2 (0ms)
		AwakeInstancesAfterBackupRestoration (5ms)
Refreshing native plugins compatible for Editor in 0.24 ms, found 2 plugins.
Preloading 0 native plugins for Editor in 0.00 ms.
Unloading 26 Unused Serialized files (Serialized files now loaded: 0)
Unloading 6083 unused Assets / (4.2 MB). Loaded Objects now: 7071.
Memory consumption went from 160.1 MB to 155.9 MB.
Total: 4.256083 ms (FindLiveObjects: 0.288208 ms CreateObjectMapping: 0.100000 ms MarkObjects: 2.835792 ms  DeleteObjects: 1.031833 ms)

Prepare: number of updated asset objects reloaded= 0
========================================================================
Received Prepare
Begin MonoManager ReloadAssembly
Thread 0x16db57000 may have been prematurely finalized
- Loaded All Assemblies, in  0.629 seconds
Refreshing native plugins compatible for Editor in 0.17 ms, found 2 plugins.
Native extension for OSXStandalone target not found
Native extension for WebGL target not found
Mono: successfully reloaded assembly
- Finished resetting the current domain, in  0.403 seconds
Domain Reload Profiling: 1034ms
	BeginReloadAssembly (170ms)
		ExecutionOrderSort (0ms)
		DisableScriptedObjects (7ms)
		BackupInstance (0ms)
		ReleaseScriptingObjects (0ms)
		CreateAndSetChildDomain (83ms)
	RebuildCommonClasses (22ms)
	RebuildNativeTypeToScriptingClass (7ms)
	initialDomainReloadingComplete (19ms)
	LoadAllAssembliesAndSetupDomain (413ms)
		LoadAssemblies (335ms)
		RebuildTransferFunctionScriptingTraits (0ms)
		AnalyzeDomain (110ms)
			TypeCache.Refresh (12ms)
				TypeCache.ScanAssembly (0ms)
			BuildScriptInfoCaches (90ms)
			ResolveRequiredComponents (6ms)
	FinalizeReload (403ms)
		ReleaseScriptCaches (0ms)
		RebuildScriptCaches (0ms)
		SetupLoadedEditorAssemblies (284ms)
			LogAssemblyErrors (0ms)
			InitializePlatformSupportModulesInManaged (2ms)
			SetLoadedEditorAssemblies (2ms)
			BeforeProcessingInitializeOnLoad (57ms)
			ProcessInitializeOnLoadAttributes (196ms)
			ProcessInitializeOnLoadMethodAttributes (28ms)
			AfterProcessingInitializeOnLoad (0ms)
			EditorAssembliesLoaded (0ms)
		ExecutionOrderSort2 (0ms)
		AwakeInstancesAfterBackupRestoration (4ms)
Refreshing native plugins compatible for Editor in 0.24 ms, found 2 plugins.
Preloading 0 native plugins for Editor in 0.00 ms.
Unloading 26 Unused Serialized files (Serialized files now loaded: 0)
Unloading 6083 unused Assets / (4.3 MB). Loaded Objects now: 7073.
Memory consumption went from 160.1 MB to 155.8 MB.
Total: 4.335250 ms (FindLiveObjects: 0.295292 ms CreateObjectMapping: 0.106708 ms MarkObjects: 2.840417 ms  DeleteObjects: 1.092458 ms)

Prepare: number of updated asset objects reloaded= 0
========================================================================
Received Prepare
Begin MonoManager ReloadAssembly
Thread 0x16db57000 may have been prematurely finalized
- Loaded All Assemblies, in  0.496 seconds
Refreshing native plugins compatible for Editor in 0.16 ms, found 2 plugins.
Native extension for OSXStandalone target not found
Native extension for WebGL target not found
Mono: successfully reloaded assembly
- Finished resetting the current domain, in  0.388 seconds
Domain Reload Profiling: 887ms
	BeginReloadAssembly (174ms)
		ExecutionOrderSort (0ms)
		DisableScriptedObjects (11ms)
		BackupInstance (0ms)
		ReleaseScriptingObjects (0ms)
		CreateAndSetChildDomain (93ms)
	RebuildCommonClasses (21ms)
	RebuildNativeTypeToScriptingClass (7ms)
	initialDomainReloadingComplete (15ms)
	LoadAllAssembliesAndSetupDomain (281ms)
		LoadAssemblies (204ms)
		RebuildTransferFunctionScriptingTraits (0ms)
		AnalyzeDomain (105ms)
			TypeCache.Refresh (13ms)
				TypeCache.ScanAssembly (0ms)
			BuildScriptInfoCaches (85ms)
			ResolveRequiredComponents (5ms)
	FinalizeReload (388ms)
		ReleaseScriptCaches (0ms)
		RebuildScriptCaches (0ms)
		SetupLoadedEditorAssemblies (293ms)
			LogAssemblyErrors (0ms)
			InitializePlatformSupportModulesInManaged (2ms)
			SetLoadedEditorAssemblies (2ms)
			BeforeProcessingInitializeOnLoad (52ms)
			ProcessInitializeOnLoadAttributes (210ms)
			ProcessInitializeOnLoadMethodAttributes (27ms)
			AfterProcessingInitializeOnLoad (0ms)
			EditorAssembliesLoaded (0ms)
		ExecutionOrderSort2 (0ms)
		AwakeInstancesAfterBackupRestoration (5ms)
Refreshing native plugins compatible for Editor in 0.24 ms, found 2 plugins.
Preloading 0 native plugins for Editor in 0.00 ms.
Unloading 26 Unused Serialized files (Serialized files now loaded: 0)
Unloading 6083 unused Assets / (4.2 MB). Loaded Objects now: 7075.
Memory consumption went from 160.1 MB to 155.9 MB.
Total: 4.348833 ms (FindLiveObjects: 0.282292 ms CreateObjectMapping: 0.104041 ms MarkObjects: 2.919500 ms  DeleteObjects: 1.042500 ms)

Prepare: number of updated asset objects reloaded= 0
========================================================================
Received Prepare
Begin MonoManager ReloadAssembly
Thread 0x16db57000 may have been prematurely finalized
- Loaded All Assemblies, in  0.387 seconds
Refreshing native plugins compatible for Editor in 0.16 ms, found 2 plugins.
Native extension for OSXStandalone target not found
Native extension for WebGL target not found
Mono: successfully reloaded assembly
- Finished resetting the current domain, in  0.378 seconds
Domain Reload Profiling: 767ms
	BeginReloadAssembly (119ms)
		ExecutionOrderSort (0ms)
		DisableScriptedObjects (4ms)
		BackupInstance (0ms)
		ReleaseScriptingObjects (0ms)
		CreateAndSetChildDomain (63ms)
	RebuildCommonClasses (20ms)
	RebuildNativeTypeToScriptingClass (7ms)
	initialDomainReloadingComplete (10ms)
	LoadAllAssembliesAndSetupDomain (233ms)
		LoadAssemblies (161ms)
		RebuildTransferFunctionScriptingTraits (0ms)
		AnalyzeDomain (98ms)
			TypeCache.Refresh (8ms)
				TypeCache.ScanAssembly (0ms)
			BuildScriptInfoCaches (82ms)
			ResolveRequiredComponents (5ms)
	FinalizeReload (378ms)
		ReleaseScriptCaches (0ms)
		RebuildScriptCaches (0ms)
		SetupLoadedEditorAssemblies (283ms)
			LogAssemblyErrors (0ms)
			InitializePlatformSupportModulesInManaged (2ms)
			SetLoadedEditorAssemblies (2ms)
			BeforeProcessingInitializeOnLoad (56ms)
			ProcessInitializeOnLoadAttributes (196ms)
			ProcessInitializeOnLoadMethodAttributes (27ms)
			AfterProcessingInitializeOnLoad (0ms)
			EditorAssembliesLoaded (0ms)
		ExecutionOrderSort2 (0ms)
		AwakeInstancesAfterBackupRestoration (5ms)
Refreshing native plugins compatible for Editor in 0.24 ms, found 2 plugins.
Preloading 0 native plugins for Editor in 0.00 ms.
Unloading 26 Unused Serialized files (Serialized files now loaded: 0)
Unloading 6083 unused Assets / (3.8 MB). Loaded Objects now: 7077.
Memory consumption went from 160.1 MB to 156.3 MB.
Total: 4.380916 ms (FindLiveObjects: 0.287000 ms CreateObjectMapping: 0.102083 ms MarkObjects: 2.917250 ms  DeleteObjects: 1.074083 ms)

Prepare: number of updated asset objects reloaded= 0
========================================================================
Received Prepare
Begin MonoManager ReloadAssembly
Thread 0x16db57000 may have been prematurely finalized
- Loaded All Assemblies, in  0.470 seconds
Refreshing native plugins compatible for Editor in 0.22 ms, found 2 plugins.
Native extension for OSXStandalone target not found
Native extension for WebGL target not found
Mono: successfully reloaded assembly
- Finished resetting the current domain, in  0.375 seconds
Domain Reload Profiling: 848ms
	BeginReloadAssembly (176ms)
		ExecutionOrderSort (0ms)
		DisableScriptedObjects (9ms)
		BackupInstance (0ms)
		ReleaseScriptingObjects (1ms)
		CreateAndSetChildDomain (89ms)
	RebuildCommonClasses (20ms)
	RebuildNativeTypeToScriptingClass (7ms)
	initialDomainReloadingComplete (20ms)
	LoadAllAssembliesAndSetupDomain (250ms)
		LoadAssemblies (169ms)
		RebuildTransferFunctionScriptingTraits (0ms)
		AnalyzeDomain (109ms)
			TypeCache.Refresh (11ms)
				TypeCache.ScanAssembly (0ms)
			BuildScriptInfoCaches (91ms)
			ResolveRequiredComponents (6ms)
	FinalizeReload (376ms)
		ReleaseScriptCaches (0ms)
		RebuildScriptCaches (0ms)
		SetupLoadedEditorAssemblies (277ms)
			LogAssemblyErrors (0ms)
			InitializePlatformSupportModulesInManaged (2ms)
			SetLoadedEditorAssemblies (2ms)
			BeforeProcessingInitializeOnLoad (58ms)
			ProcessInitializeOnLoadAttributes (190ms)
			ProcessInitializeOnLoadMethodAttributes (26ms)
			AfterProcessingInitializeOnLoad (0ms)
			EditorAssembliesLoaded (0ms)
		ExecutionOrderSort2 (0ms)
		AwakeInstancesAfterBackupRestoration (5ms)
Refreshing native plugins compatible for Editor in 0.28 ms, found 2 plugins.
Preloading 0 native plugins for Editor in 0.00 ms.
Unloading 26 Unused Serialized files (Serialized files now loaded: 0)
Unloading 6083 unused Assets / (3.6 MB). Loaded Objects now: 7079.
Memory consumption went from 160.1 MB to 156.5 MB.
Total: 5.607917 ms (FindLiveObjects: 0.306208 ms CreateObjectMapping: 0.121916 ms MarkObjects: 3.972375 ms  DeleteObjects: 1.207125 ms)

Prepare: number of updated asset objects reloaded= 0
========================================================================
Received Prepare
Begin MonoManager ReloadAssembly
Thread 0x16db57000 may have been prematurely finalized
- Loaded All Assemblies, in  0.386 seconds
Refreshing native plugins compatible for Editor in 0.16 ms, found 2 plugins.
Native extension for OSXStandalone target not found
Native extension for WebGL target not found
Mono: successfully reloaded assembly
- Finished resetting the current domain, in  0.369 seconds
Domain Reload Profiling: 757ms
	BeginReloadAssembly (99ms)
		ExecutionOrderSort (0ms)
		DisableScriptedObjects (3ms)
		BackupInstance (0ms)
		ReleaseScriptingObjects (0ms)
		CreateAndSetChildDomain (43ms)
	RebuildCommonClasses (21ms)
	RebuildNativeTypeToScriptingClass (7ms)
	initialDomainReloadingComplete (12ms)
	LoadAllAssembliesAndSetupDomain (250ms)
		LoadAssemblies (158ms)
		RebuildTransferFunctionScriptingTraits (0ms)
		AnalyzeDomain (118ms)
			TypeCache.Refresh (7ms)
				TypeCache.ScanAssembly (0ms)
			BuildScriptInfoCaches (104ms)
			ResolveRequiredComponents (6ms)
	FinalizeReload (369ms)
		ReleaseScriptCaches (0ms)
		RebuildScriptCaches (0ms)
		SetupLoadedEditorAssemblies (270ms)
			LogAssemblyErrors (0ms)
			InitializePlatformSupportModulesInManaged (2ms)
			SetLoadedEditorAssemblies (3ms)
			BeforeProcessingInitializeOnLoad (58ms)
			ProcessInitializeOnLoadAttributes (180ms)
			ProcessInitializeOnLoadMethodAttributes (27ms)
			AfterProcessingInitializeOnLoad (0ms)
			EditorAssembliesLoaded (0ms)
		ExecutionOrderSort2 (0ms)
		AwakeInstancesAfterBackupRestoration (6ms)
Refreshing native plugins compatible for Editor in 0.28 ms, found 2 plugins.
Preloading 0 native plugins for Editor in 0.00 ms.
Unloading 26 Unused Serialized files (Serialized files now loaded: 0)
Unloading 6083 unused Assets / (3.4 MB). Loaded Objects now: 7081.
Memory consumption went from 160.1 MB to 156.7 MB.
Total: 5.437708 ms (FindLiveObjects: 0.323125 ms CreateObjectMapping: 0.125791 ms MarkObjects: 3.654792 ms  DeleteObjects: 1.333708 ms)

Prepare: number of updated asset objects reloaded= 0
========================================================================
Received Prepare
Begin MonoManager ReloadAssembly
Thread 0x16db57000 may have been prematurely finalized
- Loaded All Assemblies, in  0.448 seconds
Refreshing native plugins compatible for Editor in 0.16 ms, found 2 plugins.
Native extension for OSXStandalone target not found
Native extension for WebGL target not found
Mono: successfully reloaded assembly
- Finished resetting the current domain, in  0.387 seconds
Domain Reload Profiling: 837ms
	BeginReloadAssembly (159ms)
		ExecutionOrderSort (0ms)
		DisableScriptedObjects (4ms)
		BackupInstance (0ms)
		ReleaseScriptingObjects (0ms)
		CreateAndSetChildDomain (90ms)
	RebuildCommonClasses (20ms)
	RebuildNativeTypeToScriptingClass (7ms)
	initialDomainReloadingComplete (14ms)
	LoadAllAssembliesAndSetupDomain (251ms)
		LoadAssemblies (169ms)
		RebuildTransferFunctionScriptingTraits (0ms)
		AnalyzeDomain (116ms)
			TypeCache.Refresh (8ms)
				TypeCache.ScanAssembly (0ms)
			BuildScriptInfoCaches (100ms)
			ResolveRequiredComponents (6ms)
	FinalizeReload (387ms)
		ReleaseScriptCaches (0ms)
		RebuildScriptCaches (0ms)
		SetupLoadedEditorAssemblies (281ms)
			LogAssemblyErrors (0ms)
			InitializePlatformSupportModulesInManaged (8ms)
			SetLoadedEditorAssemblies (2ms)
			BeforeProcessingInitializeOnLoad (51ms)
			ProcessInitializeOnLoadAttributes (192ms)
			ProcessInitializeOnLoadMethodAttributes (28ms)
			AfterProcessingInitializeOnLoad (0ms)
			EditorAssembliesLoaded (0ms)
		ExecutionOrderSort2 (0ms)
		AwakeInstancesAfterBackupRestoration (4ms)
Refreshing native plugins compatible for Editor in 0.24 ms, found 2 plugins.
Preloading 0 native plugins for Editor in 0.00 ms.
Unloading 26 Unused Serialized files (Serialized files now loaded: 0)
Unloading 6083 unused Assets / (3.8 MB). Loaded Objects now: 7083.
Memory consumption went from 160.1 MB to 156.3 MB.
Total: 5.216000 ms (FindLiveObjects: 0.354083 ms CreateObjectMapping: 0.126375 ms MarkObjects: 3.466209 ms  DeleteObjects: 1.268958 ms)

Prepare: number of updated asset objects reloaded= 0
========================================================================
Received Prepare
Begin MonoManager ReloadAssembly
Thread 0x16db57000 may have been prematurely finalized
- Loaded All Assemblies, in  0.331 seconds
Refreshing native plugins compatible for Editor in 0.20 ms, found 2 plugins.
Native extension for OSXStandalone target not found
Native extension for WebGL target not found
Mono: successfully reloaded assembly
- Finished resetting the current domain, in  0.366 seconds
Domain Reload Profiling: 699ms
	BeginReloadAssembly (93ms)
		ExecutionOrderSort (0ms)
		DisableScriptedObjects (3ms)
		BackupInstance (0ms)
		ReleaseScriptingObjects (0ms)
		CreateAndSetChildDomain (43ms)
	RebuildCommonClasses (20ms)
	RebuildNativeTypeToScriptingClass (7ms)
	initialDomainReloadingComplete (11ms)
	LoadAllAssembliesAndSetupDomain (202ms)
		LoadAssemblies (117ms)
		RebuildTransferFunctionScriptingTraits (0ms)
		AnalyzeDomain (107ms)
			TypeCache.Refresh (4ms)
				TypeCache.ScanAssembly (0ms)
			BuildScriptInfoCaches (95ms)
			ResolveRequiredComponents (6ms)
	FinalizeReload (366ms)
		ReleaseScriptCaches (0ms)
		RebuildScriptCaches (0ms)
		SetupLoadedEditorAssemblies (271ms)
			LogAssemblyErrors (0ms)
			InitializePlatformSupportModulesInManaged (2ms)
			SetLoadedEditorAssemblies (2ms)
			BeforeProcessingInitializeOnLoad (54ms)
			ProcessInitializeOnLoadAttributes (186ms)
			ProcessInitializeOnLoadMethodAttributes (27ms)
			AfterProcessingInitializeOnLoad (1ms)
			EditorAssembliesLoaded (0ms)
		ExecutionOrderSort2 (0ms)
		AwakeInstancesAfterBackupRestoration (5ms)
Refreshing native plugins compatible for Editor in 0.18 ms, found 2 plugins.
Preloading 0 native plugins for Editor in 0.00 ms.
Unloading 26 Unused Serialized files (Serialized files now loaded: 0)
Unloading 6083 unused Assets / (4.3 MB). Loaded Objects now: 7085.
Memory consumption went from 160.1 MB to 155.8 MB.
Total: 4.337708 ms (FindLiveObjects: 0.288916 ms CreateObjectMapping: 0.097542 ms MarkObjects: 2.797166 ms  DeleteObjects: 1.154000 ms)

Prepare: number of updated asset objects reloaded= 0
