{"cameraMode":{"drawMode":0,"name":"Shaded","section":"Shading Mode"},"sceneLighting":true,"audioPlay":false,"sceneViewState":{"m_AlwaysRefresh":false,"showFog":true,"showSkybox":true,"showFlares":true,"showImageEffects":true,"showParticleSystems":true,"showVisualEffectGraphs":true,"m_FxEnabled":true},"in2DMode":false,"pivot":{"x":-0.6490004062652588,"y":1.646263599395752,"z":-7.838778495788574},"rotation":{"x":-0.24520045518875123,"y":0.1079225093126297,"z":-0.027477841824293138,"w":-0.9630551934242249},"size":4.3657684326171879,"orthographic":false}