# Blender 4.2.8 LTS
# www.blender.org
o traditionalBow
v -0.007255 0.093459 -0.795008
v -0.005302 -0.887220 0.189473
v -0.002425 -0.886045 0.190647
v 0.000879 -0.885800 0.190893
v 0.004038 -0.886526 0.190167
v 0.006506 -0.888098 0.188595
v 0.007857 0.089987 -0.798480
v 0.000878 0.085543 -0.802924
v -0.005303 0.086963 -0.801504
v -0.001579 3.158409 -3.866920
v -0.000897 3.160626 -3.864541
v 0.001029 3.162299 -3.862413
v 0.003866 3.163138 -3.860903
v 0.007125 3.162999 -3.860273
v 0.010241 3.161904 -3.860630
v 0.012676 3.160045 -3.861914
v 0.014009 3.157741 -3.863903
v 0.014009 3.155392 -3.866252
v 0.012676 3.153404 -3.868555
v 0.010241 3.152120 -3.870415
v 0.007125 3.151762 -3.871509
v 0.003866 3.152393 -3.871649
v 0.001029 3.153903 -3.870810
v -0.000897 3.156031 -3.869137
v 0.140372 3.369889 -4.079587
v 0.139675 3.358352 -4.071898
v 0.130008 3.329874 -4.051728
v 0.132577 3.329717 -4.049627
v 0.135528 3.328669 -4.048509
v 0.138351 3.326910 -4.048567
v 0.140557 3.324747 -4.049790
v 0.141766 3.322552 -4.051969
v 0.141768 3.320705 -4.054725
v 0.140562 3.319526 -4.057582
v 0.138358 3.319217 -4.060046
v 0.135537 3.319833 -4.061692
v 0.132586 3.321268 -4.062234
v 0.130015 3.323272 -4.061579
v 0.140654 3.368404 -4.082587
v 0.137924 3.427135 -4.106059
v 0.139431 3.428688 -4.103536
v 0.141958 3.429920 -4.101788
v 0.145067 3.430618 -4.101106
v 0.148226 3.430660 -4.101607
v 0.150892 3.430045 -4.103217
v 0.152602 3.428886 -4.105669
v 0.153061 3.427384 -4.108548
v 0.152183 3.425797 -4.111351
v 0.150118 3.424392 -4.113578
v 0.147225 3.423405 -4.114836
v 0.144007 3.423011 -4.114902
v 0.141024 3.423281 -4.113775
v 0.138792 3.424173 -4.111659
v 0.137697 3.425537 -4.108929
v 0.015178 3.213937 -3.923393
v 0.015786 3.216001 -3.920862
v 0.017502 3.217241 -3.918302
v 0.020030 3.217442 -3.916156
v 0.022934 3.216568 -3.914794
v 0.025711 3.214773 -3.914452
v 0.027880 3.212365 -3.915190
v 0.029067 3.209761 -3.916879
v 0.029067 3.207412 -3.919228
v 0.027880 3.205724 -3.921831
v 0.025711 3.204988 -3.924237
v 0.022934 3.205332 -3.926030
v 0.020030 3.206696 -3.926901
v 0.017502 3.208844 -3.926698
v 0.015786 3.211406 -3.925457
v 0.000252 3.182960 -3.891716
v 0.000929 3.185162 -3.889322
v 0.002844 3.186789 -3.887149
v 0.002962 3.181555 -3.879566
v 0.006201 3.181339 -3.878860
v 0.012001 3.186178 -3.885151
v 0.014422 3.184261 -3.886379
v 0.015746 3.181926 -3.888335
v 0.015746 3.179577 -3.890684
v 0.014422 3.177620 -3.893020
v 0.012001 3.176393 -3.894936
v 0.008904 3.176109 -3.896103
v 0.005664 3.176816 -3.896318
v 0.002844 3.178392 -3.895545
v 0.000929 3.180566 -3.893918
v -0.129864 3.486614 -4.140322
v -0.122531 3.498439 -4.137066
v -0.122110 3.501588 -4.136113
v -0.121685 3.504848 -4.136536
v -0.121329 3.507656 -4.138263
v -0.121103 3.509526 -4.140995
v -0.121048 3.510135 -4.144258
v -0.121171 3.509379 -4.147491
v -0.121452 3.507386 -4.150132
v -0.121843 3.504502 -4.151726
v -0.122275 3.501225 -4.151998
v -0.122675 3.498124 -4.150899
v -0.122973 3.495733 -4.148620
v -0.123116 3.494464 -4.145555
v -0.130062 3.485314 -4.143442
v 0.112902 3.496593 -4.136607
v 0.113990 3.498919 -4.134494
v 0.115548 3.501719 -4.133593
v 0.117305 3.504508 -4.134058
v 0.118958 3.506803 -4.135810
v 0.120223 3.508209 -4.138545
v 0.120878 3.508482 -4.141791
v 0.120812 3.507575 -4.144986
v 0.120036 3.505646 -4.147578
v 0.118684 3.503025 -4.149118
v 0.116989 3.500169 -4.149342
v 0.115246 3.497569 -4.148208
v 0.113754 3.495678 -4.145915
v 0.112773 3.494819 -4.142857
v 0.112472 3.495142 -4.139565
v 0.124667 3.474479 -4.130248
v 0.126591 3.475643 -4.127804
v 0.129356 3.476858 -4.126436
v 0.132483 3.477915 -4.126376
v 0.135434 3.478629 -4.127635
v 0.137698 3.478959 -4.126071
v 0.138882 3.478706 -4.129132
v 0.138782 3.477993 -4.132363
v 0.137414 3.476942 -4.135205
v 0.135014 3.475732 -4.137163
v 0.131998 3.474572 -4.137897
v 0.128890 3.473661 -4.137278
v 0.126226 3.473159 -4.135417
v 0.124466 3.473154 -4.132635
v 0.123916 3.473649 -4.129417
v 0.121178 3.485160 -4.130138
v 0.122392 3.487963 -4.128450
v 0.124104 3.491328 -4.128032
v 0.126001 3.494630 -4.128922
v 0.127763 3.497323 -4.130991
v 0.129102 3.498991 -4.133928
v 0.129800 3.499396 -4.137265
v 0.129747 3.498492 -4.140443
v 0.128952 3.496434 -4.142910
v 0.127545 3.493543 -4.144210
v 0.125756 3.490269 -4.144074
v 0.123873 3.487126 -4.142482
v 0.122214 3.484649 -4.139705
v 0.121079 3.483329 -4.136277
v 0.120705 3.483497 -4.132883
v 0.138884 3.356947 -4.074859
v 0.141329 3.371273 -4.076582
v 0.143364 3.372324 -4.074097
v 0.146121 3.372873 -4.072566
v 0.149121 3.372832 -4.072257
v 0.151843 3.372206 -4.073223
v 0.153814 3.371096 -4.075294
v 0.154695 3.369679 -4.078106
v 0.154338 3.368195 -4.081170
v 0.152807 3.366904 -4.083957
v 0.150367 3.366042 -4.085989
v 0.147439 3.365769 -4.086922
v 0.144523 3.366137 -4.086596
v 0.142123 3.367073 -4.085065
v 0.128269 3.325500 -4.059839
v -0.147238 3.454890 -4.134743
v -0.148766 3.455772 -4.132005
v -0.151145 3.456998 -4.130275
v -0.153969 3.458358 -4.129846
v -0.156751 3.459615 -4.130795
v -0.159002 3.460550 -4.132957
v -0.160328 3.460993 -4.135960
v -0.160495 3.460867 -4.139286
v -0.159474 3.460193 -4.142361
v -0.157446 3.459093 -4.144653
v -0.154767 3.457763 -4.145765
v -0.151909 3.456436 -4.145501
v -0.149363 3.455339 -4.143906
v -0.147564 3.454655 -4.141257
v -0.146815 3.454497 -4.138015
v -0.122875 3.495947 -4.139232
v -0.130162 3.488985 -4.137917
v -0.130908 3.492018 -4.136645
v -0.131975 3.495189 -4.136721
v -0.133182 3.497949 -4.138131
v -0.134322 3.499820 -4.140629
v -0.135199 3.500479 -4.143783
v -0.135656 3.499813 -4.147052
v -0.135612 3.497936 -4.149872
v -0.135071 3.495173 -4.151757
v -0.134127 3.492001 -4.152381
v -0.132950 3.488972 -4.151631
v -0.131746 3.486605 -4.149635
v -0.130725 3.485311 -4.146738
v -0.123082 3.494541 -4.142234
v -0.146804 3.402120 -4.120052
v -0.152361 3.425824 -4.125189
v -0.154593 3.426845 -4.122996
v -0.157536 3.427592 -4.121885
v -0.160688 3.427926 -4.122046
v -0.163507 3.427767 -4.123438
v -0.165511 3.427116 -4.125814
v -0.166360 3.426086 -4.128766
v -0.165902 3.424870 -4.131795
v -0.164210 3.423703 -4.134387
v -0.161567 3.422800 -4.136100
v -0.158430 3.422315 -4.136627
v -0.155345 3.422318 -4.135867
v -0.152858 3.422786 -4.133945
v -0.147363 3.400817 -4.122983
v -0.142073 3.386946 -4.113031
v -0.142738 3.388458 -4.110163
v -0.144356 3.389005 -4.107337
v -0.146636 3.388492 -4.105034
v -0.149185 3.387000 -4.103640
v -0.151563 3.384787 -4.103394
v -0.153364 3.382233 -4.104340
v -0.154282 3.379784 -4.106323
v -0.154160 3.377867 -4.109010
v -0.153015 3.376816 -4.111937
v -0.151041 3.376814 -4.114596
v -0.148577 3.377857 -4.116518
v -0.146043 3.379761 -4.117364
v -0.143884 3.382192 -4.116984
v -0.142478 3.384732 -4.115448
v 0.016251 3.183630 -3.889618
v 0.015803 3.185273 -3.887818
v 0.014583 3.185455 -3.885420
v 0.012824 3.184776 -3.883494
v 0.010828 3.183352 -3.882371
v 0.008941 3.181430 -3.882247
v 0.007490 3.179343 -3.883143
v 0.006725 3.177450 -3.884904
v 0.006777 3.176079 -3.887225
v 0.007640 3.175468 -3.889705
v 0.009163 3.175721 -3.891916
v 0.011083 3.176796 -3.893474
v 0.013068 3.178506 -3.894111
v 0.014775 3.180556 -3.893717
v 0.015901 3.182027 -3.891622
v -0.106659 3.338719 -4.061411
v -0.107236 3.339968 -4.058387
v -0.108739 3.340193 -4.055433
v -0.110907 3.339356 -4.053060
v -0.113366 3.337601 -4.051675
v -0.115692 3.335233 -4.051523
v -0.117480 3.332661 -4.052628
v -0.118423 3.330328 -4.054796
v -0.118358 3.328640 -4.057657
v -0.117295 3.327886 -4.060713
v -0.115418 3.328199 -4.063437
v -0.113053 3.329523 -4.065356
v -0.110607 3.331630 -4.066142
v -0.108504 3.334156 -4.065656
v -0.107108 3.336663 -4.063982
v 0.016271 3.184259 -3.890272
v 0.015806 3.184594 -3.887283
v 0.014670 3.184764 -3.885052
v 0.013070 3.184147 -3.883300
v 0.011247 3.182846 -3.882274
v 0.009479 3.181045 -3.882158
v 0.008093 3.179051 -3.883014
v 0.007358 3.177232 -3.884706
v 0.007408 3.175920 -3.886928
v 0.008221 3.175344 -3.889265
v 0.009620 3.175576 -3.891296
v 0.011362 3.176551 -3.892709
v 0.013197 3.178133 -3.893299
v 0.014815 3.180075 -3.892925
v 0.015907 3.182591 -3.892359
v 0.016420 3.183897 -3.889884
v 0.015958 3.184899 -3.887460
v 0.014759 3.185078 -3.885104
v 0.013040 3.184415 -3.883221
v 0.011087 3.183022 -3.882122
v 0.009229 3.181130 -3.882001
v 0.007795 3.179066 -3.882887
v 0.007037 3.177191 -3.884630
v 0.007089 3.175835 -3.886927
v 0.007939 3.175233 -3.889371
v 0.009432 3.175481 -3.891537
v 0.011306 3.176531 -3.893059
v 0.013254 3.178209 -3.893683
v 0.014938 3.180232 -3.893295
v 0.016060 3.182246 -3.891950
v -0.007946 0.091162 -0.797306
v -0.000893 -3.772727 3.068814
v -0.001574 -3.775106 3.066597
v 0.001033 -3.770599 3.070487
v 0.003871 -3.769089 3.071326
v 0.007130 -3.768459 3.071186
v 0.010246 -3.768816 3.070092
v 0.012681 -3.770101 3.068233
v 0.007857 -0.890244 0.186449
v 0.014014 -3.772089 3.065929
v 0.014014 -3.774438 3.063580
v 0.006506 -0.894739 0.181954
v 0.012681 -3.776742 3.061591
v 0.004037 0.086269 -0.802198
v 0.010246 -3.778601 3.060307
v 0.007130 -3.779696 3.059950
v -0.002425 -0.896791 0.179902
v 0.003871 -3.779835 3.060580
v 0.001033 -3.778996 3.062090
v -0.007254 -0.893716 0.182977
v -0.000893 -3.777323 3.064219
v 0.016256 -3.797805 3.091817
v 0.015810 -3.795469 3.092782
v 0.014675 -3.793238 3.092951
v 0.013075 -3.791486 3.092335
v 0.011252 -3.790460 3.091033
v 0.009483 -3.790344 3.089233
v 0.008098 -3.791200 3.087239
v 0.007362 -3.792892 3.085419
v 0.007413 -3.795115 3.084108
v 0.008226 -3.797451 3.083531
v 0.009625 -3.799482 3.083764
v 0.011366 -3.800896 3.084739
v 0.013202 -3.801485 3.086321
v 0.014819 -3.801111 3.088263
v 0.015906 -3.799809 3.090215
v 0.022491 -3.826790 3.117336
v 0.023098 -3.824259 3.119400
v 0.134333 -3.959917 3.244220
v 0.133718 -3.962805 3.242701
v 0.024814 -3.821699 3.120639
v 0.141100 -3.970899 3.260860
v 0.027343 -3.819553 3.120840
v 0.143693 -3.968646 3.260562
v 0.030246 -3.818191 3.119967
v 0.146610 -3.967453 3.259470
v 0.033023 -3.817849 3.118171
v 0.149352 -3.967518 3.257762
v 0.035192 -3.818587 3.115764
v 0.151445 -3.968819 3.255723
v 0.036380 -3.820276 3.113160
v 0.152525 -3.971124 3.253696
v 0.036380 -3.822626 3.110811
v 0.152404 -3.974032 3.252033
v 0.035192 -3.825228 3.109123
v 0.151099 -3.977049 3.251031
v 0.033023 -3.827634 3.108387
v 0.148834 -3.979658 3.250871
v 0.030246 -3.829427 3.108731
v 0.146003 -3.981420 3.251592
v 0.027343 -3.830298 3.110095
v 0.143097 -3.982030 3.253067
v 0.024814 -3.830095 3.112243
v 0.140624 -3.981378 3.255033
v 0.023098 -3.828854 3.114804
v 0.134335 -3.965349 3.240658
v 0.138970 -3.979028 3.264662
v 0.139776 -3.976079 3.266132
v 0.140180 -3.999435 3.314304
v 0.138880 -4.002254 3.313019
v 0.141690 -3.973501 3.267133
v 0.137086 -4.019513 3.356273
v 0.144380 -3.971746 3.267500
v 0.140204 -4.018309 3.356558
v 0.147378 -3.971127 3.267180
v 0.143436 -4.018528 3.356442
v 0.150162 -3.971750 3.266230
v 0.146267 -4.019422 3.355396
v 0.152247 -3.973505 3.264808
v 0.147893 -4.021918 3.354193
v 0.153275 -3.976082 3.263146
v 0.148273 -4.024728 3.352560
v 0.153071 -3.979028 3.261523
v 0.147337 -4.027372 3.350784
v 0.151673 -3.981832 3.260221
v 0.145242 -4.029387 3.349171
v 0.149326 -3.984016 3.259476
v 0.142350 -4.030414 3.347993
v 0.146434 -3.985210 3.259430
v 0.139162 -4.030268 3.347451
v 0.143493 -3.985212 3.260094
v 0.136233 -4.028975 3.347635
v 0.141007 -3.984021 3.261350
v 0.134072 -4.026762 3.348514
v 0.139406 -3.981836 3.262969
v 0.138848 -4.005205 3.311521
v 0.003230 -3.799902 3.091148
v 0.003907 -3.797508 3.093349
v 0.005822 -3.795335 3.094977
v 0.009064 -3.793086 3.095820
v 0.012069 -3.792486 3.095956
v 0.014979 -3.793337 3.094366
v 0.017400 -3.794565 3.092449
v 0.018724 -3.796522 3.090114
v 0.018724 -3.798871 3.087765
v 0.017400 -3.801206 3.085808
v 0.014979 -3.803122 3.084581
v 0.011882 -3.804289 3.084296
v 0.008642 -3.804504 3.085004
v 0.005822 -3.803731 3.086580
v 0.003907 -3.802104 3.088754
v 0.112908 -4.044793 3.404781
v 0.113995 -4.042680 3.407107
v -0.122526 -4.045252 3.406627
v -0.122870 -4.047418 3.404135
v 0.115553 -4.041780 3.409907
v -0.122105 -4.044300 3.409776
v 0.117310 -4.042244 3.412695
v -0.121680 -4.044722 3.413035
v 0.118963 -4.043996 3.414991
v -0.121324 -4.046449 3.415844
v 0.120228 -4.046731 3.416397
v -0.121098 -4.049181 3.417714
v 0.120883 -4.049977 3.416670
v -0.121042 -4.052445 3.418323
v 0.120817 -4.053172 3.415763
v -0.121166 -4.055677 3.417567
v 0.120041 -4.055764 3.413833
v -0.121447 -4.058319 3.415574
v 0.118689 -4.057304 3.411213
v -0.121838 -4.059913 3.412690
v 0.116995 -4.057528 3.408356
v -0.122270 -4.060184 3.409413
v 0.115251 -4.056394 3.405757
v -0.122670 -4.059085 3.406312
v 0.113759 -4.054101 3.403866
v -0.122968 -4.056806 3.403920
v 0.112778 -4.051044 3.403007
v -0.123111 -4.053741 3.402653
v 0.112477 -4.047751 3.403330
v -0.123077 -4.050421 3.402729
v 0.121183 -4.038324 3.393348
v 0.124672 -4.038435 3.382667
v 0.126596 -4.035990 3.383830
v 0.122397 -4.036637 3.396151
v 0.129361 -4.034622 3.385046
v 0.124109 -4.036218 3.399516
v 0.132026 -4.033455 3.386377
v 0.126006 -4.037107 3.402818
v 0.135086 -4.033737 3.387082
v 0.127768 -4.039177 3.405510
v 0.137703 -4.034257 3.387147
v 0.129107 -4.042114 3.407179
v 0.138887 -4.037319 3.386894
v 0.129805 -4.045451 3.407584
v 0.138787 -4.040549 3.386180
v 0.129752 -4.048629 3.406680
v 0.137419 -4.043392 3.385130
v 0.128957 -4.051096 3.404622
v 0.135019 -4.045350 3.383920
v 0.127550 -4.052396 3.401731
v 0.132003 -4.046083 3.382759
v 0.125761 -4.052260 3.398457
v 0.128895 -4.045465 3.381849
v 0.123878 -4.050668 3.395314
v 0.126231 -4.043602 3.381347
v 0.122219 -4.047891 3.392837
v 0.124471 -4.040821 3.381342
v 0.121084 -4.044464 3.391517
v 0.123921 -4.037603 3.381837
v 0.120710 -4.041070 3.391685
v -0.129858 -4.048508 3.394802
v -0.130157 -4.046103 3.397172
v -0.149770 -4.039870 3.362158
v -0.148229 -4.042610 3.361259
v -0.130903 -4.044832 3.400207
v -0.155489 -4.033447 3.343428
v -0.131970 -4.044907 3.403377
v -0.158440 -4.032643 3.344600
v -0.133177 -4.046317 3.406137
v -0.161499 -4.033195 3.345601
v -0.134317 -4.048815 3.408009
v -0.164126 -4.035019 3.346285
v -0.135194 -4.051969 3.408667
v -0.165863 -4.037806 3.346555
v -0.135651 -4.055238 3.408001
v -0.166405 -4.041070 3.346371
v -0.135607 -4.058058 3.406123
v -0.165660 -4.044238 3.345746
v -0.135066 -4.059944 3.403360
v -0.163768 -4.046746 3.344761
v -0.134122 -4.060567 3.400189
v -0.161062 -4.048162 3.343573
v -0.132945 -4.059817 3.397160
v -0.158015 -4.048245 3.342387
v -0.131741 -4.057821 3.394793
v -0.155144 -4.046993 3.341426
v -0.130720 -4.054924 3.393499
v -0.152936 -4.044633 3.340879
v -0.130057 -4.051629 3.393502
v -0.147802 -4.045880 3.360859
v -0.151300 -4.030617 3.323061
v -0.150438 -4.033638 3.321981
v -0.153394 -4.028178 3.323899
v -0.156353 -4.026740 3.324351
v -0.159671 -4.026553 3.324337
v -0.162771 -4.027650 3.323863
v -0.165117 -4.029841 3.323007
v -0.166304 -4.032746 3.321919
v -0.166127 -4.035865 3.320787
v -0.164616 -4.038655 3.319805
v -0.162033 -4.040639 3.319147
v -0.158825 -4.041469 3.318922
v -0.155544 -4.041003 3.319171
v -0.152760 -4.039323 3.319852
v -0.150955 -4.036717 3.320846
v -0.148993 -4.027313 3.315948
v -0.148162 -4.030261 3.314681
v -0.150830 -4.024591 3.316329
v -0.153333 -4.022540 3.315754
v -0.156062 -4.021486 3.314309
v -0.158552 -4.021604 3.312241
v -0.160388 -4.022878 3.309901
v -0.161268 -4.025110 3.307704
v -0.161044 -4.027939 3.306040
v -0.159746 -4.030878 3.305201
v -0.157585 -4.033416 3.305335
v -0.154923 -4.035089 3.306410
v -0.152213 -4.035587 3.308229
v -0.149933 -4.034818 3.310470
v -0.148495 -4.032923 3.312748
v -0.106655 -3.969598 3.246907
v -0.107231 -3.966573 3.248156
v 0.015808 -3.796004 3.093460
v 0.016276 -3.798458 3.092447
v -0.108734 -3.963619 3.248380
v 0.014588 -3.793607 3.093643
v -0.110902 -3.961246 3.247545
v 0.012829 -3.791680 3.092964
v -0.113361 -3.959862 3.245789
v 0.010833 -3.790557 3.091540
v -0.115687 -3.959709 3.243422
v 0.008946 -3.790433 3.089618
v -0.117475 -3.960814 3.240849
v 0.007495 -3.791330 3.087530
v -0.118418 -3.962983 3.238516
v 0.006730 -3.793090 3.085637
v -0.118353 -3.965843 3.236828
v 0.006782 -3.795411 3.084267
v -0.117290 -3.968899 3.236074
v 0.007645 -3.797891 3.083656
v -0.115413 -3.971623 3.236387
v 0.009168 -3.800102 3.083909
v -0.113048 -3.973543 3.237711
v 0.011087 -3.801660 3.084984
v -0.110602 -3.974328 3.239819
v 0.013072 -3.802297 3.086694
v -0.108499 -3.973842 3.242344
v 0.014779 -3.801903 3.088744
v -0.107103 -3.972169 3.244851
v 0.015912 -3.800545 3.090779
v 0.016425 -3.798071 3.092085
v 0.015963 -3.795646 3.093087
v 0.014764 -3.793290 3.093266
v 0.013044 -3.791407 3.092603
v 0.011092 -3.790308 3.091209
v 0.009234 -3.790187 3.089318
v 0.007799 -3.791073 3.087253
v 0.007042 -3.792816 3.085379
v 0.007094 -3.795113 3.084023
v 0.007944 -3.797557 3.083421
v 0.009436 -3.799723 3.083669
v 0.011311 -3.801245 3.084718
v 0.013259 -3.801870 3.086397
v 0.014943 -3.801481 3.088420
v 0.016064 -3.800137 3.090434
v -0.125192 -3.992813 3.269694
v -0.124609 -3.995725 3.268227
v -0.126691 -3.989892 3.270136
v -0.128846 -3.987467 3.269479
v -0.131286 -3.985956 3.267834
v -0.133590 -3.985622 3.265487
v -0.135356 -3.986521 3.262842
v -0.136281 -3.988497 3.260358
v -0.136205 -3.991211 3.258463
v -0.135139 -3.994192 3.257487
v -0.133269 -3.996926 3.257598
v -0.130920 -3.998940 3.258778
v -0.128496 -3.999884 3.260820
v -0.126417 -3.999597 3.263372
v -0.125043 -3.998125 3.265992
v -0.142171 -4.017497 3.297927
v -0.134237 -4.005997 3.282509
v -0.141478 -4.020388 3.296474
v -0.133627 -4.008876 3.280989
v -0.143824 -4.014684 3.298425
v -0.135777 -4.003118 3.283027
v -0.146139 -4.012423 3.297883
v -0.137977 -4.000732 3.282457
v -0.148716 -4.011091 3.296384
v -0.140457 -3.999248 3.280892
v -0.151111 -4.010916 3.294188
v -0.142790 -3.998922 3.278603
v -0.152915 -4.011930 3.291671
v -0.144571 -3.999811 3.275985
v -0.153826 -4.013967 3.289274
v -0.145497 -4.001763 3.273492
v -0.153687 -4.016688 3.287416
v -0.145407 -4.004446 3.271557
v -0.152517 -4.019624 3.286420
v -0.144314 -4.007395 3.270515
v -0.150513 -4.022265 3.286461
v -0.142408 -4.010101 3.270549
v -0.148017 -4.024142 3.287526
v -0.140016 -4.012092 3.271649
v -0.145457 -4.024922 3.289426
v -0.137551 -4.013021 3.273623
v -0.143280 -4.024466 3.291829
v -0.135441 -4.012725 3.276130
v -0.141870 -4.022857 3.294320
v -0.134053 -4.011258 3.278734
v -0.153153 -4.035458 3.342275
v -0.151840 -4.038330 3.341357
v -0.152169 -4.038137 3.363406
v -0.155013 -4.037704 3.364790
v -0.157813 -4.038649 3.366069
v -0.160077 -4.040807 3.367020
v -0.161410 -4.043808 3.367472
v -0.161579 -4.047132 3.367347
v -0.160553 -4.050206 3.366665
v -0.158515 -4.052498 3.365549
v -0.155819 -4.053613 3.364197
v -0.152940 -4.053352 3.362845
v -0.150374 -4.051762 3.361724
v -0.148559 -4.049119 3.361023
v -0.151767 -4.041572 3.340856
v -0.152877 -4.038048 3.353150
v -0.151363 -4.040823 3.352210
v -0.155302 -4.036240 3.354425
v -0.158218 -4.035706 3.355809
v -0.161123 -4.036542 3.357067
v -0.163508 -4.038609 3.357988
v -0.164960 -4.041549 3.358415
v -0.165226 -4.044853 3.358277
v -0.164260 -4.047949 3.357592
v -0.162233 -4.050297 3.356473
v -0.159498 -4.051491 3.355113
v -0.156531 -4.051325 3.353746
v -0.153842 -4.049830 3.352612
v -0.151891 -4.047268 3.351912
v -0.151015 -4.044083 3.351771
v 0.139426 -3.995373 3.300218
v 0.140590 -3.992665 3.301868
v 0.134537 -4.020983 3.354793
v 0.132978 -4.023279 3.353004
v 0.142810 -3.990646 3.303310
v 0.142522 -3.997221 3.315147
v 0.145700 -3.989675 3.304310
v 0.145498 -3.995978 3.315393
v 0.148758 -3.989933 3.304713
v 0.148599 -3.995912 3.314990
v 0.151451 -3.991379 3.304455
v 0.151294 -3.997042 3.314008
v 0.153308 -3.993757 3.303569
v 0.153118 -3.999189 3.312624
v 0.154009 -3.996639 3.302186
v 0.153757 -4.001997 3.311090
v 0.153436 -3.999513 3.300527
v 0.153095 -4.004989 3.309678
v 0.151695 -4.001882 3.298878
v 0.151240 -4.007635 3.308630
v 0.149090 -4.003349 3.297544
v 0.148512 -4.009457 3.308115
v 0.146070 -4.003679 3.296779
v 0.145386 -4.010127 3.308213
v 0.143150 -4.002823 3.296729
v 0.142407 -4.009529 3.308902
v 0.140831 -4.000924 3.297392
v 0.140094 -4.007782 3.310067
v 0.139513 -3.998292 3.298632
v 0.133057 -4.024021 3.349941
v 0.139646 -3.983370 3.273912
v 0.139798 -3.988375 3.286207
v 0.140559 -3.980422 3.275363
v 0.140831 -3.985508 3.287718
v 0.139223 -4.007290 3.328835
v 0.137341 -4.014472 3.342330
v 0.137802 -4.009920 3.327374
v 0.135834 -4.016927 3.340703
v 0.142561 -3.977947 3.276436
v 0.142934 -3.983220 3.288938
v 0.139858 -4.012796 3.343630
v 0.141670 -4.005366 3.329921
v 0.145302 -3.976380 3.276954
v 0.145742 -3.981913 3.289667
v 0.142956 -4.011820 3.344094
v 0.144721 -4.004376 3.330373
v 0.148308 -3.975995 3.276839
v 0.148768 -3.981822 3.289792
v 0.146141 -4.012133 3.344016
v 0.147862 -4.004595 3.330199
v 0.151054 -3.976863 3.276110
v 0.151484 -3.982963 3.289294
v 0.148883 -4.013371 3.343169
v 0.150559 -4.005911 3.329373
v 0.153064 -3.978828 3.274886
v 0.153417 -3.985135 3.288249
v 0.150569 -4.015809 3.341966
v 0.152311 -4.008233 3.328109
v 0.153990 -3.981543 3.273364
v 0.154235 -3.987952 3.286820
v 0.151012 -4.018650 3.340402
v 0.152840 -4.011073 3.326579
v 0.153677 -3.984533 3.271798
v 0.153799 -3.990919 3.285243
v 0.150132 -4.021402 3.338750
v 0.152052 -4.013942 3.325048
v 0.152182 -3.987281 3.270463
v 0.152189 -3.993522 3.283792
v 0.148078 -4.023582 3.337292
v 0.150077 -4.016332 3.323779
v 0.149765 -3.989318 3.269600
v 0.149686 -3.995320 3.282732
v 0.145203 -4.024800 3.336273
v 0.147258 -4.017814 3.322980
v 0.146842 -3.990300 3.269373
v 0.146721 -3.996014 3.282266
v 0.142009 -4.024839 3.335868
v 0.144084 -4.018126 3.322789
v 0.143915 -3.990061 3.269827
v 0.143801 -3.995489 3.282481
v 0.139050 -4.023697 3.336146
v 0.141108 -4.017215 3.323235
v 0.141486 -3.988640 3.270875
v 0.141427 -3.993832 3.283331
v 0.136841 -4.021579 3.337063
v 0.138848 -4.015253 3.324248
v 0.139975 -3.986275 3.272324
v 0.140010 -3.991318 3.284654
v 0.137695 -4.012589 3.325658
v 0.135765 -4.018861 3.338465
v 0.139276 -3.973819 3.260313
v 0.138537 -3.976889 3.259001
v 0.136075 -3.957186 3.244953
v 0.138643 -3.955084 3.244773
v 0.141591 -3.953972 3.243711
v 0.144411 -3.954045 3.241950
v 0.146615 -3.955289 3.239795
v 0.147822 -3.957490 3.237619
v 0.147822 -3.960266 3.235797
v 0.146617 -3.963139 3.234647
v 0.144414 -3.965609 3.234364
v 0.141595 -3.967252 3.234999
v 0.138646 -3.967783 3.236442
v 0.136078 -3.967110 3.238444
v 0.139012 -3.979563 3.257134
v 0.136462 -3.963205 3.247607
v 0.138109 -3.967839 3.252972
v 0.135832 -3.966118 3.246118
v 0.137438 -3.970812 3.251551
v 0.139888 -3.965022 3.253615
v 0.138213 -3.960451 3.248313
v 0.142466 -3.962852 3.253377
v 0.140783 -3.958331 3.248114
v 0.145401 -3.961707 3.252298
v 0.143728 -3.957213 3.247045
v 0.148185 -3.961781 3.250560
v 0.146538 -3.957290 3.245289
v 0.150339 -3.963056 3.248459
v 0.148730 -3.958546 3.243150
v 0.151490 -3.965309 3.246354
v 0.149922 -3.960764 3.240995
v 0.151436 -3.968149 3.244610
v 0.149909 -3.963560 3.239198
v 0.150186 -3.971089 3.243532
v 0.148692 -3.966452 3.238071
v 0.147956 -3.973623 3.243311
v 0.146482 -3.968940 3.237808
v 0.145131 -3.975317 3.243988
v 0.143662 -3.970595 3.238458
v 0.142202 -3.975880 3.245448
v 0.140718 -3.971131 3.239906
v 0.139676 -3.975211 3.247432
v 0.138161 -3.970455 3.241903
v 0.136433 -3.968681 3.244100
v 0.137992 -3.973419 3.249592
v 0.128266 3.329113 -4.054448
v 0.141556 3.359131 -4.069270
v 0.144201 3.359150 -4.067425
v 0.147152 3.358403 -4.066680
v 0.149901 3.357016 -4.067161
v 0.151972 3.355228 -4.068783
v 0.153009 3.353346 -4.071270
v 0.152832 3.351699 -4.074194
v 0.151472 3.350575 -4.077053
v 0.149162 3.350169 -4.079350
v 0.146301 3.350552 -4.080687
v 0.143383 3.351655 -4.080829
v 0.140914 3.353284 -4.079751
v 0.127651 3.327566 -4.057318
v 0.139322 3.355155 -4.077637
v 0.137610 3.345181 -4.066061
v 0.133807 3.336353 -4.061158
v 0.135565 3.337097 -4.058441
v 0.139414 3.345931 -4.063374
v 0.138141 3.336943 -4.056367
v 0.142016 3.345836 -4.061386
v 0.141091 3.335919 -4.055296
v 0.144966 3.344912 -4.060440
v 0.143904 3.334200 -4.055412
v 0.147754 3.343317 -4.060696
v 0.146094 3.332085 -4.056695
v 0.149898 3.341327 -4.062112
v 0.147282 3.329938 -4.058923
v 0.151030 3.339284 -4.064443
v 0.147263 3.328131 -4.061712
v 0.150951 3.337544 -4.067288
v 0.146040 3.326978 -4.064580
v 0.149677 3.336409 -4.070156
v 0.143825 3.326676 -4.067030
v 0.147427 3.336075 -4.072551
v 0.141000 3.327280 -4.068639
v 0.144588 3.336601 -4.074057
v 0.138054 3.328683 -4.069128
v 0.141654 3.337894 -4.074413
v 0.135497 3.330644 -4.068413
v 0.139130 3.339729 -4.073556
v 0.136916 3.343717 -4.068984
v 0.133172 3.334842 -4.064051
v 0.133769 3.332821 -4.066616
v 0.137454 3.341788 -4.071635
v -0.134205 3.371428 -4.101494
v -0.134787 3.373007 -4.098638
v -0.136292 3.373573 -4.095746
v -0.138456 3.373033 -4.093318
v -0.140908 3.371474 -4.091770
v -0.143224 3.369168 -4.091373
v -0.145002 3.366512 -4.092195
v -0.145935 3.363967 -4.094092
v -0.145863 3.361974 -4.096741
v -0.144795 3.360877 -4.099681
v -0.142919 3.360867 -4.102407
v -0.140558 3.361945 -4.104442
v -0.138121 3.363923 -4.105437
v -0.136028 3.366458 -4.105218
v -0.134644 3.369113 -4.103823
v -0.139840 3.380863 -4.109734
v -0.137217 3.375691 -4.105888
v -0.140459 3.382438 -4.106884
v -0.137809 3.377287 -4.103042
v -0.142015 3.383024 -4.104027
v -0.139327 3.377880 -4.100164
v -0.144233 3.382521 -4.101654
v -0.141506 3.377369 -4.097749
v -0.146731 3.381011 -4.100167
v -0.143972 3.375836 -4.096210
v -0.149077 3.378756 -4.099823
v -0.146298 3.373550 -4.095816
v -0.150867 3.376143 -4.100683
v -0.148080 3.370903 -4.096634
v -0.151796 3.373626 -4.102600
v -0.149013 3.368355 -4.098524
v -0.151702 3.371645 -4.105252
v -0.148937 3.366348 -4.101162
v -0.150600 3.370543 -4.108177
v -0.147860 3.365229 -4.104092
v -0.148679 3.370509 -4.110871
v -0.145971 3.365193 -4.106808
v -0.146270 3.371549 -4.112862
v -0.143597 3.366245 -4.108836
v -0.143787 3.373479 -4.113801
v -0.141146 3.368200 -4.109825
v -0.141662 3.375964 -4.113526
v -0.139043 3.370720 -4.109604
v -0.140265 3.378576 -4.112085
v -0.137654 3.373369 -4.108210
v -0.151656 3.430545 -4.129508
v -0.152904 3.431451 -4.126607
v -0.155206 3.432560 -4.124537
v -0.158162 3.433661 -4.123655
v -0.161260 3.434578 -4.124124
v -0.163955 3.435186 -4.125876
v -0.165774 3.435407 -4.128618
v -0.166398 3.435209 -4.131872
v -0.165721 3.434604 -4.135060
v -0.163872 3.433664 -4.137617
v -0.161181 3.432535 -4.139098
v -0.158117 3.431412 -4.139253
v -0.155198 3.430510 -4.138072
v -0.152918 3.430014 -4.135770
v -0.151664 3.430028 -4.132745
v -0.150155 3.447756 -4.133382
v -0.151627 3.439641 -4.131638
v -0.151684 3.448680 -4.130623
v -0.153064 3.440573 -4.128824
v -0.154101 3.449948 -4.128849
v -0.155455 3.441802 -4.126936
v -0.156989 3.451337 -4.128360
v -0.158386 3.443105 -4.126296
v -0.159849 3.452610 -4.129245
v -0.161352 3.444264 -4.127021
v -0.162182 3.453548 -4.131352
v -0.163833 3.445093 -4.128993
v -0.163582 3.453988 -4.134319
v -0.165397 3.445460 -4.131872
v -0.163804 3.453856 -4.137632
v -0.165772 3.445303 -4.135161
v -0.162810 3.453171 -4.140718
v -0.164892 3.444642 -4.138285
v -0.160775 3.452050 -4.143041
v -0.162917 3.443574 -4.140695
v -0.158054 3.450689 -4.144199
v -0.160192 3.442279 -4.141976
v -0.155123 3.449323 -4.143991
v -0.157193 3.440981 -4.141908
v -0.152486 3.448190 -4.142453
v -0.154430 3.439913 -4.140509
v -0.150593 3.447486 -4.139856
v -0.152378 3.439272 -4.138026
v -0.149770 3.447333 -4.136647
v -0.151387 3.439177 -4.134890
v -0.151232 3.424694 -4.128091
v -0.147566 3.403346 -4.117077
v -0.149529 3.404283 -4.114576
v -0.152356 3.404772 -4.112988
v -0.155566 3.404731 -4.112597
v -0.158599 3.404170 -4.113478
v -0.160924 3.403185 -4.115473
v -0.162134 3.401947 -4.118229
v -0.162018 3.400664 -4.121264
v -0.160599 3.399556 -4.124046
v -0.158127 3.398817 -4.126102
v -0.155037 3.398573 -4.127081
v -0.151862 3.398872 -4.126822
v -0.149150 3.399667 -4.125375
v -0.151405 3.423626 -4.131192
v -0.148913 3.409817 -4.123345
v -0.150389 3.417341 -4.126025
v -0.151359 3.418459 -4.123062
v -0.149761 3.410967 -4.120358
v -0.153500 3.419390 -4.120725
v -0.151812 3.411870 -4.117918
v -0.156437 3.419977 -4.119416
v -0.154711 3.412370 -4.116450
v -0.159670 3.420115 -4.119360
v -0.157962 3.412383 -4.116211
v -0.162637 3.419771 -4.120565
v -0.161001 3.411905 -4.117245
v -0.164829 3.418992 -4.122817
v -0.163299 3.411015 -4.119370
v -0.165868 3.417913 -4.125726
v -0.164459 3.409866 -4.122214
v -0.165573 3.416727 -4.128796
v -0.164278 3.408658 -4.125285
v -0.163992 3.415648 -4.131496
v -0.162788 3.407600 -4.128050
v -0.161394 3.414872 -4.133368
v -0.160247 3.406878 -4.130035
v -0.158231 3.414530 -4.134080
v -0.157100 3.406616 -4.130898
v -0.155049 3.414675 -4.133506
v -0.153888 3.406860 -4.130491
v -0.152404 3.415274 -4.131744
v -0.151168 3.407568 -4.128888
v -0.149411 3.408614 -4.126361
v -0.150758 3.416217 -4.129097
v -0.007254 -0.889120 0.187572
v -0.005303 0.095360 -0.793108
v -0.002426 0.096534 -0.791933
v 0.000878 0.096780 -0.791687
v 0.004037 0.096054 -0.792413
v 0.006506 0.094482 -0.793985
v 0.007857 -0.892593 0.184100
v 0.000879 -0.897036 0.179656
v -0.005302 -0.895616 0.181076
v -0.007945 -0.891418 0.185274
v 0.007857 0.092336 -0.796131
v 0.006506 0.087841 -0.800626
v 0.004038 -0.896311 0.180382
v -0.002426 0.085789 -0.802678
v -0.007255 0.088864 -0.799604
v -0.007277 -0.304864 -0.396677
v -0.005324 -0.302963 -0.394776
v -0.002447 -0.301789 -0.393602
v 0.000857 -0.301543 -0.393356
v 0.004016 -0.302269 -0.394082
v 0.006485 -0.303841 -0.395654
v 0.007836 -0.308336 -0.400149
v 0.000857 -0.312780 -0.404593
v -0.005324 -0.311360 -0.403173
v -0.007967 -0.307162 -0.398974
v 0.007836 -0.305987 -0.397800
v 0.006485 -0.310482 -0.402295
v 0.004016 -0.312054 -0.403867
v -0.002447 -0.312534 -0.404347
v -0.007277 -0.309459 -0.401272
v -0.001329 2.952399 -3.656154
v -0.002011 2.949962 -3.658312
v 0.000599 2.954335 -3.654289
v 0.003440 2.955435 -3.653040
v 0.006702 2.955510 -3.652623
v 0.009822 2.954546 -3.653112
v 0.012259 2.952710 -3.654419
v 0.013593 2.950320 -3.656321
v 0.013592 2.947788 -3.658488
v 0.012258 2.945554 -3.660545
v 0.009820 2.944001 -3.662136
v 0.006701 2.943401 -3.662987
v 0.003438 2.943856 -3.662951
v 0.000598 2.945287 -3.662033
v -0.001330 2.947447 -3.660392
v -0.001962 2.646753 -3.350271
v -0.000031 2.648757 -3.348475
v 0.002813 2.649935 -3.347305
v 0.006080 2.650085 -3.346963
v 0.009204 2.649179 -3.347509
v 0.011644 2.647374 -3.348848
v 0.012980 2.644983 -3.350749
v 0.012979 2.642419 -3.352883
v 0.011643 2.640125 -3.354881
v 0.009202 2.638498 -3.356397
v 0.006078 2.637819 -3.357170
v 0.002811 2.638206 -3.357066
v -0.000033 2.639592 -3.356102
v -0.001963 2.641737 -3.354446
v -0.002646 2.644270 -3.352384
v -0.002513 2.381278 -3.084592
v -0.000579 2.383407 -3.082920
v 0.002269 2.384558 -3.081722
v 0.005539 2.384531 -3.081205
v 0.008666 2.383333 -3.081458
v 0.011109 2.381169 -3.082437
v 0.012445 2.378415 -3.083974
v 0.012444 2.375545 -3.085803
v 0.011106 2.373057 -3.087606
v 0.008661 2.371381 -3.089073
v 0.005534 2.370805 -3.089950
v 0.002264 2.371432 -3.090086
v -0.000583 2.373151 -3.089455
v -0.002515 2.375665 -3.088169
v -0.003197 2.378540 -3.086449
v -0.003269 2.016287 -2.719319
v -0.001333 2.018321 -2.717553
v 0.001519 2.019183 -2.716065
v 0.004794 2.018723 -2.715113
v 0.007924 2.017021 -2.714863
v 0.010370 2.014372 -2.715357
v 0.011708 2.011233 -2.716509
v 0.011706 2.008147 -2.718121
v 0.010366 2.005648 -2.719914
v 0.007918 2.004169 -2.721578
v 0.004786 2.003963 -2.722824
v 0.001512 2.005067 -2.723438
v -0.001338 2.007292 -2.723314
v -0.003272 2.010250 -2.722472
v -0.003955 2.013432 -2.721060
v -0.004268 1.534551 -2.237211
v -0.002327 1.536713 -2.235573
v 0.000532 1.537947 -2.234457
v 0.003814 1.538039 -2.234059
v 0.006953 1.536975 -2.234446
v 0.009405 1.534937 -2.235552
v 0.010747 1.532277 -2.237184
v 0.010746 1.529457 -2.239062
v 0.009402 1.526964 -2.240860
v 0.006949 1.525228 -2.242267
v 0.003810 1.524550 -2.243041
v 0.000527 1.525046 -2.243047
v -0.002331 1.526633 -2.242284
v -0.004270 1.529034 -2.240885
v -0.004955 1.531835 -2.239090
v -0.005383 0.996492 -1.698738
v -0.003438 0.998712 -1.697156
v -0.000572 1.000047 -1.696143
v 0.002719 1.000267 -1.695871
v 0.005865 0.999333 -1.696390
v 0.008323 0.997407 -1.697607
v 0.009668 0.994823 -1.699314
v 0.009667 0.992026 -1.701216
v 0.008321 0.989501 -1.702982
v 0.005861 0.987684 -1.704309
v 0.002714 0.986889 -1.704966
v -0.000576 0.987254 -1.704839
v -0.003441 0.988716 -1.703952
v -0.005385 0.991021 -1.702457
v -0.006072 0.993772 -1.700612
v -0.006656 0.382609 -1.084381
v -0.004705 0.385005 -1.082976
v -0.001831 0.386209 -1.081831
v 0.001467 0.386012 -1.081142
v 0.004621 0.384448 -1.081030
v 0.007084 0.381788 -1.081512
v 0.008431 0.378491 -1.082507
v 0.008429 0.375128 -1.083842
v 0.007078 0.372281 -1.085285
v 0.004612 0.370440 -1.086589
v 0.001457 0.369926 -1.087526
v -0.001841 0.370826 -1.087936
v -0.004712 0.372985 -1.087747
v -0.006660 0.376030 -1.086991
v -0.007347 0.379434 -1.085801
v -0.006673 -1.152823 0.451058
v -0.007362 -1.155478 0.449118
v -0.004723 -1.150793 0.452829
v -0.001849 -1.149741 0.454127
v 0.001451 -1.149849 0.454725
v 0.004608 -1.151098 0.454522
v 0.007074 -1.153271 0.453551
v 0.008425 -1.155994 0.451981
v 0.008426 -1.158795 0.450084
v 0.007077 -1.161191 0.448187
v 0.004612 -1.162766 0.446618
v 0.001456 -1.163248 0.445649
v -0.001845 -1.162555 0.445447
v -0.004719 -1.160805 0.446048
v -0.006671 -1.158302 0.447346
v -0.005959 -1.476426 0.774396
v -0.004012 -1.474242 0.776013
v -0.001144 -1.472867 0.776988
v 0.002151 -1.472541 0.777152
v 0.005302 -1.473319 0.776478
v 0.007764 -1.475066 0.775082
v 0.009112 -1.477482 0.773205
v 0.009113 -1.480147 0.771172
v 0.007766 -1.482602 0.769335
v 0.005304 -1.484421 0.768010
v 0.002154 -1.485291 0.767427
v -0.001140 -1.485060 0.767688
v -0.004010 -1.483769 0.768746
v -0.005957 -1.481641 0.770419
v -0.006647 -1.479044 0.772418
v -0.005058 -1.884667 1.182302
v -0.003116 -1.882058 1.183494
v -0.000253 -1.880560 1.184345
v 0.003035 -1.880432 1.184708
v 0.006181 -1.881696 1.184521
v 0.008640 -1.884135 1.183814
v 0.009987 -1.887325 1.182712
v 0.009990 -1.890716 1.181404
v 0.008647 -1.893721 1.180116
v 0.006191 -1.895820 1.179072
v 0.003046 -1.896652 1.178451
v -0.000243 -1.896071 1.178362
v -0.003108 -1.894178 1.178819
v -0.005054 -1.891301 1.179743
v -0.005743 -1.887937 1.180976
v -0.004220 -2.264535 1.561858
v -0.002281 -2.262329 1.563453
v 0.000578 -2.261064 1.564537
v 0.003861 -2.260958 1.564922
v 0.007000 -2.262030 1.564542
v 0.009454 -2.264094 1.563462
v 0.010798 -2.266794 1.561870
v 0.010799 -2.269662 1.560040
v 0.009458 -2.272204 1.558288
v 0.007005 -2.273978 1.556919
v 0.003866 -2.274679 1.556168
v 0.000583 -2.274185 1.556166
v -0.002276 -2.272582 1.556912
v -0.004218 -2.270146 1.558278
v -0.004905 -2.267300 1.560028
v -0.003440 -2.618256 1.915289
v -0.001503 -2.616114 1.916949
v 0.001351 -2.615149 1.918333
v 0.004629 -2.615528 1.919202
v 0.007765 -2.617185 1.919406
v 0.010217 -2.619833 1.918909
v 0.011559 -2.623014 1.917798
v 0.011561 -2.626180 1.916264
v 0.010221 -2.628781 1.914573
v 0.007773 -2.630369 1.913017
v 0.004638 -2.630668 1.911865
v 0.001359 -2.629628 1.911317
v -0.001497 -2.627428 1.911467
v -0.003436 -2.624448 1.912289
v -0.004123 -2.621203 1.913641
v -0.002678 -2.963497 2.260247
v -0.000745 -2.961365 2.261916
v 0.002104 -2.960196 2.263096
v 0.005377 -2.960192 2.263582
v 0.008507 -2.961354 2.263292
v 0.010953 -2.963480 2.262274
v 0.012292 -2.966203 2.260705
v 0.012293 -2.969054 2.258856
v 0.010956 -2.971537 2.257047
v 0.008511 -2.973224 2.255591
v 0.005382 -2.973824 2.254740
v 0.002109 -2.973233 2.254640
v -0.000741 -2.971552 2.255308
v -0.002676 -2.969073 2.256631
v -0.003361 -2.966223 2.258378
v -0.001791 -3.365721 2.662142
v 0.000139 -3.363671 2.663892
v 0.002983 -3.362527 2.665097
v 0.006249 -3.362488 2.665549
v 0.009373 -3.363560 2.665169
v 0.011814 -3.365559 2.664023
v 0.013151 -3.368138 2.662310
v 0.013152 -3.370851 2.660324
v 0.011816 -3.373230 2.658411
v 0.009376 -3.374863 2.656901
v 0.006253 -3.375468 2.656054
v 0.002987 -3.374939 2.656017
v 0.000142 -3.373370 2.656797
v -0.001789 -3.371030 2.658258
v -0.002473 -3.368325 2.660149
v -0.160878 0.535684 0.263196
v -0.160237 0.686562 0.411809
v 0.113030 0.506787 0.234733
v 0.126149 0.715135 0.439954
v -0.160878 0.707351 0.117908
v -0.136542 0.882498 0.299145
v 0.149844 0.855652 0.271329
v 0.113030 0.679150 0.088724
v -0.160878 0.910389 -0.018690
v -0.136542 1.078559 0.160885
v 0.149844 1.052747 0.133272
v 0.113029 0.883227 -0.047675
v -0.160878 1.205294 -0.111986
v -0.136542 1.321572 -0.000083
v 0.149844 1.303024 -0.017881
v 0.113029 1.185377 -0.131137
v -0.160879 1.972196 -0.647775
v -0.160237 1.981815 -0.639380
v 0.126149 1.987037 -0.634813
v 0.113029 1.966627 -0.652637
v -0.160879 2.263195 -1.021345
v -0.136543 2.280477 -1.008484
v 0.149843 2.274727 -1.012751
v 0.113029 2.257054 -1.025888
v -0.160879 2.493866 -1.399648
v -0.136543 2.511973 -1.391098
v 0.149843 2.505682 -1.394043
v 0.113029 2.487127 -1.402774
v -0.160879 2.703246 -1.851244
v -0.136543 2.720227 -1.844288
v 0.149843 2.714002 -1.846821
v 0.113028 2.696561 -1.853932
v -0.160880 2.869449 -2.368397
v -0.136543 2.884729 -2.363420
v 0.149842 2.878643 -2.365382
v 0.113028 2.862889 -2.370476
v -0.160814 2.963835 -2.866801
v -0.137518 2.977662 -2.855841
v 0.149260 2.973182 -2.866381
v 0.113028 2.957203 -2.868436
v -0.160225 3.038321 -3.350731
v -0.140758 3.064344 -3.391150
v 0.145326 3.050146 -3.349782
v 0.112911 3.031116 -3.351657
v -0.154795 3.272287 -3.962902
v -0.145714 3.296319 -3.949677
v 0.107899 3.260300 -3.970207
v -0.154845 3.413156 -4.120753
v 0.136374 3.437136 -4.094878
v 0.107898 3.412221 -4.134950
v -0.140059 3.595508 -4.286075
v -0.127163 3.591346 -4.238930
v 0.097195 3.556380 -4.274522
v -0.160879 1.561312 -0.222988
v -0.160878 1.444179 -0.178556
v -0.124986 1.506567 -0.212148
v -0.124986 1.671631 -0.324985
v -0.160879 1.602924 -0.248431
v -0.160237 1.581826 -0.203831
v -0.160237 1.688292 -0.309655
v -0.160237 1.617468 -0.234433
v -0.136542 1.497740 -0.125355
v -0.160237 1.544521 -0.175568
v 0.126149 1.588760 -0.197355
v 0.126149 1.693452 -0.304960
v 0.126149 1.623360 -0.228768
v 0.149844 1.488220 -0.134837
v 0.126149 1.552648 -0.167758
v 0.113029 1.554044 -0.229772
v 0.150485 1.679543 -0.317576
v 0.113029 1.596702 -0.254410
v 0.113029 1.433298 -0.189401
v 0.113029 1.508137 -0.210579
v -0.138594 3.160795 -3.747245
v -0.139338 3.211736 -3.841695
v -0.138878 3.145690 -3.709887
v -0.153598 3.135950 -3.756698
v -0.154740 3.102913 -3.664213
v -0.153968 3.121746 -3.719049
v -0.119871 3.173555 -3.854429
v -0.153358 3.152606 -3.794786
v 0.128048 3.180081 -3.785168
v 0.129506 3.125361 -3.654095
v 0.108222 3.127397 -3.759791
v 0.143072 3.183908 -3.849828
v 0.108011 3.143824 -3.798055
v 0.109193 3.094537 -3.666072
v 0.108549 3.113342 -3.722085
v -0.004939 3.085374 -3.393100
v 0.089949 3.076366 -3.393600
v -0.098792 3.075923 -3.397901
v -0.005198 3.175513 -3.624280
v -0.098001 3.155412 -3.640568
v 0.087606 3.155759 -3.635355
v -0.005198 3.279661 -3.813488
v 0.085467 3.252335 -3.829633
v -0.095864 3.249038 -3.832238
v -0.005198 3.349721 -3.905056
v -0.087255 3.325850 -3.927506
v 0.076858 3.326950 -3.924305
v -0.005354 3.507478 -4.040183
v -0.086557 3.483775 -4.073098
v 0.075379 3.476683 -4.062947
v 0.077954 3.605971 -4.257505
v -0.005198 3.206913 -3.679733
v -0.097448 3.178365 -3.694841
v 0.087051 3.181394 -3.691571
v -0.005198 3.226928 -3.716679
v -0.097522 3.194597 -3.732744
v 0.087125 3.197995 -3.729984
v -0.005198 3.251539 -3.763419
v 0.087375 3.221212 -3.776395
v -0.097772 3.217813 -3.779154
v -0.096510 3.583764 -4.194712
v 0.135629 3.549722 -4.208264
v 0.076849 3.579127 -4.189921
v -0.005959 3.600663 -4.171178
v -0.124985 0.505217 0.233164
v 0.150486 0.541924 0.269435
v -0.124985 0.677581 0.087155
v 0.150485 0.713591 0.124147
v -0.124985 0.881657 -0.049244
v 0.150485 0.916628 -0.012451
v -0.124986 1.183808 -0.132706
v 0.150485 1.211533 -0.105747
v -0.124986 1.965058 -0.654206
v 0.150485 1.972325 -0.647646
v -0.124986 2.255485 -1.027457
v 0.150485 2.263298 -1.021242
v -0.124986 2.485558 -1.404343
v 0.150484 2.493969 -1.399544
v -0.124987 2.694992 -1.855501
v 0.150484 2.703350 -1.851140
v -0.124987 2.861319 -2.372045
v 0.150484 2.869552 -2.368294
v -0.124987 2.955633 -2.870005
v 0.150418 2.963939 -2.866697
v -0.124863 3.029623 -3.353669
v 0.149834 3.038363 -3.350272
v -0.119859 3.259206 -3.971391
v 0.144398 3.268265 -3.965966
v -0.119859 3.411726 -4.135697
v 0.144632 3.412330 -4.120791
v -0.108808 3.560465 -4.271684
v 0.133579 3.589682 -4.293702
v -0.124986 1.552474 -0.231341
v -0.124986 1.431729 -0.190970
v -0.160879 1.516593 -0.202456
v -0.160879 1.678699 -0.318419
v -0.124986 1.595132 -0.255979
v 0.150485 1.567371 -0.216929
v 0.113029 1.673200 -0.323416
v 0.150485 1.607341 -0.244014
v 0.150485 1.450418 -0.172317
v 0.150485 1.522832 -0.196217
v -0.120182 3.125828 -3.761360
v -0.121138 3.093119 -3.668526
v -0.120508 3.111773 -3.723654
v -0.153468 3.184493 -3.849374
v -0.119970 3.142255 -3.799623
v 0.143201 3.136053 -3.756594
v 0.107911 3.175046 -3.852924
v 0.142961 3.152709 -3.794683
v 0.144354 3.102891 -3.663397
v 0.143571 3.121849 -3.718945
v -0.157142 0.507749 0.235676
v 0.146489 0.509050 0.236978
v -0.157142 0.680081 0.089698
v 0.146489 0.681383 0.090999
v -0.157142 0.884141 -0.046686
v 0.146489 0.885443 -0.045385
v -0.157142 1.186356 -0.130212
v 0.146489 1.187658 -0.128911
v -0.157143 1.967661 -0.651771
v 0.146488 1.967945 -0.651489
v -0.157143 2.258174 -1.025140
v 0.146488 2.258453 -1.024861
v -0.157143 2.488432 -1.402334
v 0.146488 2.488711 -1.402055
v -0.157143 2.697907 -1.853573
v 0.146488 2.698186 -1.853294
v -0.157144 2.864281 -2.370243
v 0.146487 2.864559 -2.369964
v -0.157144 2.958627 -2.868312
v 0.146487 2.958906 -2.868033
v -0.157002 3.032642 -3.352099
v 0.146352 3.032849 -3.351402
v -0.151283 3.264900 -3.966997
v 0.140625 3.261850 -3.969413
v -0.151259 3.415364 -4.133291
v 0.140635 3.413953 -4.134346
v -0.132861 3.583936 -4.287975
v 0.122615 3.577418 -4.293113
v -0.157143 1.555039 -0.228863
v -0.157142 1.434248 -0.188445
v -0.157143 1.509116 -0.209654
v -0.157143 1.674212 -0.322526
v -0.157143 1.597680 -0.253483
v 0.146489 1.556310 -0.227592
v 0.146489 1.674614 -0.322124
v 0.146489 1.598677 -0.252485
v 0.146489 1.435549 -0.187144
v 0.146489 1.510417 -0.208352
v -0.151653 3.128770 -3.759497
v -0.152746 3.096079 -3.666771
v -0.152026 3.114712 -3.721786
v -0.151297 3.176960 -3.852153
v -0.151411 3.145198 -3.797763
v 0.140996 3.129048 -3.759218
v 0.140639 3.176685 -3.852324
v 0.140753 3.145476 -3.797484
v 0.142102 3.096215 -3.665656
v 0.141369 3.114991 -3.721508
v -0.136542 0.715135 0.439954
v 0.149844 0.687602 0.412849
v -0.160237 0.854612 0.270290
v 0.126149 0.882498 0.299145
v -0.160237 1.051707 0.132233
v 0.126149 1.078559 0.160885
v -0.160237 1.301985 -0.018921
v 0.126149 1.321572 -0.000083
v -0.136543 1.987036 -0.634813
v 0.149843 1.981836 -0.639359
v -0.160237 2.274709 -1.012768
v 0.126148 2.280477 -1.008484
v -0.160238 2.505665 -1.394060
v 0.126148 2.511974 -1.391098
v -0.160238 2.713984 -1.846838
v 0.126148 2.720227 -1.844288
v -0.160238 2.878625 -2.365399
v 0.126148 2.884729 -2.363421
v -0.159656 2.973227 -2.866730
v 0.127380 2.977157 -2.853195
v -0.155717 3.050273 -3.350530
v 0.130625 3.063903 -3.387750
v 0.135317 3.291407 -3.952272
v -0.146029 3.436593 -4.100823
v 0.126315 3.591699 -4.258696
v -0.136542 1.588760 -0.197355
v -0.136542 1.693451 -0.304960
v -0.136542 1.623360 -0.228768
v -0.160237 1.487180 -0.135877
v -0.136542 1.552648 -0.167758
v 0.149844 1.582836 -0.202822
v 0.149843 1.688433 -0.309515
v 0.149844 1.618204 -0.233697
v 0.126149 1.497740 -0.125355
v 0.149844 1.545561 -0.174528
v -0.138443 3.179497 -3.785645
v -0.139891 3.125426 -3.655661
v 0.128198 3.161379 -3.746768
v 0.128943 3.211439 -3.841941
v 0.128482 3.146212 -3.709325
v -0.004156 3.611721 -4.251547
v -0.085930 3.608505 -4.249720
v -0.140825 3.536049 -4.198910
v -0.100444 3.118910 -3.545460
v 0.090057 3.116367 -3.546128
v -0.005198 3.136968 -3.534372
v -0.005457 0.506334 0.234283
v -0.003978 3.608607 -4.303731
v -0.005196 0.715735 0.440544
v -0.005196 0.883083 0.299750
v -0.005457 0.678702 0.088270
v -0.005196 1.079136 0.161497
v -0.005457 0.882780 -0.048130
v -0.005197 1.322180 0.000499
v -0.005457 1.184922 -0.131585
v -0.005197 1.498334 -0.124759
v -0.005457 1.432847 -0.189852
v -0.005197 1.694075 -0.304394
v -0.005197 1.987670 -0.634259
v -0.005457 1.672742 -0.323860
v -0.005457 1.966167 -0.653078
v -0.005197 2.281150 -1.007984
v -0.005458 2.256584 -1.026316
v -0.005197 2.512733 -1.390742
v -0.005458 2.486637 -1.403168
v -0.005198 2.721006 -1.843970
v -0.005458 2.696066 -1.854317
v -0.005198 2.885529 -2.363162
v -0.005458 2.862388 -2.370846
v -0.004470 2.985172 -2.892475
v -0.005459 2.956699 -2.868795
v -0.005458 3.030647 -3.352221
v -0.005457 3.094111 -3.666873
v -0.005459 3.174549 -3.853305
v -0.005459 3.259813 -3.970610
v -0.005459 3.412196 -4.134948
v -0.005197 1.553256 -0.167176
v -0.005197 1.589375 -0.196780
v -0.005457 1.507682 -0.211027
v -0.005457 1.553588 -0.230219
v -0.005197 1.623967 -0.228185
v -0.005457 1.596247 -0.254858
v -0.005459 3.112844 -3.722464
v -0.005459 3.126899 -3.760169
v -0.005459 3.143326 -3.798432
v -0.005427 3.577209 -4.289982
v -0.005057 3.605148 -4.313004
v -0.135376 3.037420 -3.232341
v -0.003559 3.050853 -3.260653
v 0.127740 3.034864 -3.218741
v -0.078055 3.044805 -3.263080
v 0.077061 3.042647 -3.251427
v -0.152447 3.519163 -4.215631
v -0.083031 3.610447 -4.295186
v 0.078131 3.606560 -4.300516
v 0.144451 3.519741 -4.220611
v 0.135142 3.090008 -3.543669
v -0.145463 3.091298 -3.548567
v 0.146779 3.074090 -3.555683
v -0.157103 3.074801 -3.560418
v -0.154721 3.068396 -3.562011
v -0.122870 3.065309 -3.563087
v -0.005445 3.065867 -3.558891
v 0.111001 3.065899 -3.555767
v 0.144150 3.067750 -3.556293
v -0.152453 3.073016 -3.478881
v -0.100968 3.096365 -3.471424
v 0.148454 3.059343 -3.479756
v -0.005198 3.109553 -3.465240
v 0.112092 3.051594 -3.480250
v 0.145405 3.053402 -3.480474
v 0.090578 3.095351 -3.470901
v -0.005451 3.051379 -3.482304
v 0.142104 3.072382 -3.475705
v -0.141436 3.079886 -3.477071
v 0.131082 3.079137 -3.474230
v -0.158806 3.059740 -3.482709
v -0.156009 3.053693 -3.484101
v -0.123996 3.050627 -3.485358
v 0.150486 0.390842 0.415424
v -0.124985 0.354286 0.378867
v 0.146489 0.358109 0.382690
v -0.136542 0.563182 0.587763
v -0.005457 0.355404 0.379985
v -0.005196 0.563777 0.588359
v -0.140054 -4.310655 3.620089
v -0.127158 -4.263511 3.615928
v -0.085925 -4.274301 3.633087
v -0.083026 -4.319766 3.635029
v -0.136542 0.415372 0.739717
v -0.005196 0.415963 0.740316
v -0.160878 0.238615 0.560266
v -0.160236 0.387228 0.711143
v -0.160236 0.245708 0.879193
v -0.160878 0.093326 0.731933
v -0.005196 0.275169 0.907665
v -0.136542 0.274564 0.907080
v 0.149844 0.388268 0.712183
v 0.150486 0.244854 0.566505
v 0.150486 0.099565 0.738172
v 0.149844 0.246748 0.880233
v 0.113030 0.210152 0.531368
v -0.005457 0.209702 0.530916
v -0.005457 0.063689 0.703283
v 0.113030 0.064143 0.703732
v -0.160236 0.107651 1.076288
v -0.160878 -0.043271 0.934970
v -0.005196 0.136916 1.103718
v -0.136542 0.136304 1.103140
v 0.150486 -0.037032 0.941209
v 0.149844 0.108691 1.077328
v -0.005456 -0.072712 0.907361
v 0.113030 -0.072256 0.907808
v -0.160236 -0.043502 1.326566
v -0.160878 -0.136568 1.229876
v -0.005196 -0.024082 1.346761
v -0.136541 -0.024665 1.346153
v 0.150486 -0.130329 1.236115
v 0.149845 -0.042462 1.327606
v -0.005456 -0.156166 1.209504
v 0.113030 -0.155718 1.209958
v -0.160236 -0.160458 1.511761
v -0.160878 -0.203138 1.468760
v 0.126150 -0.024664 1.346153
v 0.126150 -0.149936 1.522321
v -0.005196 -0.149340 1.522915
v 0.150486 -0.196898 1.474999
v 0.149845 -0.159419 1.512801
v -0.124985 -0.157287 1.208389
v -0.124985 -0.215551 1.456311
v -0.005456 -0.214434 1.457429
v -0.160877 -0.343000 1.703281
v -0.160236 -0.334236 1.712873
v -0.160236 -0.663962 2.006396
v -0.160877 -0.672356 1.996778
v -0.136541 -0.329541 1.718033
v -0.005196 -0.328976 1.718656
v -0.005195 -0.658840 2.012251
v -0.136541 -0.659395 2.011618
v 0.149845 -0.334096 1.713014
v 0.150486 -0.342157 1.704124
v 0.150486 -0.672227 1.996906
v 0.149845 -0.663940 2.006418
v 0.113030 -0.347997 1.697781
v -0.005456 -0.348441 1.697324
v -0.005456 -0.677659 1.990748
v 0.113031 -0.677218 1.991209
v -0.160235 -1.037349 2.299291
v -0.160877 -1.045927 2.287776
v -0.005195 -1.032565 2.305732
v -0.136541 -1.033065 2.305058
v 0.150487 -1.045823 2.287879
v 0.149845 -1.037332 2.299308
v -0.005456 -1.050897 2.281166
v 0.113031 -1.050469 2.281636
v -0.160235 -1.418642 2.530247
v -0.160877 -1.424229 2.518447
v -0.005195 -1.415323 2.537315
v -0.136541 -1.415679 2.536555
v 0.150487 -1.424125 2.518551
v 0.149845 -1.418624 2.530264
v -0.005456 -1.427748 2.511218
v 0.113031 -1.427354 2.511709
v -0.160235 -1.871419 2.738566
v -0.160877 -1.875825 2.727828
v -0.005195 -1.868551 2.745587
v -0.136540 -1.868869 2.744808
v 0.150487 -1.875721 2.727931
v 0.149845 -1.871401 2.738583
v -0.005455 -1.878898 2.720647
v 0.113031 -1.878513 2.721142
v -0.160235 -2.389980 2.903207
v -0.160876 -2.392978 2.894030
v -0.005195 -2.387743 2.910110
v -0.136540 -2.388001 2.909310
v 0.150487 -2.392875 2.894134
v 0.149846 -2.389963 2.903224
v -0.005455 -2.395428 2.886970
v 0.113031 -2.395057 2.887470
v -0.159652 -2.891310 2.997808
v -0.160810 -2.891381 2.988417
v -0.004466 -2.917056 3.009753
v -0.137514 -2.880422 3.002244
v 0.150421 -2.891278 2.988520
v 0.149263 -2.890961 2.997763
v -0.005455 -2.893375 2.981281
v 0.113031 -2.893016 2.981784
v -0.155713 -3.375110 3.074855
v -0.160221 -3.375312 3.062903
v -0.003555 -3.285234 3.075434
v -0.004936 -3.417681 3.109956
v -0.098788 -3.422482 3.100504
v -0.078051 -3.287661 3.069386
v 0.149838 -3.374852 3.062943
v 0.145330 -3.374362 3.074727
v -0.005454 -3.376801 3.055229
v 0.112915 -3.376238 3.055698
v -0.152449 -3.503462 3.097598
v -0.158802 -3.507290 3.084321
v 0.146783 -3.580265 3.098673
v 0.144358 -3.687978 3.127473
v 0.129510 -3.678676 3.149942
v 0.135146 -3.568250 3.114589
v -0.005447 -3.506885 3.075961
v 0.112096 -3.504831 3.076175
v -0.153464 -3.873955 3.209075
v -0.139334 -3.866275 3.236317
v -0.145709 -3.974258 3.320900
v -0.154791 -3.987482 3.296868
v 0.128947 -3.866522 3.236021
v 0.143076 -3.874410 3.208489
v 0.144403 -3.990547 3.292847
v 0.135321 -3.976853 3.315989
v 0.107915 -3.877505 3.199627
v -0.005455 -3.877885 3.199130
v -0.005455 -3.995190 3.284394
v 0.107903 -3.994788 3.284881
v -0.146024 -4.125404 3.461174
v -0.154841 -4.145333 3.437737
v 0.144636 -4.145371 3.436911
v 0.136378 -4.119458 3.461717
v -0.005454 -4.159529 3.436777
v 0.107903 -4.159531 3.436802
v -0.140821 -4.223490 3.560630
v -0.152443 -4.240213 3.543745
v 0.144455 -4.245191 3.544322
v 0.133584 -4.318283 3.614264
v 0.126320 -4.283276 3.616281
v 0.135634 -4.232845 3.574303
v -0.005422 -4.314563 3.601791
v 0.097200 -4.299103 3.580961
v -0.160236 -0.200149 1.569103
v -0.160877 -0.227037 1.541175
v -0.160236 -0.228413 1.606407
v -0.160877 -0.247569 1.585894
v -0.136541 -0.149936 1.522321
v -0.005196 -0.191757 1.577838
v -0.136541 -0.192339 1.577230
v -0.005196 -0.221361 1.613956
v -0.136541 -0.221936 1.613341
v 0.150486 -0.220798 1.547414
v 0.149845 -0.199110 1.570143
v 0.150486 -0.241510 1.591953
v 0.149845 -0.227403 1.607417
v 0.113030 -0.213982 1.457880
v -0.005456 -0.235609 1.532264
v 0.113030 -0.235160 1.532718
v -0.005456 -0.254800 1.578169
v 0.113030 -0.254353 1.578625
v -0.160877 -0.273012 1.627505
v -0.160236 -0.259015 1.642049
v 0.126150 -0.329541 1.718033
v -0.005196 -0.252766 1.648549
v 0.126150 -0.253349 1.647942
v 0.126150 -0.221936 1.613341
v 0.149845 -0.258278 1.642785
v 0.150486 -0.268595 1.631922
v -0.124985 -0.349566 1.696212
v -0.005456 -0.279440 1.620829
v -0.124985 -0.280560 1.619714
v -0.124985 -0.255923 1.577056
v -0.154736 -3.688794 3.127495
v -0.139887 -3.680243 3.150008
v -0.138874 -3.734468 3.170272
v -0.153963 -3.743629 3.146327
v -0.138590 -3.771826 3.185377
v -0.153594 -3.781278 3.160531
v 0.143575 -3.743526 3.146431
v 0.128486 -3.733905 3.170794
v 0.143206 -3.781175 3.160635
v 0.128203 -3.771349 3.185960
v 0.109197 -3.690653 3.119119
v -0.005453 -3.691455 3.118693
v -0.005455 -3.747044 3.137425
v 0.108553 -3.746666 3.137923
v -0.005455 -3.784750 3.151480
v 0.108227 -3.784371 3.151978
v -0.153353 -3.819367 3.177187
v -0.138439 -3.810226 3.204079
v 0.085472 -3.854214 3.276917
v 0.087379 -3.800976 3.245793
v 0.128052 -3.809749 3.204663
v 0.087130 -3.754565 3.222576
v 0.142965 -3.819264 3.177290
v -0.119866 -3.879009 3.198137
v -0.005455 -3.823013 3.167907
v -0.119966 -3.824204 3.166837
v -0.120178 -3.785941 3.150409
v -0.097996 -3.665149 3.179994
v -0.100440 -3.570041 3.143492
v -0.005194 -3.558953 3.161549
v -0.005194 -3.648861 3.200094
v -0.087250 -3.952087 3.350432
v -0.095860 -3.856819 3.273619
v -0.005194 -3.838069 3.304242
v -0.005194 -3.929637 3.374302
v -0.086553 -4.097679 3.508357
v -0.005349 -4.064764 3.532060
v -0.097444 -3.719422 3.202947
v -0.005194 -3.704313 3.231495
v -0.097518 -3.757325 3.219178
v -0.005194 -3.741261 3.251510
v -0.005194 -3.788000 3.276121
v 0.089953 -3.418181 3.100947
v 0.090582 -3.495483 3.119933
v -0.005194 -3.489821 3.134134
v 0.076862 -3.948885 3.351530
v 0.075383 -4.087528 3.501264
v 0.076854 -4.214502 3.603709
v -0.005955 -4.195759 3.625245
v 0.087610 -3.659935 3.180340
v 0.087056 -3.716151 3.205976
v -0.097767 -3.803735 3.242395
v -0.096505 -4.219293 3.608346
v -0.157142 0.211095 0.532330
v -0.157142 0.356808 0.381389
v -0.160878 0.384603 0.409185
v 0.122619 -4.317693 3.601999
v -0.005052 -4.337584 3.629730
v -0.003973 -4.328312 3.633188
v 0.078136 -4.325097 3.631141
v -0.157142 0.065117 0.704663
v 0.146489 0.212396 0.533632
v 0.146489 0.066418 0.705964
v -0.157142 -0.071267 0.908723
v 0.146489 -0.069966 0.910024
v -0.157142 -0.154793 1.210938
v 0.146490 -0.153492 1.212239
v -0.157141 -0.213026 1.458830
v 0.146490 -0.211725 1.460131
v -0.157141 -0.676353 1.992243
v -0.157141 -0.347107 1.698794
v 0.146490 -0.346705 1.699196
v 0.146490 -0.676070 1.992526
v -0.157141 -1.049721 2.282756
v 0.146490 -1.049442 2.283035
v -0.157141 -1.426915 2.513014
v 0.146490 -1.426636 2.513293
v -0.157141 -1.878154 2.722489
v 0.146490 -1.877875 2.722768
v -0.157140 -2.394824 2.888862
v 0.146491 -2.394545 2.889141
v -0.157140 -2.892893 2.983208
v 0.146491 -2.892614 2.983487
v -0.156998 -3.376680 3.057223
v 0.146356 -3.375983 3.057431
v -0.154717 -3.586592 3.092978
v -0.156005 -3.508682 3.078275
v -0.157099 -3.584999 3.099383
v 0.145409 -3.505056 3.077984
v 0.148458 -3.504337 3.083924
v -0.151278 -3.991579 3.289483
v -0.151292 -3.876735 3.201542
v 0.140644 -3.876905 3.201266
v 0.140630 -3.993994 3.286431
v -0.151254 -4.157872 3.439945
v 0.140640 -4.158926 3.438534
v -0.132856 -4.312555 3.608518
v -0.157141 -0.234235 1.533697
v -0.157141 -0.253445 1.579620
v 0.146490 -0.232933 1.534999
v 0.146490 -0.252173 1.580892
v -0.157141 -0.278064 1.622261
v 0.146490 -0.277066 1.623259
v -0.152022 -3.746367 3.139294
v -0.152742 -3.691352 3.120660
v -0.151649 -3.784077 3.153350
v 0.142106 -3.690236 3.120796
v 0.141373 -3.746088 3.139572
v 0.141000 -3.783799 3.153629
v -0.151406 -3.822344 3.169779
v 0.140758 -3.822065 3.170058
v -0.124985 0.208583 0.529799
v -0.124985 0.062573 0.702163
v -0.124985 -0.073826 0.906239
v -0.124984 -0.678787 1.989640
v -0.124984 -1.052038 2.280066
v -0.124984 -1.428924 2.510139
v -0.124984 -1.880082 2.719573
v -0.124984 -2.396626 2.885901
v -0.124983 -2.894585 2.980215
v -0.124859 -3.378250 3.054204
v -0.122866 -3.587668 3.089890
v -0.123992 -3.509939 3.075209
v -0.119854 -3.995973 3.283788
v -0.119854 -4.160277 3.436307
v -0.108803 -4.296265 3.585047
v -0.124985 -0.236730 1.531149
v 0.113030 -0.278991 1.621283
v -0.120504 -3.748235 3.136354
v -0.121134 -3.693106 3.117700
v 0.108015 -3.822635 3.168406
v 0.126150 0.415372 0.739717
v 0.126149 0.563182 0.587763
v 0.149844 0.535795 0.560376
v 0.126150 0.274564 0.907080
v 0.126150 0.136304 1.103140
v 0.126150 -0.659395 2.011618
v 0.126151 -1.033065 2.305058
v 0.126151 -1.415679 2.536555
v 0.126151 -1.868869 2.744808
v 0.126151 -2.388001 2.909310
v 0.127384 -2.877776 3.001738
v -0.135373 -3.256922 3.062002
v -0.140754 -3.415731 3.088926
v 0.130629 -3.412331 3.088485
v 0.127744 -3.243321 3.059445
v -0.141432 -3.501652 3.104467
v 0.090061 -3.570709 3.140949
v 0.077959 -4.282086 3.630553
v 0.126150 -0.192339 1.577230
v -0.136541 -0.253349 1.647942
v -0.100964 -3.496005 3.120946
v 0.113030 0.355855 0.380436
v -0.004152 -4.276128 3.636302
v 0.077064 -3.276008 3.067229
v 0.131086 -3.498811 3.103718
v -0.145459 -3.573148 3.115880
v 0.142108 -3.500285 3.096963
v -0.005441 -3.583472 3.090449
v 0.111005 -3.580348 3.090481
v 0.144154 -3.580873 3.092331
v -0.160236 0.534755 0.559337
v -0.115232 3.607671 -4.275381
v -0.079770 0.638641 0.513875
v -0.161078 0.693449 0.265196
v -0.079770 0.796911 0.369140
v 0.150686 0.697609 0.269355
v 0.060764 0.590265 0.161530
v -0.161079 0.873180 0.124091
v -0.079770 0.975168 0.232462
v 0.150686 0.877339 0.128250
v 0.060764 0.771463 0.016004
v -0.161079 1.114925 -0.006957
v -0.079770 1.200961 0.081077
v 0.150686 1.119084 -0.002797
v 0.060764 1.029167 -0.094711
v -0.161079 1.375340 -0.117763
v 0.069377 1.424332 -0.070938
v 0.150686 1.379499 -0.113604
v -0.072199 1.325582 -0.165359
v -0.161079 1.813859 -0.457359
v -0.079770 1.824226 -0.448088
v 0.150685 1.813996 -0.457222
v 0.060764 1.803782 -0.466365
v -0.161079 2.129960 -0.830605
v -0.079771 2.141457 -0.821072
v 0.150685 2.130029 -0.830536
v 0.060764 2.118761 -0.839882
v -0.161079 2.389463 -1.202150
v -0.079771 2.402310 -1.194449
v 0.150685 2.389533 -1.202081
v 0.060763 2.376943 -1.209637
v -0.161080 2.607310 -1.612628
v -0.079771 2.620218 -1.607136
v 0.150685 2.607379 -1.612559
v 0.060763 2.594750 -1.617944
v -0.161080 2.799320 -2.106047
v -0.079771 2.811340 -2.101581
v 0.150684 2.799389 -2.105978
v 0.060763 2.787654 -2.110353
v -0.161080 2.926474 -2.615176
v -0.079772 2.937883 -2.611901
v 0.150684 2.926543 -2.615107
v 0.060763 2.915427 -2.618313
v -0.160024 3.010471 -3.133383
v -0.051100 3.067969 -3.348452
v 0.149628 3.010540 -3.133315
v 0.060763 2.998419 -3.136053
v -0.157584 3.059736 -3.445413
v 0.140989 3.096823 -3.608006
v 0.060496 3.045640 -3.446624
v -0.151644 3.231457 -3.894129
v 0.141247 3.228109 -3.896825
v 0.057831 3.209219 -3.904019
v -0.155219 3.350533 -4.035430
v 0.144822 3.347360 -4.035267
v 0.057831 3.329429 -4.048877
v -0.152827 3.477145 -4.167233
v 0.142122 3.568716 -4.253322
v 0.057831 3.503391 -4.223528
v -0.161079 1.509625 -0.177821
v -0.161079 1.551168 -0.200899
v -0.079770 1.535103 -0.152490
v -0.079770 1.571409 -0.181861
v 0.150685 1.513785 -0.173662
v 0.150685 1.555328 -0.196740
v 0.060764 1.484427 -0.202876
v 0.060764 1.531213 -0.219666
v -0.161079 1.628172 -0.256340
v -0.161079 1.591170 -0.227132
v 0.069377 1.640162 -0.245010
v 0.069377 1.606966 -0.212165
v 0.150685 1.629874 -0.254639
v 0.150685 1.594849 -0.223453
v -0.072199 1.615421 -0.268446
v -0.072199 1.574611 -0.242872
v -0.149007 3.123497 -3.693094
v -0.148587 3.139348 -3.734737
v 0.138611 3.123566 -3.693025
v 0.138191 3.139417 -3.734668
v 0.058321 3.104984 -3.699900
v 0.058102 3.120269 -3.741667
v -0.148122 3.175623 -3.813277
v -0.148291 3.154498 -3.770684
v 0.112942 3.212543 -3.805251
v 0.113106 3.188573 -3.759227
v 0.137726 3.175692 -3.813208
v 0.137896 3.154567 -3.770615
v -0.069298 3.153939 -3.821429
v -0.069387 3.133609 -3.779391
v -0.056230 3.149944 -3.585352
v -0.050853 3.295027 -3.860571
v -0.046356 3.419515 -3.980648
v -0.055362 3.184549 -3.662369
v -0.055344 3.206189 -3.704034
v 0.045056 3.254354 -3.790999
v 0.045139 3.229196 -3.743704
v 0.047186 3.094154 -3.432391
v 0.040457 3.297383 -3.858855
v 0.035959 3.417317 -3.975748
v 0.036474 3.555573 -4.116810
v 0.044965 3.185830 -3.659168
v 0.044947 3.208455 -3.702194
v -0.055453 3.252088 -3.792839
v -0.055536 3.226930 -3.745543
v -0.049354 3.559456 -4.120576
v -0.160277 0.432176 0.310078
v 0.072732 3.604949 -4.313612
v -0.160277 0.593042 0.164321
v 0.149885 0.597202 0.168480
v -0.160277 0.774160 0.018872
v 0.149885 0.778320 0.023032
v -0.160278 1.031942 -0.091923
v 0.149884 1.036102 -0.087763
v -0.160278 1.329446 -0.161564
v 0.149884 1.333606 -0.157405
v -0.160278 1.806720 -0.463742
v 0.149884 1.806857 -0.463605
v -0.160278 2.121790 -0.837369
v 0.149884 2.121859 -0.837300
v -0.160278 2.380314 -1.207661
v 0.149884 2.380383 -1.207592
v -0.160278 2.598388 -1.616425
v 0.149884 2.598457 -1.616356
v -0.160279 2.791361 -2.109017
v 0.149883 2.791430 -2.108948
v -0.160279 2.919228 -2.617258
v 0.149883 2.919296 -2.617189
v -0.160279 3.002276 -3.135215
v 0.149883 3.002345 -3.135146
v -0.158574 3.062024 -3.519497
v 0.149338 3.049602 -3.445946
v -0.154418 3.215361 -3.900393
v 0.144021 3.212893 -3.902377
v -0.154418 3.335347 -4.044812
v 0.144021 3.332879 -4.046796
v -0.154032 3.512555 -4.220410
v 0.144181 3.508109 -4.223911
v -0.160278 1.487226 -0.200107
v -0.160278 1.534086 -0.216973
v 0.149884 1.491385 -0.195948
v 0.149884 1.538245 -0.212814
v -0.160278 1.619340 -0.264707
v -0.160278 1.578512 -0.239115
v 0.149884 1.621041 -0.263006
v 0.149884 1.582192 -0.235436
v -0.155398 3.108693 -3.698560
v -0.154959 3.123985 -3.740342
v 0.145001 3.108762 -3.698492
v 0.144562 3.124053 -3.740273
v -0.154474 3.158704 -3.819069
v -0.154651 3.138373 -3.777028
v 0.144077 3.158773 -3.819000
v 0.144254 3.138442 -3.776959
v -0.149339 0.428897 0.306828
v 0.063421 3.600893 -4.314461
v -0.149339 0.589784 0.161052
v 0.137904 0.590830 0.162098
v -0.149339 0.770966 0.015541
v 0.137904 0.772012 0.016587
v -0.149339 1.028686 -0.095190
v 0.137904 1.029732 -0.094144
v -0.149339 1.326155 -0.164799
v 0.137904 1.327202 -0.163753
v -0.149339 1.803333 -0.466876
v 0.137904 1.804379 -0.465831
v -0.149340 2.118330 -0.840416
v 0.137903 2.119376 -0.839370
v -0.149340 2.376581 -1.210279
v 0.137903 2.377627 -1.209233
v -0.149340 2.594441 -1.618676
v 0.137903 2.595487 -1.617631
v -0.149340 2.787359 -2.111122
v 0.137903 2.788405 -2.110075
v -0.149340 2.915150 -2.619138
v 0.137903 2.916196 -2.618092
v -0.149341 2.998154 -3.136922
v 0.137902 2.999200 -3.135876
v -0.147640 3.057878 -3.520976
v 0.137365 3.046375 -3.446181
v -0.143479 3.210173 -3.903714
v 0.132041 3.209950 -3.903695
v -0.143480 3.330337 -4.048485
v 0.132040 3.330115 -4.048466
v -0.143480 3.507148 -4.222194
v 0.132040 3.503646 -4.224646
v -0.149339 1.483950 -0.203359
v -0.149339 1.530751 -0.220164
v 0.137904 1.484996 -0.202313
v 0.137904 1.531798 -0.219118
v -0.149339 1.616005 -0.267898
v -0.149339 1.575192 -0.242321
v 0.137904 1.617051 -0.266852
v 0.137904 1.576238 -0.241275
v -0.144458 3.104689 -3.700669
v -0.144020 3.119976 -3.742438
v 0.133019 3.105735 -3.699623
v 0.132581 3.121022 -3.741392
v -0.143535 3.154692 -3.821157
v -0.143712 3.134362 -3.779118
v 0.132096 3.155739 -3.820110
v 0.132273 3.135408 -3.778072
v 0.147318 0.636244 0.511509
v -0.157711 0.794536 0.366754
v 0.147318 0.794536 0.366754
v -0.157711 0.972860 0.230011
v 0.147318 0.972860 0.230011
v -0.157711 1.198587 0.078692
v 0.147318 1.198587 0.078692
v -0.157711 1.421922 -0.073289
v 0.147318 1.421922 -0.073289
v -0.157712 1.821716 -0.450333
v 0.147318 1.821716 -0.450333
v -0.157712 2.138870 -0.823225
v 0.147318 2.138870 -0.823225
v -0.157712 2.399436 -1.196151
v 0.147317 2.399436 -1.196151
v -0.157712 2.617119 -1.608454
v 0.147317 2.617119 -1.608454
v -0.157712 2.808183 -2.102745
v 0.147317 2.808183 -2.102745
v -0.157713 2.934647 -2.612828
v 0.147317 2.934647 -2.612828
v -0.153673 3.025298 -3.166817
v 0.143276 3.024295 -3.161510
v -0.148986 3.069845 -3.443302
v 0.115784 3.121736 -3.598442
v -0.122288 3.261221 -3.881737
v 0.111892 3.261428 -3.881760
v -0.121366 3.384128 -4.013729
v 0.110969 3.379957 -4.007708
v -0.121972 3.516881 -4.149003
v 0.109944 3.589360 -4.233401
v -0.157711 1.532710 -0.154858
v -0.157711 1.568954 -0.184166
v 0.147318 1.532710 -0.154858
v 0.147318 1.568954 -0.184166
v -0.157711 1.637707 -0.247314
v -0.157711 1.604526 -0.214484
v 0.147318 1.637707 -0.247314
v 0.147318 1.604526 -0.214484
v -0.123670 3.152408 -3.680713
v -0.123451 3.168782 -3.722235
v 0.113274 3.153688 -3.677512
v 0.113055 3.171048 -3.720395
v -0.123338 3.210277 -3.807091
v -0.123502 3.186308 -3.761067
v -0.125565 3.574578 -4.214005
v 0.111484 3.519395 -4.145884
v -0.057224 3.117056 -3.500587
v 0.045833 3.149050 -3.584049
v 0.060764 0.429373 0.307312
v 0.039731 3.609281 -4.284006
v 0.069377 0.796911 0.369140
v -0.072199 0.589219 0.160484
v 0.069377 0.975168 0.232462
v -0.072199 0.770417 0.014958
v 0.069377 1.200961 0.081077
v -0.072199 1.028121 -0.095757
v -0.079770 1.424332 -0.070938
v 0.060764 1.326628 -0.164313
v 0.069377 1.824226 -0.448088
v -0.072200 1.802736 -0.467411
v 0.069377 2.141458 -0.821073
v -0.072200 2.117715 -0.840928
v 0.069376 2.402310 -1.194449
v -0.072200 2.375897 -1.210684
v 0.069376 2.620218 -1.607136
v -0.072200 2.593704 -1.618990
v 0.069376 2.811340 -2.101581
v -0.072200 2.786608 -2.111399
v 0.069376 2.937883 -2.611901
v -0.072201 2.914381 -2.619359
v 0.116266 3.058186 -3.343337
v -0.072201 2.997373 -3.137099
v -0.071918 3.044771 -3.448712
v -0.069270 3.208173 -3.905065
v -0.069270 3.328383 -4.049923
v -0.069270 3.504619 -4.222848
v 0.069377 1.535103 -0.152490
v 0.069377 1.571409 -0.181862
v -0.072199 1.483381 -0.203922
v -0.072199 1.530167 -0.220712
v -0.079770 1.640162 -0.245010
v -0.079770 1.606966 -0.212165
v 0.060764 1.616467 -0.267400
v 0.060764 1.575658 -0.241826
v -0.069759 3.103938 -3.700946
v -0.069540 3.119223 -3.742713
v 0.057859 3.154985 -3.820383
v 0.057948 3.134655 -3.778345
v -0.080340 3.609377 -4.309762
v -0.074339 3.604919 -4.311487
v -0.050082 3.608973 -4.218609
v -0.099393 3.013698 -3.079856
v 0.093137 3.011632 -3.069361
v -0.122522 3.059829 -3.354887
v 0.044844 3.067580 -3.343535
v -0.146154 3.565689 -4.242937
v -0.046436 3.611060 -4.280417
v 0.111583 3.603983 -4.285195
v 0.144822 3.482291 -4.168498
v 0.038092 3.607964 -4.221483
v -0.107675 3.599622 -4.228796
v 0.117503 3.093291 -3.509016
v -0.126156 3.122973 -3.601377
v -0.126641 3.079439 -3.439696
v 0.138613 3.069501 -3.441670
v 0.026483 3.027275 -3.144691
v -0.031359 3.028359 -3.149840
v 0.144486 3.072536 -3.512346
v -0.151339 3.097327 -3.611058
v -0.156828 3.084091 -3.615182
v -0.145892 3.080017 -3.616954
v -0.070477 3.079067 -3.616084
v 0.059071 3.079759 -3.612955
v 0.134512 3.080426 -3.612166
v 0.146479 3.083648 -3.612103
v -0.154814 3.073327 -3.516890
v 0.059962 3.057335 -3.515330
v 0.046828 3.115706 -3.501526
v -0.159711 3.049789 -3.447520
v 0.148249 3.061325 -3.514912
v -0.148774 3.045647 -3.449098
v 0.136290 3.057970 -3.514316
v -0.148469 3.080905 -3.502655
v -0.057583 3.094040 -3.433484
v -0.071352 3.056820 -3.519500
v 0.116257 3.079381 -3.437787
v -0.127863 3.095157 -3.510524
v 0.138137 3.079987 -3.498303
v 0.147210 3.059519 -3.443852
v -0.161078 0.533867 0.410455
v 0.150686 0.538027 0.414614
v -0.072199 0.428327 0.306266
v 0.149885 0.436335 0.314237
v 0.137904 0.429944 0.307874
v -0.157711 0.636244 0.511509
v 0.069377 0.638641 0.513875
v -0.115227 -4.299962 3.632253
v -0.079770 0.489294 0.663222
v -0.161078 0.240614 0.718030
v -0.079770 0.344559 0.821492
v 0.150686 0.244774 0.722190
v 0.060765 0.136949 0.614847
v -0.161078 0.099509 0.897761
v -0.079770 0.207881 0.999749
v 0.150686 0.103669 0.901920
v 0.060765 -0.008577 0.796044
v -0.161078 -0.031538 1.139507
v -0.079769 0.056495 1.225542
v 0.150686 -0.027379 1.143666
v 0.060765 -0.119293 1.053748
v -0.161078 -0.142344 1.399921
v 0.069378 -0.095519 1.448913
v 0.150686 -0.138185 1.404080
v -0.072198 -0.189940 1.350164
v -0.161078 -0.481940 1.838440
v -0.079769 -0.472670 1.848808
v 0.150687 -0.481803 1.838577
v 0.060765 -0.490946 1.828363
v -0.161077 -0.855187 2.154541
v -0.079769 -0.845654 2.166039
v 0.150687 -0.855118 2.154610
v 0.060765 -0.864463 2.143342
v -0.161077 -1.226731 2.414045
v -0.079769 -1.219031 2.426891
v 0.150687 -1.226662 2.414114
v 0.060766 -1.234219 2.401525
v -0.161077 -1.637209 2.631891
v -0.079768 -1.631717 2.644799
v 0.150687 -1.637140 2.631960
v 0.060766 -1.642525 2.619331
v -0.161077 -2.130628 2.823902
v -0.079768 -2.126162 2.835921
v 0.150687 -2.130559 2.823971
v 0.060766 -2.134933 2.812236
v -0.161077 -2.639756 2.951056
v -0.079768 -2.636482 2.962464
v 0.150688 -2.639688 2.951125
v 0.060766 -2.642893 2.940008
v -0.160021 -3.157965 3.035053
v -0.051096 -3.373033 3.092551
v 0.149632 -3.157896 3.035121
v 0.060766 -3.160634 3.023001
v -0.157580 -3.469994 3.084318
v 0.140993 -3.632586 3.121404
v 0.060500 -3.471205 3.070221
v -0.151639 -3.918710 3.256039
v 0.141251 -3.921406 3.252690
v 0.057836 -3.928600 3.233801
v -0.155215 -4.060012 3.375114
v 0.144827 -4.059848 3.371942
v 0.057836 -4.073458 3.354010
v -0.152822 -4.191814 3.501727
v 0.142127 -4.277902 3.593297
v 0.057836 -4.248109 3.527972
v -0.161078 -0.202403 1.534207
v -0.161078 -0.225481 1.575750
v -0.079769 -0.177071 1.559685
v -0.079769 -0.206443 1.595991
v 0.150686 -0.198243 1.538366
v 0.150686 -0.221321 1.579909
v 0.060765 -0.227457 1.509008
v 0.060765 -0.244248 1.555795
v -0.161078 -0.280922 1.652754
v -0.161078 -0.251713 1.615751
v 0.069378 -0.269592 1.664744
v 0.069378 -0.236746 1.631548
v 0.150687 -0.279220 1.654455
v 0.150687 -0.248034 1.619430
v -0.072198 -0.293027 1.640002
v -0.072198 -0.267454 1.599193
v -0.149003 -3.717675 3.148079
v -0.148582 -3.759318 3.163930
v 0.138616 -3.717606 3.148148
v 0.138195 -3.759249 3.163999
v 0.058325 -3.724481 3.129565
v 0.058106 -3.766247 3.144851
v -0.148117 -3.837858 3.200205
v -0.148287 -3.795264 3.179079
v 0.112946 -3.829832 3.237124
v 0.113111 -3.783808 3.213154
v 0.137730 -3.837788 3.200274
v 0.137900 -3.795195 3.179148
v -0.069294 -3.846010 3.178520
v -0.069382 -3.803972 3.158190
v -0.056225 -3.609933 3.174525
v -0.050849 -3.885152 3.319609
v -0.046351 -4.005229 3.444097
v -0.055358 -3.686950 3.209131
v -0.055340 -3.728615 3.230771
v 0.045060 -3.815579 3.278935
v 0.045144 -3.768285 3.253778
v 0.047190 -3.456972 3.118736
v 0.040461 -3.883435 3.321964
v 0.035963 -4.000329 3.441899
v 0.036479 -4.141390 3.580154
v 0.044969 -3.683748 3.210411
v 0.044951 -3.726775 3.233036
v -0.055448 -3.817420 3.276670
v -0.055532 -3.770124 3.251512
v -0.049349 -4.145157 3.584038
v -0.160277 0.285496 0.456757
v 0.072736 -4.338192 3.629530
v -0.160277 0.139739 0.617624
v 0.149885 0.143899 0.621783
v -0.160277 -0.005709 0.798742
v 0.149885 -0.001550 0.802901
v -0.160277 -0.116504 1.056524
v 0.149885 -0.112345 1.060683
v -0.160277 -0.186146 1.354028
v 0.149885 -0.181986 1.358187
v -0.160276 -0.488324 1.831301
v 0.149886 -0.488187 1.831438
v -0.160276 -0.861951 2.146372
v 0.149886 -0.861882 2.146441
v -0.160276 -1.232242 2.404896
v 0.149886 -1.232173 2.404964
v -0.160276 -1.641006 2.622969
v 0.149886 -1.640937 2.623038
v -0.160276 -2.133597 2.815942
v 0.149886 -2.133528 2.816011
v -0.160276 -2.641839 2.943809
v 0.149886 -2.641770 2.943878
v -0.160275 -3.159796 3.026858
v 0.149887 -3.159727 3.026927
v -0.158570 -3.544078 3.086605
v 0.149342 -3.470527 3.074183
v -0.154414 -3.924973 3.239943
v 0.144025 -3.926958 3.237474
v -0.154413 -4.069394 3.359929
v 0.144025 -4.071377 3.357460
v -0.154027 -4.244992 3.537137
v 0.144186 -4.248492 3.532691
v -0.160277 -0.224688 1.511807
v -0.160277 -0.241554 1.558667
v 0.149885 -0.220529 1.515966
v 0.149885 -0.237395 1.562827
v -0.160277 -0.289289 1.643921
v -0.160277 -0.263696 1.603094
v 0.149885 -0.287587 1.645623
v 0.149885 -0.260017 1.606773
v -0.155393 -3.723141 3.133275
v -0.154955 -3.764923 3.148566
v 0.145005 -3.723072 3.133344
v 0.144566 -3.764854 3.148635
v -0.154469 -3.843650 3.183285
v -0.154647 -3.801609 3.162955
v 0.144081 -3.843580 3.183354
v 0.144258 -3.801540 3.163023
v -0.149339 0.282247 0.453479
v 0.063426 -4.339042 3.625475
v -0.149339 0.136470 0.614366
v 0.137904 0.137517 0.615412
v -0.149339 -0.009040 0.795547
v 0.137905 -0.007994 0.796593
v -0.149338 -0.119771 1.053267
v 0.137905 -0.118725 1.054313
v -0.149338 -0.189381 1.350737
v 0.137905 -0.188335 1.351783
v -0.149338 -0.491458 1.827915
v 0.137905 -0.490412 1.828961
v -0.149338 -0.864997 2.142912
v 0.137905 -0.863951 2.143958
v -0.149338 -1.234860 2.401162
v 0.137905 -1.233814 2.402208
v -0.149337 -1.643258 2.619023
v 0.137906 -1.642212 2.620068
v -0.149337 -2.135703 2.811941
v 0.137906 -2.134656 2.812987
v -0.149337 -2.643719 2.939732
v 0.137906 -2.642673 2.940778
v -0.149337 -3.161503 3.022736
v 0.137906 -3.160457 3.023782
v -0.147636 -3.545557 3.082460
v 0.137369 -3.470762 3.070957
v -0.143475 -3.928295 3.234754
v 0.132045 -3.928276 3.234532
v -0.143475 -4.073066 3.354918
v 0.132045 -4.073046 3.354696
v -0.143475 -4.246775 3.531730
v 0.132045 -4.249226 3.528228
v -0.149338 -0.227940 1.508532
v -0.149338 -0.244745 1.555333
v 0.137905 -0.226894 1.509578
v 0.137905 -0.243699 1.556379
v -0.149338 -0.292479 1.640587
v -0.149338 -0.266902 1.599774
v 0.137905 -0.291433 1.641633
v 0.137905 -0.265856 1.600820
v -0.144454 -3.725250 3.129271
v -0.144015 -3.767019 3.144557
v 0.133023 -3.724203 3.130317
v 0.132585 -3.765973 3.145603
v -0.143531 -3.845737 3.179274
v -0.143708 -3.803699 3.158944
v 0.132101 -3.844691 3.180320
v 0.132277 -3.802653 3.159990
v 0.147319 0.486928 0.660826
v -0.157711 0.342173 0.819117
v 0.147319 0.342173 0.819117
v -0.157711 0.205430 0.997441
v 0.147319 0.205430 0.997441
v -0.157710 0.054111 1.223169
v 0.147319 0.054111 1.223168
v -0.157710 -0.097870 1.446504
v 0.147319 -0.097870 1.446504
v -0.157710 -0.474914 1.846298
v 0.147319 -0.474914 1.846298
v -0.157710 -0.847806 2.163452
v 0.147319 -0.847806 2.163452
v -0.157710 -1.220732 2.424017
v 0.147320 -1.220732 2.424017
v -0.157710 -1.633035 2.641700
v 0.147320 -1.633035 2.641701
v -0.157709 -2.127326 2.832765
v 0.147320 -2.127326 2.832765
v -0.157709 -2.637409 2.959228
v 0.147320 -2.637409 2.959228
v -0.153669 -3.191398 3.049879
v 0.143280 -3.186091 3.048876
v -0.148982 -3.467883 3.094427
v 0.115788 -3.623022 3.146317
v -0.122284 -3.906318 3.285803
v 0.111896 -3.906341 3.286010
v -0.121362 -4.038310 3.408710
v 0.110974 -4.032289 3.404538
v -0.121968 -4.173584 3.541463
v 0.109948 -4.257981 3.613941
v -0.157710 -0.179439 1.557291
v -0.157710 -0.208747 1.593536
v 0.147319 -0.179439 1.557291
v 0.147319 -0.208747 1.593535
v -0.157710 -0.271895 1.662289
v -0.157710 -0.239065 1.629107
v 0.147319 -0.271895 1.662289
v 0.147319 -0.239065 1.629107
v -0.123666 -3.705295 3.176990
v -0.123447 -3.746816 3.193364
v 0.113278 -3.702092 3.178270
v 0.113060 -3.744976 3.195629
v -0.123334 -3.831672 3.234859
v -0.123498 -3.785648 3.210889
v -0.125561 -4.238585 3.599159
v 0.111489 -4.170465 3.543977
v -0.057220 -3.525168 3.141638
v 0.045837 -3.608629 3.173632
v 0.060764 0.282730 0.453955
v 0.039736 -4.308587 3.633862
v 0.069378 0.344559 0.821492
v -0.072199 0.135903 0.613801
v 0.069378 0.207881 0.999749
v -0.072199 -0.009623 0.794998
v 0.069378 0.056495 1.225542
v -0.072198 -0.120339 1.052702
v -0.079769 -0.095519 1.448913
v 0.060765 -0.188894 1.351210
v 0.069378 -0.472670 1.848808
v -0.072198 -0.491992 1.827317
v 0.069378 -0.845654 2.166039
v -0.072198 -0.865509 2.142296
v 0.069379 -1.219031 2.426891
v -0.072198 -1.235265 2.400478
v 0.069379 -1.631717 2.644799
v -0.072198 -1.643571 2.618285
v 0.069379 -2.126162 2.835921
v -0.072197 -2.135979 2.811189
v 0.069379 -2.636482 2.962464
v -0.072197 -2.643939 2.938962
v 0.116269 -3.367918 3.082768
v -0.072197 -3.161680 3.021955
v -0.071914 -3.473293 3.069353
v -0.069266 -3.929646 3.232755
v -0.069266 -4.074504 3.352964
v -0.069266 -4.247428 3.529200
v 0.069378 -0.177071 1.559685
v 0.069378 -0.206443 1.595991
v -0.072198 -0.228503 1.507962
v -0.072198 -0.245294 1.554749
v -0.079769 -0.269592 1.664744
v -0.079769 -0.236746 1.631548
v 0.060765 -0.291981 1.641049
v 0.060765 -0.266407 1.600239
v -0.069755 -3.725527 3.128519
v -0.069536 -3.767293 3.143805
v 0.057864 -3.844964 3.179567
v 0.057952 -3.802926 3.159236
v -0.080335 -4.334344 3.633959
v -0.074334 -4.336067 3.629500
v -0.050077 -4.243190 3.633555
v -0.099389 -3.104437 3.038280
v 0.093140 -3.093942 3.036213
v -0.122518 -3.379468 3.084411
v 0.044848 -3.368116 3.092161
v -0.146149 -4.267518 3.590271
v -0.046431 -4.304998 3.635641
v 0.111588 -4.309776 3.628565
v 0.144827 -4.193078 3.506873
v 0.038097 -4.246064 3.632545
v -0.107670 -4.253376 3.624204
v 0.117507 -3.533597 3.117872
v -0.126152 -3.625958 3.147555
v -0.126637 -3.464277 3.104021
v 0.138617 -3.466251 3.094083
v 0.026487 -3.169271 3.051856
v -0.031355 -3.174421 3.052940
v 0.144490 -3.536927 3.097118
v -0.151335 -3.635639 3.121909
v -0.156824 -3.639763 3.108672
v -0.145888 -3.641535 3.104599
v -0.070473 -3.640665 3.103648
v 0.059075 -3.637536 3.104340
v 0.134516 -3.636746 3.105008
v 0.146483 -3.636683 3.108230
v -0.154810 -3.541470 3.097909
v 0.059966 -3.539911 3.081916
v 0.046832 -3.526107 3.140287
v -0.159707 -3.472101 3.074371
v 0.148253 -3.539493 3.085906
v -0.148770 -3.473679 3.070229
v 0.136294 -3.538897 3.082551
v -0.148465 -3.527236 3.105486
v -0.057579 -3.458065 3.118622
v -0.071348 -3.544081 3.081402
v 0.116261 -3.462368 3.103963
v -0.127859 -3.535105 3.119739
v 0.138141 -3.522884 3.104568
v 0.147214 -3.468433 3.084100
v -0.161078 0.385874 0.558449
v 0.150686 0.390033 0.562608
v -0.072199 0.281684 0.452909
v 0.149885 0.289656 0.460917
v 0.137904 0.283293 0.454525
v -0.157711 0.486928 0.660826
v 0.069377 0.489294 0.663222
v -0.161078 0.611037 0.337418
v -0.160878 0.458454 0.336016
v 0.150686 0.615197 0.341577
v 0.149844 0.610492 0.486103
v -0.072199 0.505574 0.233522
v -0.136283 3.595202 -4.265565
v -0.111537 3.603683 -4.247768
v -0.047965 3.611209 -4.250450
v 0.109256 3.599770 -4.258147
v 0.133137 3.593127 -4.276841
v 0.103788 3.604781 -4.306399
v 0.069377 0.715735 0.440544
v -0.160237 0.768076 0.340171
v -0.161078 0.780898 0.194012
v -0.160878 0.618992 0.190391
v 0.126149 0.796317 0.368544
v 0.069377 0.883083 0.299751
v 0.150485 0.625231 0.196630
v 0.150686 0.785057 0.198171
v -0.072199 0.677941 0.087510
v -0.160237 0.946786 0.202305
v -0.161079 0.980965 0.056684
v -0.160878 0.799739 0.046052
v 0.126149 0.974591 0.231850
v 0.069377 1.079136 0.161497
v 0.150485 0.805978 0.052291
v 0.150686 0.985124 0.060843
v -0.072199 0.882019 -0.048891
v -0.160237 1.176485 0.056088
v -0.161079 1.253552 -0.065537
v -0.160878 1.053535 -0.069830
v 0.126149 1.200367 0.080480
v 0.069377 1.322180 0.000499
v 0.150485 1.059774 -0.063591
v 0.150686 1.257712 -0.061377
v -0.072199 1.184162 -0.132345
v -0.160237 1.409072 -0.085583
v -0.161079 1.465594 -0.157302
v -0.160878 1.341779 -0.149775
v 0.126149 1.423729 -0.071526
v 0.069377 1.498334 -0.124759
v 0.150485 1.348019 -0.143536
v 0.150685 1.469754 -0.153143
v -0.072199 1.432087 -0.190613
v -0.161079 1.683406 -0.314118
v -0.160237 1.818497 -0.453212
v -0.161079 1.976914 -0.643657
v -0.160879 1.809400 -0.461345
v -0.079770 1.694075 -0.304394
v 0.126149 1.823599 -0.448650
v 0.069377 1.987670 -0.634259
v 0.150685 1.683969 -0.313556
v 0.150485 1.809606 -0.461140
v 0.150685 1.977000 -0.643571
v 0.060764 1.673028 -0.323575
v -0.072200 1.965406 -0.653839
v -0.160237 2.135349 -0.826146
v -0.161079 2.268856 -1.017128
v -0.160879 2.124756 -0.834910
v 0.126149 2.140811 -0.821611
v 0.069376 2.281150 -1.007984
v 0.150485 2.124859 -0.834807
v 0.150685 2.268925 -1.017059
v -0.072200 2.255824 -1.027077
v -0.160238 2.395505 -1.198502
v -0.161079 2.499657 -1.396905
v -0.160879 2.383627 -1.205676
v 0.126148 2.401591 -1.194875
v 0.069376 2.512733 -1.390742
v 0.150485 2.383731 -1.205573
v 0.150685 2.499726 -1.396836
v -0.072200 2.485876 -1.403928
v -0.160238 2.613117 -1.610157
v -0.161080 2.708504 -1.849086
v -0.160879 2.601724 -1.615005
v 0.126148 2.619443 -1.607466
v 0.069376 2.721006 -1.843970
v 0.150484 2.601828 -1.614902
v 0.150685 2.708573 -1.849017
v -0.072200 2.695305 -1.855078
v -0.160238 2.804389 -2.104152
v -0.161080 2.873922 -2.366935
v -0.160880 2.794477 -2.107859
v 0.126148 2.810550 -2.101872
v 0.069376 2.885529 -2.363162
v 0.150484 2.794581 -2.107756
v 0.150684 2.873991 -2.366866
v -0.072200 2.861628 -2.371608
v -0.160238 2.930986 -2.613879
v -0.160816 2.968236 -2.865686
v -0.160880 2.922194 -2.616407
v 0.126148 2.937074 -2.612133
v 0.075316 2.977038 -2.847426
v 0.150484 2.922297 -2.616303
v 0.150420 2.968306 -2.865617
v -0.072201 2.955938 -2.869555
v -0.157908 3.017103 -3.141092
v -0.158886 3.044022 -3.349536
v -0.160616 3.005496 -3.134491
v 0.131078 3.014547 -3.091791
v 0.115947 3.070606 -3.396368
v 0.046690 3.082387 -3.392554
v -0.056052 3.082032 -3.395111
v -0.125306 3.070607 -3.400787
v 0.150220 3.005600 -3.134388
v 0.148495 3.044020 -3.349095
v -0.072130 3.029909 -3.353111
v -0.153971 3.066060 -3.444054
v -0.149711 3.112472 -3.660782
v -0.155856 3.088551 -3.613850
v -0.101039 3.086628 -3.436565
v -0.124375 3.140310 -3.648931
v 0.149205 3.053307 -3.445242
v 0.139327 3.112397 -3.659967
v 0.131545 3.108425 -3.603748
v -0.070002 3.093395 -3.667894
v -0.148975 3.196012 -3.845831
v -0.142517 3.245851 -3.888386
v -0.154325 3.282713 -3.957539
v -0.154125 3.220481 -3.898340
v -0.091540 3.277603 -3.872895
v 0.138579 3.195226 -3.846454
v 0.143728 3.217827 -3.900468
v 0.143928 3.277700 -3.960903
v 0.132121 3.242917 -3.890804
v 0.057838 3.174835 -3.853019
v -0.069270 3.259053 -3.971371
v -0.146756 3.365496 -4.025932
v -0.154621 3.420237 -4.110948
v -0.155019 3.340172 -4.041849
v -0.085687 3.403208 -3.998681
v -0.121448 3.459968 -4.088628
v 0.144622 3.337562 -4.043262
v 0.144822 3.420941 -4.108328
v 0.136359 3.361687 -4.023264
v -0.069270 3.411719 -4.135492
v -0.143917 3.492821 -4.158022
v -0.151973 3.552173 -4.248142
v -0.089586 3.541652 -4.137434
v 0.144662 3.479179 -4.186988
v 0.132728 3.578940 -4.240057
v -0.160237 1.525742 -0.161783
v -0.161079 1.530470 -0.189095
v -0.160879 1.493680 -0.193690
v -0.160237 1.563280 -0.189502
v -0.161079 1.571481 -0.213492
v -0.160879 1.539232 -0.212132
v 0.126149 1.534505 -0.153082
v 0.069377 1.553256 -0.167176
v 0.126149 1.570796 -0.182438
v 0.069377 1.589375 -0.196780
v 0.150485 1.499919 -0.187451
v 0.150685 1.534630 -0.184936
v 0.150485 1.545472 -0.205893
v 0.150685 1.575520 -0.209453
v -0.072199 1.506922 -0.211788
v -0.072199 1.552827 -0.230979
v -0.160879 1.622424 -0.261794
v -0.161079 1.610109 -0.241516
v -0.160237 1.634096 -0.250722
v -0.160879 1.582548 -0.235291
v -0.160237 1.599966 -0.218806
v -0.079770 1.623967 -0.228184
v 0.126149 1.639549 -0.245586
v 0.126149 1.606356 -0.212745
v 0.150685 1.613053 -0.238571
v 0.150485 1.624977 -0.259241
v 0.150485 1.588066 -0.229773
v 0.060764 1.596533 -0.254573
v -0.139077 3.137000 -3.687682
v -0.148781 3.131943 -3.715309
v -0.154201 3.113521 -3.696778
v -0.138716 3.153260 -3.729222
v -0.148423 3.146578 -3.752743
v -0.153767 3.128954 -3.738529
v -0.097521 3.168623 -3.672254
v -0.123532 3.161240 -3.703043
v -0.097444 3.186298 -3.713824
v 0.143805 3.113625 -3.696674
v 0.138385 3.132012 -3.715240
v 0.128681 3.137337 -3.686865
v 0.143370 3.129058 -3.738426
v 0.138027 3.146647 -3.752674
v 0.128321 3.153843 -3.728745
v -0.069642 3.112083 -3.723224
v -0.069455 3.126138 -3.760930
v -0.153286 3.164064 -3.817212
v -0.148191 3.163912 -3.790287
v -0.138349 3.191616 -3.809243
v -0.153462 3.143534 -3.775033
v -0.138514 3.169383 -3.765516
v 0.112546 3.231435 -3.836786
v 0.087155 3.234126 -3.800162
v 0.087300 3.208834 -3.752381
v 0.137795 3.163981 -3.790217
v 0.142890 3.164167 -3.817108
v 0.143065 3.143637 -3.774929
v 0.057895 3.143612 -3.798147
v 0.088836 3.135646 -3.591928
v 0.081143 3.280599 -3.870756
v 0.075290 3.399417 -3.991050
v 0.113136 3.163260 -3.700862
v 0.087124 3.170545 -3.667452
v 0.087047 3.189696 -3.711064
v -0.123512 3.197614 -3.783177
v -0.097551 3.230727 -3.802922
v -0.097697 3.205436 -3.755141
v -0.005198 3.097830 -3.431683
v -0.055605 3.169021 -3.630553
v -0.054182 3.268974 -3.820936
v -0.005198 3.304589 -3.853110
v -0.047550 3.341467 -3.913293
v -0.005199 3.426427 -3.969660
v -0.047036 3.501427 -4.052967
v -0.005819 3.565647 -4.109884
v -0.005198 3.192760 -3.656270
v -0.055331 3.196836 -3.685347
v -0.005198 3.217295 -3.698334
v -0.055409 3.215317 -3.722683
v 0.043785 3.271262 -3.819127
v -0.005198 3.263563 -3.785858
v 0.045197 3.241913 -3.768011
v -0.005198 3.238835 -3.739367
v 0.045012 3.217583 -3.720843
v 0.045208 3.169266 -3.627145
v 0.037153 3.342730 -3.910842
v 0.036018 3.496485 -4.046696
v 0.044935 3.198856 -3.683167
v -0.055594 3.239647 -3.769851
v -0.137157 3.568144 -4.224866
v 0.136488 3.501134 -4.158207
v 0.076063 3.537425 -4.131946
v -0.123243 3.555031 -4.191809
v 0.111427 3.565114 -4.199725
v -0.051105 3.594879 -4.177712
v 0.037206 3.593194 -4.177826
v -0.149339 0.506144 0.234085
v 0.149885 0.513585 0.241490
v -0.149339 0.678498 0.088086
v 0.149885 0.685882 0.095547
v -0.149339 0.882568 -0.048308
v 0.149885 0.889924 -0.040820
v -0.149339 1.184740 -0.131791
v 0.149884 1.192211 -0.124418
v -0.149340 1.966009 -0.653311
v 0.149884 1.969504 -0.650117
v -0.149340 2.256464 -1.026602
v 0.149884 2.260095 -1.023633
v -0.149340 2.486599 -1.403590
v 0.149884 2.490558 -1.401170
v -0.149340 2.696047 -1.854775
v 0.149883 2.700080 -1.852499
v -0.149340 2.862389 -2.371361
v 0.149883 2.866503 -2.369308
v -0.149341 2.956714 -2.869357
v 0.149883 2.960885 -2.867499
v -0.149199 3.030716 -3.353085
v 0.149747 3.034857 -3.351005
v -0.143479 3.261663 -3.969459
v 0.144021 3.263659 -3.968444
v -0.143480 3.413172 -4.134746
v 0.144061 3.415910 -4.133324
v -0.126194 3.581364 -4.288539
v 0.126239 3.579506 -4.292208
v -0.149339 1.553412 -0.230432
v -0.149339 1.432652 -0.190045
v -0.160278 1.510811 -0.208018
v -0.160278 1.675944 -0.320930
v -0.149339 1.596065 -0.255064
v 0.149884 1.560791 -0.223208
v 0.137904 1.673620 -0.323036
v 0.149884 1.602318 -0.248901
v 0.149884 1.440070 -0.182617
v 0.149884 1.514971 -0.203859
v -0.143849 3.126891 -3.760656
v -0.144942 3.094196 -3.667903
v -0.144222 3.112836 -3.722948
v -0.154432 3.179159 -3.851126
v -0.143607 3.143319 -3.798920
v 0.144392 3.130970 -3.758494
v 0.132055 3.175582 -3.852734
v 0.144149 3.147400 -3.796763
v 0.145497 3.098158 -3.665054
v 0.144765 3.116911 -3.720778
v -0.124985 0.427971 0.305907
v 0.059228 3.575469 -4.291249
v -0.124985 0.588861 0.160127
v 0.113030 0.590431 0.161696
v -0.124985 0.770055 0.014605
v 0.113029 0.771624 0.016174
v -0.124985 1.027763 -0.096114
v 0.113029 1.029332 -0.094545
v -0.124986 1.325227 -0.165718
v 0.113029 1.326796 -0.164149
v -0.124986 1.802386 -0.467776
v 0.113029 1.803955 -0.466207
v -0.124986 2.117369 -0.841299
v 0.113029 2.118939 -0.839730
v -0.124986 2.375569 -1.211081
v 0.113029 2.377138 -1.209512
v -0.124986 2.593389 -1.619411
v 0.113028 2.594958 -1.617842
v -0.124987 2.786297 -2.111829
v 0.113028 2.787866 -2.110260
v -0.124987 2.914074 -2.619802
v 0.113028 2.915643 -2.618233
v -0.124987 2.997069 -3.137554
v 0.113028 2.998638 -3.135985
v -0.121970 3.078894 -3.617321
v 0.112560 3.045803 -3.446229
v -0.119859 3.208174 -3.905226
v 0.107899 3.209426 -3.903914
v -0.119859 3.328372 -4.050063
v 0.107899 3.329624 -4.048750
v -0.119859 3.505321 -4.222752
v 0.107898 3.502910 -4.224216
v -0.124986 1.483024 -0.204280
v -0.124986 1.529814 -0.221074
v 0.113029 1.484593 -0.202711
v 0.113029 1.531384 -0.219505
v -0.124986 1.615068 -0.268808
v -0.124986 1.574258 -0.243233
v 0.113029 1.616637 -0.267239
v 0.113029 1.575827 -0.241664
v -0.120714 3.103626 -3.701376
v -0.120331 3.118912 -3.743143
v 0.108755 3.105196 -3.699807
v 0.108371 3.120481 -3.741574
v -0.119907 3.153628 -3.821860
v -0.120062 3.133298 -3.779822
v 0.107947 3.155198 -3.820291
v 0.108102 3.134867 -3.778253
v -0.160277 0.509425 0.237331
v 0.137904 0.507191 0.235130
v -0.160277 0.681723 0.091388
v 0.137904 0.679544 0.089132
v -0.160277 0.885764 -0.044980
v 0.137904 0.883615 -0.047262
v -0.160278 1.188051 -0.128577
v 0.137904 1.185786 -0.130745
v -0.160278 1.969418 -0.650203
v 0.137904 1.967055 -0.652265
v -0.160278 2.260026 -1.023702
v 0.137903 2.257511 -1.025556
v -0.160278 2.490489 -1.401238
v 0.137903 2.487645 -1.402544
v -0.160279 2.700011 -1.852568
v 0.137903 2.697093 -1.853729
v -0.160279 2.866434 -2.369377
v 0.137903 2.863436 -2.370315
v -0.160279 2.960816 -2.867568
v 0.137903 2.957761 -2.868311
v -0.160137 3.034852 -3.351450
v 0.137768 3.031683 -3.351571
v -0.154418 3.267395 -3.965433
v 0.132041 3.260807 -3.969953
v -0.154321 3.417604 -4.131987
v 0.132040 3.412764 -4.134830
v -0.135119 3.586030 -4.286610
v 0.114885 3.575457 -4.292870
v -0.160278 1.556752 -0.227247
v -0.160278 1.435910 -0.186776
v -0.149339 1.507500 -0.211234
v -0.149339 1.672574 -0.324082
v -0.160278 1.599373 -0.251846
v 0.137904 1.554459 -0.229386
v 0.149884 1.676507 -0.320368
v 0.137904 1.597111 -0.254018
v 0.137904 1.433698 -0.188999
v 0.137904 1.508546 -0.210188
v -0.154788 3.130901 -3.758564
v -0.155881 3.098216 -3.665875
v -0.155162 3.116842 -3.720847
v -0.143493 3.174853 -3.853523
v -0.154546 3.147330 -3.796832
v 0.132411 3.127937 -3.759610
v 0.144035 3.178594 -3.851571
v 0.132168 3.144365 -3.797874
v 0.133518 3.095083 -3.665921
v 0.132784 3.113882 -3.721902
v -0.157142 0.430501 0.308421
v 0.068543 3.602956 -4.314728
v -0.157142 0.591380 0.162652
v 0.146489 0.592682 0.163953
v -0.157142 0.772538 0.017165
v 0.146489 0.773839 0.018466
v -0.157142 1.030281 -0.093591
v 0.146489 1.031583 -0.092289
v -0.157142 1.327764 -0.163212
v 0.146489 1.329065 -0.161911
v -0.157143 1.804977 -0.465327
v 0.146488 1.805273 -0.465031
v -0.157143 2.120002 -0.838899
v 0.146488 2.120281 -0.838621
v -0.157143 2.378355 -1.208923
v 0.146488 2.378634 -1.208644
v -0.157143 2.596295 -1.617458
v 0.146488 2.596574 -1.617179
v -0.157144 2.789234 -2.109958
v 0.146488 2.789513 -2.109679
v -0.157144 2.917053 -2.618059
v 0.146487 2.917332 -2.617780
v -0.157144 3.000074 -3.135908
v 0.146487 3.000353 -3.135629
v -0.153694 3.081921 -3.615927
v 0.145946 3.047570 -3.446186
v -0.151283 3.212968 -3.901709
v 0.140625 3.211027 -3.903227
v -0.151283 3.333066 -4.046349
v 0.140625 3.331125 -4.047867
v -0.151186 3.509695 -4.221354
v 0.140665 3.505434 -4.224613
v -0.157142 1.485553 -0.201765
v -0.157143 1.532376 -0.218593
v 0.146489 1.486854 -0.200464
v 0.146489 1.533677 -0.217292
v -0.157143 1.617630 -0.266327
v -0.157143 1.576812 -0.240744
v 0.146489 1.618317 -0.265640
v 0.146489 1.577993 -0.239563
v -0.152262 3.106565 -3.699504
v -0.151823 3.121854 -3.741278
v 0.141604 3.106844 -3.699225
v 0.141166 3.122132 -3.740999
v -0.151338 3.156570 -3.819999
v -0.151515 3.136240 -3.777960
v 0.140681 3.156849 -3.819721
v 0.140858 3.136519 -3.777682
v -0.157711 0.713336 0.438181
v 0.147318 0.713336 0.438181
v -0.157711 0.880743 0.297330
v 0.147318 0.880743 0.297329
v -0.157711 1.076827 0.159048
v 0.147318 1.076827 0.159048
v -0.157711 1.319749 -0.001830
v 0.147318 1.319749 -0.001830
v -0.157712 1.985137 -0.636476
v 0.147318 1.985137 -0.636476
v -0.157712 2.278456 -1.009982
v 0.147318 2.278456 -1.009982
v -0.157712 2.509694 -1.392164
v 0.147317 2.509694 -1.392164
v -0.157712 2.717889 -1.845241
v 0.147317 2.717889 -1.845241
v -0.157712 2.882328 -2.364197
v 0.147317 2.882328 -2.364197
v -0.156703 2.978014 -2.872436
v 0.146307 2.977763 -2.871109
v -0.150312 3.055391 -3.356375
v 0.139922 3.055054 -3.354640
v -0.121666 3.310750 -3.939651
v 0.111270 3.308832 -3.939094
v 0.111028 3.456308 -4.079379
v -0.157711 1.586915 -0.199079
v -0.157711 1.691582 -0.306658
v -0.157711 1.621539 -0.230517
v -0.157711 1.495958 -0.127145
v -0.157711 1.550825 -0.169506
v 0.147318 1.586915 -0.199079
v 0.147318 1.691582 -0.306658
v 0.147318 1.621539 -0.230517
v 0.147318 1.495958 -0.127145
v 0.147318 1.550825 -0.169506
v -0.123439 3.176612 -3.740755
v -0.122942 3.229684 -3.838160
v 0.113043 3.178877 -3.738915
v 0.113116 3.199879 -3.781337
v 0.113985 3.140469 -3.645114
v -0.087380 3.603098 -4.224002
v 0.077241 3.599270 -4.228746
v 0.126149 0.638042 0.513283
v -0.136542 0.796317 0.368544
v 0.149844 0.769116 0.341211
v -0.136542 0.974591 0.231850
v 0.149844 0.947826 0.203345
v -0.136542 1.200367 0.080481
v 0.149844 1.177525 0.057127
v -0.136542 1.423729 -0.071525
v 0.149844 1.410112 -0.084543
v -0.136543 1.823599 -0.448650
v 0.149843 1.818531 -0.453178
v -0.136543 2.140810 -0.821611
v 0.149843 2.135366 -0.826129
v -0.136543 2.401591 -1.194875
v 0.149843 2.395523 -1.198485
v -0.136543 2.619443 -1.607466
v 0.149843 2.613134 -1.610139
v -0.136543 2.810550 -2.101872
v 0.149843 2.804407 -2.104135
v -0.136544 2.937074 -2.612133
v 0.149842 2.931003 -2.613862
v -0.140439 3.016568 -3.102375
v 0.147512 3.016870 -3.139748
v -0.136542 1.534505 -0.153082
v -0.136542 1.570795 -0.182438
v 0.149844 1.526782 -0.160743
v 0.149844 1.564320 -0.188462
v -0.136542 1.639549 -0.245586
v -0.136542 1.606356 -0.212745
v 0.149844 1.634521 -0.250297
v 0.149844 1.600886 -0.217886
v 0.127954 3.192200 -3.808765
v 0.128118 3.169966 -3.765039
v -0.099227 3.137072 -3.594291
v 0.090510 3.104078 -3.506912
v -0.005198 3.155849 -3.580094
v -0.056886 3.131296 -3.538214
v 0.046490 3.129694 -3.539101
v 0.060764 0.506620 0.234568
v 0.038983 3.609965 -4.254602
v -0.054294 3.609968 -4.302270
v -0.079770 0.715735 0.440544
v -0.079770 0.883083 0.299751
v 0.060764 0.678987 0.088556
v -0.079770 1.079136 0.161497
v 0.060764 0.883065 -0.047845
v -0.079770 1.322180 0.000499
v 0.060764 1.185208 -0.131299
v -0.079770 1.498334 -0.124759
v 0.060764 1.433133 -0.189567
v 0.069377 1.694075 -0.304394
v -0.079771 1.987670 -0.634259
v -0.072199 1.671981 -0.324621
v 0.060764 1.966452 -0.652793
v -0.079771 2.281150 -1.007984
v 0.060763 2.256870 -1.026031
v -0.079771 2.512733 -1.390742
v 0.060763 2.486922 -1.402882
v -0.079771 2.721006 -1.843970
v 0.060763 2.696352 -1.854032
v -0.079771 2.885529 -2.363162
v 0.060763 2.862674 -2.370561
v -0.084677 2.977555 -2.850050
v 0.060763 2.956985 -2.868509
v 0.060696 3.030911 -3.351805
v 0.058571 3.094353 -3.666328
v -0.069277 3.173789 -3.854065
v 0.057831 3.260099 -3.970325
v 0.057831 3.412197 -4.134878
v -0.079770 1.553256 -0.167175
v -0.079770 1.589375 -0.196780
v 0.060764 1.507968 -0.210742
v 0.060764 1.553873 -0.229933
v 0.069377 1.623967 -0.228185
v -0.072199 1.595487 -0.255619
v 0.058203 3.113130 -3.722178
v 0.058016 3.127184 -3.759883
v -0.069334 3.142565 -3.799193
v -0.070538 3.578534 -4.289132
v -0.078374 3.607343 -4.311251
v -0.005457 0.429088 0.307026
v -0.003817 3.610335 -4.282128
v -0.005196 0.796911 0.369140
v -0.005457 0.589980 0.161245
v -0.005196 0.975168 0.232462
v -0.005457 0.771177 0.015718
v -0.005197 1.200961 0.081077
v -0.005457 1.028881 -0.094997
v -0.005197 1.424332 -0.070938
v -0.005457 1.326343 -0.164598
v -0.005197 1.824226 -0.448088
v -0.005457 1.803496 -0.466650
v -0.005197 2.141457 -0.821073
v -0.005458 2.118475 -0.840168
v -0.005197 2.402310 -1.194449
v -0.005458 2.376657 -1.209923
v -0.005197 2.620218 -1.607136
v -0.005458 2.594464 -1.618230
v -0.005198 2.811340 -2.101581
v -0.005458 2.787369 -2.110638
v -0.005198 2.937883 -2.611901
v -0.005458 2.915141 -2.618598
v -0.003818 3.023128 -3.110419
v -0.005459 2.998133 -3.136339
v -0.005455 3.045443 -3.447430
v -0.005459 3.208934 -3.904304
v -0.005459 3.329143 -4.049163
v -0.005459 3.504242 -4.222950
v -0.005197 1.535103 -0.152490
v -0.005197 1.571409 -0.181861
v -0.005457 1.484141 -0.203161
v -0.005457 1.530928 -0.219952
v -0.005197 1.640162 -0.245010
v -0.005197 1.606966 -0.212165
v -0.005457 1.616182 -0.267685
v -0.005457 1.575372 -0.242112
v -0.005459 3.104698 -3.700186
v -0.005459 3.119984 -3.741952
v -0.005459 3.154700 -3.820669
v -0.005459 3.134369 -3.778630
v -0.004502 3.607039 -4.311863
v -0.005329 3.603024 -4.312855
v -0.143069 3.049913 -3.309350
v -0.004163 3.070658 -3.345485
v -0.114985 3.042421 -3.261432
v 0.133708 3.047997 -3.298503
v 0.038993 3.049340 -3.267019
v -0.042834 3.050521 -3.273398
v -0.091907 3.063148 -3.351798
v 0.110799 3.039427 -3.245425
v 0.087721 3.062250 -3.342765
v -0.154324 3.480255 -4.185181
v -0.149963 3.524536 -4.209494
v -0.108315 3.610073 -4.299942
v -0.084712 3.610492 -4.278345
v 0.048319 3.607185 -4.305181
v 0.079700 3.607347 -4.285285
v 0.143987 3.548501 -4.254253
v 0.144147 3.531515 -4.216565
v -0.005138 3.612258 -4.216482
v -0.116071 3.590174 -4.220017
v 0.140622 3.078753 -3.507553
v 0.117385 3.103879 -3.549179
v -0.141899 3.109205 -3.606877
v -0.127742 3.106041 -3.550944
v -0.140564 3.073503 -3.442176
v 0.130189 3.073230 -3.440475
v 0.051067 3.015793 -3.088801
v -0.054907 3.017394 -3.096574
v 0.145504 3.088154 -3.610896
v 0.142931 3.081862 -3.553384
v -0.158033 3.066026 -3.518648
v -0.153253 3.082725 -3.558301
v -0.155442 3.059810 -3.520064
v -0.157854 3.070599 -3.561413
v -0.123500 3.056719 -3.521149
v -0.146920 3.066471 -3.562940
v -0.005451 3.079650 -3.614283
v -0.070991 3.065394 -3.561343
v 0.110066 3.079861 -3.612213
v 0.059606 3.065865 -3.556913
v 0.143090 3.081630 -3.612300
v 0.135577 3.066483 -3.555813
v 0.147534 3.069836 -3.556451
v -0.150949 3.079696 -3.512224
v -0.100897 3.106233 -3.506114
v 0.147704 3.065379 -3.514270
v -0.005198 3.122067 -3.497779
v 0.111625 3.057384 -3.514271
v 0.144864 3.059235 -3.514764
v 0.090646 3.086756 -3.434722
v -0.005446 3.057315 -3.517178
v 0.143598 3.065747 -3.442441
v -0.142321 3.085993 -3.510483
v 0.131986 3.084781 -3.506570
v -0.159579 3.053453 -3.446770
v -0.156577 3.047575 -3.448138
v -0.124492 3.044535 -3.449568
v -0.156199 3.066532 -3.481151
v 0.060229 3.051487 -3.480977
v 0.047007 3.104666 -3.467298
v -0.159143 3.055906 -3.483509
v 0.148794 3.055464 -3.480429
v -0.148207 3.051763 -3.485037
v 0.136828 3.052172 -3.480249
v -0.148702 3.075928 -3.475946
v -0.057404 3.105284 -3.467375
v -0.071635 3.050796 -3.484106
v 0.116880 3.086336 -3.473402
v -0.127252 3.087298 -3.475110
v 0.138352 3.075269 -3.472818
v 0.145848 3.066028 -3.478099
v -0.160236 0.609452 0.485063
v 0.150486 0.464693 0.342255
v 0.113030 0.429540 0.307476
v 0.146489 0.431803 0.309722
v -0.136542 0.638042 0.513284
v -0.005196 0.638641 0.513875
v -0.072199 0.354643 0.379224
v -0.079770 0.563777 0.588359
v 0.149885 0.362633 0.387214
v -0.149339 0.355209 0.379791
v 0.137904 0.356256 0.380837
v -0.157711 0.561396 0.585978
v -0.136278 -4.290146 3.619783
v -0.111532 -4.272349 3.628265
v -0.084707 -4.302926 3.635074
v -0.108310 -4.324523 3.634655
v -0.136542 0.488702 0.662623
v -0.005196 0.489294 0.663222
v -0.079770 0.415963 0.740317
v -0.161078 0.312837 0.635619
v -0.160236 0.315590 0.792658
v -0.161078 0.169431 0.805479
v -0.160878 0.165810 0.643573
v -0.005196 0.344559 0.821492
v -0.079770 0.275169 0.907665
v -0.136542 0.343962 0.820899
v 0.150686 0.316996 0.639778
v 0.150486 0.172049 0.649812
v 0.150686 0.173590 0.809639
v 0.149844 0.316630 0.793697
v 0.060765 0.209987 0.531201
v -0.005457 0.136663 0.614561
v 0.060765 0.063974 0.703568
v 0.113030 0.137115 0.615012
v -0.160236 0.177724 0.971367
v -0.161078 0.032102 1.005546
v -0.160878 0.021470 0.824320
v -0.005196 0.207881 0.999749
v -0.079769 0.136916 1.103718
v -0.136542 0.207268 0.999172
v 0.150486 0.027710 0.830559
v 0.150686 0.036262 1.009706
v 0.149844 0.178764 0.972407
v -0.005456 -0.008863 0.795759
v 0.060765 -0.072426 0.907647
v 0.113030 -0.008407 0.796206
v -0.160236 0.031506 1.201066
v -0.161078 -0.090118 1.278134
v -0.160878 -0.094411 1.078117
v -0.005196 0.056495 1.225542
v -0.079769 -0.024082 1.346761
v -0.136542 0.055899 1.224949
v 0.150486 -0.088172 1.084356
v 0.150686 -0.085959 1.282293
v 0.149844 0.032546 1.202106
v -0.005456 -0.119578 1.053463
v 0.060765 -0.155880 1.209790
v 0.113030 -0.119127 1.053914
v -0.160236 -0.110164 1.433653
v -0.161078 -0.181883 1.490176
v -0.160878 -0.174356 1.366361
v 0.126150 -0.096107 1.448311
v 0.069378 -0.149340 1.522915
v -0.005196 -0.095519 1.448913
v 0.069378 -0.024082 1.346761
v 0.150486 -0.168117 1.372600
v 0.150686 -0.177724 1.494335
v 0.149845 -0.109124 1.434693
v -0.124985 -0.190299 1.349808
v -0.072198 -0.215194 1.456668
v -0.005456 -0.189179 1.350924
v -0.072198 -0.156926 1.208744
v -0.161078 -0.338699 1.707988
v -0.160236 -0.477793 1.843079
v -0.161077 -0.668238 2.001496
v -0.160877 -0.485927 1.833982
v -0.079769 -0.328976 1.718656
v -0.005195 -0.472670 1.848808
v -0.079769 -0.658840 2.012251
v -0.136541 -0.473231 1.848180
v 0.150687 -0.338137 1.708550
v 0.150486 -0.485721 1.834187
v 0.150687 -0.668152 2.001582
v 0.149845 -0.477759 1.843113
v 0.060765 -0.348156 1.697609
v -0.005456 -0.491231 1.828078
v 0.060765 -0.677374 1.991034
v 0.113030 -0.490788 1.828537
v -0.160236 -0.850728 2.159930
v -0.161077 -1.041709 2.293437
v -0.160877 -0.859491 2.149338
v -0.005195 -0.845654 2.166039
v -0.079769 -1.032565 2.305732
v -0.136541 -0.846192 2.165392
v 0.150487 -0.859388 2.149441
v 0.150687 -1.041640 2.293506
v 0.149845 -0.850710 2.159948
v -0.005456 -0.864749 2.143057
v 0.060765 -1.050612 2.281451
v 0.113031 -0.864311 2.143520
v -0.160235 -1.223083 2.420087
v -0.161077 -1.421486 2.524239
v -0.160877 -1.230258 2.408209
v -0.005195 -1.219031 2.426891
v -0.079769 -1.415323 2.537315
v -0.136541 -1.219456 2.426173
v 0.150487 -1.230154 2.408312
v 0.150687 -1.421417 2.524307
v 0.149845 -1.223066 2.420104
v -0.005456 -1.234504 2.401239
v 0.060766 -1.427463 2.511504
v 0.113031 -1.234094 2.401720
v -0.160235 -1.634737 2.637699
v -0.161077 -1.873667 2.733085
v -0.160877 -1.639586 2.626306
v -0.005195 -1.631717 2.644799
v -0.079768 -1.868551 2.745587
v -0.136541 -1.632047 2.644025
v 0.150487 -1.639483 2.626409
v 0.150687 -1.873598 2.733154
v 0.149845 -1.634720 2.637716
v -0.005455 -1.642811 2.619045
v 0.060766 -1.878612 2.720933
v 0.113031 -1.642423 2.619540
v -0.160235 -2.128733 2.828971
v -0.161077 -2.391516 2.898504
v -0.160877 -2.132440 2.819059
v -0.005195 -2.126162 2.835921
v -0.079768 -2.387743 2.910110
v -0.136540 -2.126453 2.835132
v 0.150487 -2.132336 2.819162
v 0.150688 -2.391448 2.898573
v 0.149846 -2.128716 2.828988
v -0.005455 -2.135219 2.811950
v 0.060766 -2.395142 2.887255
v 0.113031 -2.134840 2.812448
v -0.160235 -2.638459 2.955567
v -0.160813 -2.890267 2.992818
v -0.160876 -2.640988 2.946775
v -0.005195 -2.636482 2.962464
v -0.084673 -2.874631 3.002136
v -0.136540 -2.636714 2.961655
v 0.150487 -2.640884 2.946879
v 0.150424 -2.890198 2.992887
v 0.149846 -2.638442 2.955584
v -0.005455 -2.643179 2.939723
v 0.060766 -2.893090 2.981566
v 0.113031 -2.642814 2.940224
v -0.157905 -3.165673 3.041685
v -0.158882 -3.374117 3.068604
v -0.160612 -3.159072 3.030078
v -0.004159 -3.370066 3.095240
v -0.056048 -3.419692 3.106614
v -0.091903 -3.376378 3.087729
v -0.042830 -3.297979 3.075103
v 0.150224 -3.158969 3.030181
v 0.148499 -3.373675 3.068601
v 0.147516 -3.164329 3.041451
v -0.005455 -3.160920 3.022715
v 0.060700 -3.376385 3.055492
v 0.113032 -3.160566 3.023220
v -0.153967 -3.468635 3.090641
v -0.156195 -3.505732 3.091113
v -0.159575 -3.471351 3.078035
v 0.145508 -3.635477 3.112736
v 0.139331 -3.684548 3.136979
v 0.131549 -3.628329 3.133007
v 0.142935 -3.577964 3.106443
v -0.005451 -3.472011 3.070024
v 0.060233 -3.505558 3.076069
v 0.112564 -3.470809 3.070385
v -0.148971 -3.870412 3.220594
v -0.142513 -3.912966 3.270433
v -0.154321 -3.982119 3.307294
v -0.154121 -3.922921 3.245062
v 0.138584 -3.871034 3.219808
v 0.143732 -3.925049 3.242408
v 0.143933 -3.985484 3.302281
v 0.132125 -3.915385 3.267498
v 0.057843 -3.877600 3.199416
v -0.005455 -3.928885 3.233516
v 0.057836 -3.994905 3.284680
v 0.107903 -3.928495 3.234008
v -0.146751 -4.050513 3.390077
v -0.154617 -4.135529 3.444819
v -0.155014 -4.066430 3.364754
v 0.144626 -4.067842 3.362144
v 0.144827 -4.132909 3.445522
v 0.136363 -4.047845 3.386268
v -0.005455 -4.073744 3.353725
v 0.057836 -4.159459 3.436778
v 0.107903 -4.073331 3.354206
v -0.143913 -4.182603 3.517403
v -0.149958 -4.234075 3.549118
v -0.154320 -4.209762 3.504838
v 0.143991 -4.278834 3.573083
v 0.133142 -4.301421 3.617709
v 0.132732 -4.264637 3.603521
v 0.144152 -4.241145 3.556096
v -0.005454 -4.247531 3.528823
v 0.059233 -4.315829 3.600050
v 0.107903 -4.248796 3.527491
v -0.160236 -0.186364 1.550324
v -0.161078 -0.213677 1.555052
v -0.160877 -0.218272 1.518261
v -0.160236 -0.214083 1.587862
v -0.161078 -0.238073 1.596063
v -0.160877 -0.236713 1.563814
v -0.079769 -0.149340 1.522915
v -0.005196 -0.177071 1.559684
v -0.079769 -0.191757 1.577838
v -0.136541 -0.177663 1.559086
v -0.005196 -0.206443 1.595991
v -0.079769 -0.221361 1.613956
v -0.136541 -0.207019 1.595377
v 0.150486 -0.212033 1.524500
v 0.150686 -0.209517 1.559211
v 0.149845 -0.185324 1.551363
v 0.150486 -0.230474 1.570053
v 0.150687 -0.234034 1.600102
v 0.149845 -0.213043 1.588901
v 0.060765 -0.214148 1.457715
v -0.005456 -0.227743 1.508723
v 0.060765 -0.235323 1.532549
v 0.113030 -0.227292 1.509175
v -0.005456 -0.244533 1.555509
v 0.060765 -0.254514 1.578455
v 0.113030 -0.244086 1.555965
v -0.160877 -0.286375 1.647005
v -0.161078 -0.266097 1.634690
v -0.160236 -0.275304 1.658677
v -0.160877 -0.259873 1.607129
v -0.160236 -0.243387 1.624548
v 0.069378 -0.328976 1.718656
v -0.005196 -0.269592 1.664744
v 0.069378 -0.252766 1.648549
v 0.126150 -0.270168 1.664130
v -0.005196 -0.236746 1.631548
v 0.069378 -0.221361 1.613956
v 0.126150 -0.237326 1.630938
v 0.149845 -0.274878 1.659103
v 0.150687 -0.263152 1.637635
v 0.150486 -0.283822 1.649558
v 0.149845 -0.242467 1.625468
v 0.150486 -0.254354 1.612648
v -0.072198 -0.349202 1.696563
v -0.005456 -0.292267 1.640763
v -0.072198 -0.280200 1.620069
v -0.124985 -0.293389 1.639650
v -0.005456 -0.266693 1.599953
v -0.072198 -0.255560 1.577409
v -0.124985 -0.267815 1.598839
v -0.149707 -3.685363 3.137053
v -0.139073 -3.712263 3.161581
v -0.148777 -3.739889 3.156525
v -0.154197 -3.721359 3.138103
v -0.138712 -3.753803 3.177841
v -0.148419 -3.777323 3.171160
v -0.153762 -3.763110 3.153536
v 0.143809 -3.721255 3.138206
v 0.138390 -3.739820 3.156594
v 0.128686 -3.711445 3.161919
v 0.143374 -3.763006 3.153639
v 0.138032 -3.777254 3.171228
v 0.128325 -3.753325 3.178425
v 0.058575 -3.690908 3.118934
v -0.005455 -3.724766 3.129279
v 0.058207 -3.746759 3.137711
v 0.108759 -3.724388 3.129777
v -0.005455 -3.766533 3.144565
v 0.058021 -3.784464 3.151766
v 0.108375 -3.766155 3.145063
v -0.153282 -3.841793 3.188646
v -0.148187 -3.814867 3.188493
v -0.138345 -3.833824 3.216198
v -0.153457 -3.799613 3.168115
v -0.138510 -3.790097 3.193964
v 0.087159 -3.824743 3.258707
v 0.113121 -3.805918 3.224461
v 0.127958 -3.833346 3.216782
v 0.112550 -3.861367 3.256016
v 0.087304 -3.776962 3.233415
v 0.113047 -3.763496 3.203459
v 0.128123 -3.789620 3.194548
v 0.137799 -3.814798 3.188562
v 0.142894 -3.841689 3.188749
v 0.143069 -3.799510 3.168219
v -0.069273 -3.878646 3.198370
v -0.005455 -3.845250 3.179281
v -0.069330 -3.823774 3.167147
v -0.119903 -3.846441 3.178210
v -0.005455 -3.803211 3.158951
v -0.069451 -3.785510 3.150720
v -0.120058 -3.804403 3.157880
v -0.099223 -3.618872 3.161654
v -0.056882 -3.562795 3.155878
v -0.005194 -3.604674 3.180431
v -0.055601 -3.655134 3.193603
v -0.091535 -3.897476 3.302184
v -0.054178 -3.845517 3.293556
v -0.005194 -3.877690 3.329171
v -0.047546 -3.937873 3.366049
v -0.085683 -4.023262 3.427790
v -0.005194 -3.994241 3.451008
v -0.047031 -4.077547 3.526009
v -0.097516 -3.696835 3.193205
v -0.005194 -3.680851 3.217341
v -0.055327 -3.709928 3.221418
v -0.097440 -3.738405 3.210880
v -0.005194 -3.722915 3.241876
v -0.055405 -3.747263 3.239899
v 0.043790 -3.843708 3.295844
v -0.005194 -3.810439 3.288144
v 0.045202 -3.792592 3.266494
v -0.005194 -3.763947 3.263417
v 0.045017 -3.745424 3.242165
v 0.090650 -3.459303 3.111338
v 0.047011 -3.491879 3.129247
v -0.005194 -3.456263 3.122412
v 0.046694 -3.417135 3.106968
v 0.081147 -3.895337 3.305181
v 0.037157 -3.935423 3.367311
v 0.075294 -4.015631 3.423999
v 0.036022 -4.071277 3.521067
v 0.076068 -4.156527 3.562006
v 0.037211 -4.202407 3.617775
v -0.005815 -4.134464 3.590228
v 0.087128 -3.692032 3.195126
v 0.044939 -3.707747 3.223437
v 0.045212 -3.651726 3.193847
v 0.087051 -3.735645 3.214278
v -0.097547 -3.827503 3.255309
v -0.055590 -3.794432 3.264229
v -0.097692 -3.779722 3.230017
v -0.089582 -4.162015 3.566233
v -0.051100 -4.202293 3.619462
v -0.160277 0.212750 0.534007
v -0.157142 0.283840 0.455082
v -0.160277 0.358473 0.383055
v -0.160878 0.311435 0.483035
v 0.126243 -4.316788 3.604088
v 0.068548 -4.339308 3.627537
v -0.004497 -4.336444 3.631621
v 0.048324 -4.329762 3.631766
v 0.103792 -4.330980 3.629363
v -0.160277 0.066806 0.706304
v -0.157142 0.138071 0.615962
v 0.149885 0.216909 0.538166
v 0.146489 0.139372 0.617263
v 0.149885 0.070966 0.710463
v -0.160277 -0.069561 0.910346
v -0.157142 -0.007417 0.797119
v 0.146489 -0.006115 0.798421
v 0.149885 -0.065402 0.914505
v -0.160277 -0.153159 1.212633
v -0.157142 -0.118172 1.054863
v 0.146489 -0.116870 1.056164
v 0.149885 -0.148999 1.216792
v -0.160277 -0.211358 1.460492
v -0.157142 -0.187793 1.352345
v 0.146490 -0.186492 1.353647
v 0.149885 -0.207198 1.464651
v -0.160276 -0.674784 1.993999
v -0.157141 -0.489908 1.829559
v -0.160277 -0.345511 1.700526
v 0.149885 -0.344949 1.701088
v 0.146490 -0.489612 1.829854
v 0.149886 -0.674698 1.994085
v -0.160276 -1.048283 2.284608
v -0.157141 -0.863481 2.144584
v 0.146490 -0.863202 2.144862
v 0.149886 -1.048214 2.284677
v -0.160276 -1.425820 2.515071
v -0.157141 -1.233504 2.402936
v 0.146490 -1.233225 2.403215
v 0.149886 -1.425751 2.515140
v -0.160276 -1.877149 2.724592
v -0.157141 -1.642039 2.620877
v 0.146490 -1.641760 2.621155
v 0.149886 -1.877079 2.724661
v -0.160276 -2.393958 2.891016
v -0.157141 -2.134539 2.813815
v 0.146491 -2.134260 2.814094
v 0.149886 -2.393889 2.891085
v -0.160275 -2.892149 2.985398
v -0.157140 -2.642640 2.941635
v 0.146491 -2.642361 2.941914
v 0.149887 -2.892080 2.985467
v -0.160133 -3.376031 3.059434
v -0.157140 -3.160489 3.024656
v 0.146491 -3.160210 3.024934
v 0.149751 -3.375585 3.059438
v -0.155438 -3.544645 3.084392
v -0.159139 -3.508090 3.080488
v -0.158029 -3.543229 3.090608
v -0.157849 -3.585994 3.095181
v 0.145950 -3.470766 3.072151
v 0.148798 -3.505010 3.080045
v 0.149209 -3.469823 3.077888
v -0.154413 -3.990014 3.291977
v -0.151278 -3.926291 3.237550
v -0.154427 -3.875707 3.203740
v 0.144039 -3.876152 3.203175
v 0.140630 -3.927808 3.235609
v 0.144025 -3.993024 3.288240
v -0.154317 -4.156568 3.442186
v -0.151278 -4.070930 3.357647
v 0.140630 -4.072447 3.355706
v 0.144065 -4.157904 3.440491
v -0.135114 -4.311191 3.610612
v -0.151182 -4.245935 3.534277
v -0.151968 -4.272724 3.576755
v 0.140670 -4.249194 3.530015
v 0.144666 -4.211568 3.503761
v -0.160277 -0.232600 1.535393
v -0.157141 -0.226346 1.510134
v -0.160277 -0.251828 1.581334
v -0.157141 -0.243174 1.556957
v 0.146490 -0.225045 1.511436
v 0.149885 -0.228440 1.539552
v 0.146490 -0.241873 1.558259
v 0.149885 -0.247789 1.585373
v -0.157141 -0.290908 1.642211
v -0.160277 -0.276427 1.623955
v -0.157141 -0.265326 1.601393
v 0.149885 -0.273483 1.626899
v 0.146490 -0.290221 1.642898
v 0.146490 -0.264144 1.602574
v -0.155158 -3.745427 3.141423
v -0.152257 -3.724085 3.131147
v -0.155877 -3.690456 3.122798
v -0.154784 -3.783144 3.155483
v -0.151819 -3.765859 3.146435
v 0.145501 -3.689634 3.122739
v 0.141609 -3.723806 3.131425
v 0.144769 -3.745358 3.141492
v 0.141170 -3.765580 3.146713
v 0.144396 -3.783075 3.155551
v -0.151334 -3.844580 3.181152
v -0.154542 -3.821413 3.171912
v -0.151511 -3.802541 3.160822
v 0.144153 -3.821344 3.171981
v 0.140685 -3.844301 3.181431
v 0.140862 -3.802262 3.161101
v -0.149339 0.209503 0.530726
v -0.124985 0.281326 0.452552
v 0.114890 -4.317450 3.600038
v -0.005324 -4.337435 3.627606
v -0.149339 0.063504 0.703079
v -0.124985 0.135546 0.613443
v 0.137904 0.210549 0.531772
v 0.137905 0.064550 0.704125
v -0.149338 -0.072890 0.907150
v -0.124985 -0.009977 0.794636
v 0.137905 -0.071843 0.908196
v -0.149338 -0.156373 1.209322
v -0.124985 -0.120696 1.052345
v 0.137905 -0.155326 1.210368
v -0.149338 -0.214626 1.457233
v 0.113030 -0.188730 1.351377
v 0.137905 -0.213580 1.458279
v -0.149338 -0.677892 1.990591
v -0.124984 -0.492357 1.826968
v -0.149338 -0.348663 1.697156
v 0.137905 -0.347617 1.698202
v 0.137905 -0.676846 1.991637
v -0.149338 -1.051183 2.281046
v -0.124984 -0.865880 2.141951
v 0.137905 -1.050137 2.282092
v -0.149338 -1.428171 2.511181
v -0.124984 -1.235662 2.400151
v 0.137906 -1.427125 2.512227
v -0.149337 -1.879356 2.720628
v -0.124984 -1.643992 2.617970
v 0.137906 -1.878310 2.721674
v -0.149337 -2.395942 2.886971
v -0.124984 -2.136409 2.810878
v 0.137906 -2.394896 2.888017
v -0.149337 -2.893938 2.981296
v -0.124983 -2.644383 2.938655
v 0.137906 -2.892892 2.982342
v -0.149195 -3.377666 3.055298
v -0.124983 -3.162135 3.021651
v 0.137772 -3.376152 3.056264
v -0.123496 -3.545730 3.081300
v -0.148203 -3.509618 3.076345
v -0.146916 -3.587520 3.091053
v 0.136832 -3.504830 3.076754
v -0.143475 -3.994040 3.286245
v -0.119854 -3.929807 3.232756
v -0.143489 -3.878104 3.199435
v 0.132059 -3.877314 3.200163
v 0.132045 -3.994533 3.285388
v -0.143475 -4.159327 3.437754
v -0.119854 -4.074644 3.352954
v 0.132045 -4.159411 3.437346
v -0.126190 -4.313119 3.605945
v -0.119854 -4.247333 3.529902
v -0.149338 -0.235815 1.532082
v -0.124985 -0.228861 1.507606
v -0.149338 -0.255014 1.577994
v -0.124985 -0.245656 1.554396
v 0.137905 -0.234769 1.533128
v 0.137905 -0.253967 1.579040
v -0.149338 -0.279645 1.620646
v 0.137905 -0.278599 1.621692
v 0.113030 -0.291820 1.641219
v 0.113030 -0.266245 1.600408
v -0.144218 -3.747529 3.137417
v -0.120710 -3.725957 3.128208
v -0.144938 -3.692484 3.118778
v -0.143845 -3.785237 3.151473
v -0.120327 -3.767724 3.143494
v 0.133522 -3.690502 3.119665
v 0.132788 -3.746483 3.138463
v 0.132415 -3.784190 3.152519
v -0.143603 -3.823501 3.167901
v 0.132173 -3.822455 3.168947
v 0.107952 -3.844872 3.179779
v 0.108106 -3.802834 3.159449
v 0.147319 0.413600 0.737918
v 0.126150 0.488702 0.662623
v 0.147318 0.561396 0.585978
v 0.149844 0.461522 0.635073
v -0.157711 0.413600 0.737918
v -0.157711 0.272748 0.905325
v 0.147319 0.272748 0.905325
v 0.126150 0.343962 0.820898
v -0.157711 0.134467 1.101408
v 0.147319 0.134467 1.101408
v 0.126150 0.207268 0.999172
v -0.157710 -0.026411 1.344331
v 0.147319 -0.026411 1.344331
v 0.126150 0.055899 1.224949
v -0.136541 -0.096107 1.448311
v -0.157710 -0.151726 1.520540
v 0.147319 -0.151726 1.520540
v -0.157710 -0.331239 1.716164
v -0.157710 -0.661058 2.009718
v 0.147319 -0.331239 1.716164
v 0.147319 -0.661058 2.009718
v 0.126150 -0.473231 1.848180
v -0.157710 -1.034564 2.303038
v 0.147320 -1.034563 2.303038
v 0.126150 -0.846192 2.165392
v -0.157710 -1.416745 2.534276
v 0.147320 -1.416745 2.534276
v 0.126151 -1.219456 2.426173
v -0.157709 -1.869822 2.742470
v 0.147320 -1.869822 2.742470
v 0.126151 -1.632047 2.644025
v -0.157709 -2.388778 2.906909
v 0.147320 -2.388778 2.906909
v 0.126151 -2.126453 2.835132
v -0.156699 -2.897017 3.002595
v 0.146310 -2.895690 3.002344
v 0.126151 -2.636714 2.961655
v -0.140436 -3.126956 3.041149
v -0.143065 -3.333931 3.074494
v -0.150308 -3.380955 3.079973
v 0.139926 -3.379221 3.079636
v 0.133712 -3.323083 3.072579
v 0.131082 -3.116372 3.039128
v -0.140560 -3.466757 3.098084
v -0.148698 -3.500527 3.100509
v 0.113990 -3.669695 3.165051
v 0.088840 -3.616508 3.160228
v 0.117389 -3.573760 3.128461
v -0.122938 -3.862741 3.254266
v -0.121662 -3.964231 3.335331
v 0.111274 -3.963674 3.333414
v -0.121443 -4.113209 3.484550
v 0.111033 -4.103960 3.480890
v -0.123239 -4.216390 3.579612
v 0.109261 -4.282728 3.624352
v 0.077246 -4.253326 3.623852
v 0.111431 -4.224306 3.589696
v -0.157710 -0.194087 1.575407
v -0.157710 -0.223660 1.611496
v 0.147319 -0.194087 1.575407
v 0.126150 -0.177663 1.559086
v 0.147319 -0.223660 1.611496
v 0.126150 -0.207019 1.595377
v -0.157710 -0.255099 1.646121
v -0.136541 -0.270168 1.664130
v -0.136541 -0.237326 1.630938
v 0.147319 -0.255099 1.646121
v -0.124371 -3.673512 3.164892
v -0.123527 -3.727623 3.185822
v -0.123434 -3.765336 3.201194
v 0.113140 -3.725443 3.187841
v -0.123508 -3.807758 3.222196
v -0.116067 -4.244598 3.614756
v -0.137153 -4.249447 3.592726
v 0.136492 -4.182788 3.525715
v -0.100893 -3.530694 3.130815
v -0.057400 -3.491956 3.129866
v -0.005194 -3.522360 3.146649
v 0.046494 -3.563682 3.154275
v 0.113030 0.282895 0.454121
v 0.060764 0.355689 0.380270
v -0.005457 0.282445 0.453669
v 0.038988 -4.279183 3.634547
v 0.079705 -4.309865 3.631928
v -0.003812 -4.306708 3.634917
v 0.069378 0.415963 0.740317
v 0.069378 0.275169 0.907665
v -0.072199 0.208941 0.530155
v -0.072199 0.062928 0.702522
v 0.069378 0.136916 1.103718
v -0.072199 -0.073472 0.906600
v 0.069378 -0.658840 2.012251
v -0.072198 -0.678420 1.989988
v 0.069378 -1.032565 2.305732
v -0.072198 -1.051658 2.280405
v 0.069379 -1.415323 2.537315
v -0.072198 -1.428509 2.510458
v 0.069379 -1.868551 2.745587
v -0.072197 -1.879658 2.719887
v 0.069379 -2.387743 2.910110
v -0.072197 -2.396188 2.886209
v 0.075319 -2.872007 3.001620
v -0.072197 -2.894136 2.980520
v 0.115951 -3.420949 3.095187
v 0.087725 -3.367345 3.086832
v 0.110803 -3.270006 3.064008
v -0.072126 -3.377692 3.054491
v -0.124488 -3.474149 3.069117
v -0.071631 -3.508687 3.075377
v -0.069266 -3.995952 3.283634
v -0.069266 -4.160073 3.436301
v -0.070533 -4.313712 3.603115
v 0.069378 -0.191757 1.577837
v -0.072198 -0.236369 1.531503
v -0.079769 -0.252766 1.648549
v 0.060765 -0.279154 1.621115
v -0.069998 -3.692475 3.117977
v -0.069637 -3.747805 3.136665
v 0.057900 -3.822727 3.168193
v -0.078369 -4.335832 3.631925
v -0.054289 -4.326850 3.634550
v -0.005133 -4.241062 3.636840
v -0.047960 -4.275031 3.635791
v -0.087376 -4.248583 3.627679
v -0.054904 -3.121155 3.041975
v -0.114981 -3.286013 3.067002
v 0.051070 -3.113381 3.040375
v -0.125302 -3.425368 3.095189
v 0.038997 -3.291600 3.073921
v 0.090514 -3.531492 3.128659
v 0.116884 -3.497983 3.110918
v 0.131990 -3.531151 3.109362
v -0.141895 -3.631457 3.133786
v -0.127738 -3.575525 3.130622
v -0.101035 -3.461146 3.111210
v -0.127248 -3.499691 3.111880
v 0.143602 -3.467021 3.090329
v 0.138356 -3.497399 3.099850
v 0.130193 -3.465056 3.097811
v -0.003814 -3.134999 3.047709
v 0.140626 -3.532133 3.103335
v 0.145852 -3.502680 3.090609
v 0.147708 -3.538851 3.089961
v -0.155852 -3.638431 3.113133
v -0.153249 -3.582881 3.107306
v -0.153690 -3.640508 3.106503
v -0.121966 -3.641902 3.103476
v -0.005447 -3.638863 3.104232
v -0.070987 -3.585924 3.089976
v 0.110070 -3.636794 3.104443
v 0.059610 -3.581494 3.090446
v 0.143094 -3.636881 3.106212
v 0.135581 -3.580393 3.091064
v 0.147538 -3.581032 3.094418
v -0.150945 -3.536805 3.104278
v -0.005442 -3.541759 3.081897
v 0.111629 -3.538852 3.081966
v -0.156573 -3.472719 3.072157
v 0.144868 -3.539345 3.083816
v -0.142317 -3.535064 3.110574
v -0.160236 0.460482 0.634033
v -0.161078 0.459594 0.484175
v 0.150486 0.317674 0.489274
v 0.150686 0.463753 0.488335
v 0.146489 0.285141 0.456384
v 0.069377 0.563777 0.588359
vt 0.093207 0.994248
vt 0.093738 0.846526
vt 0.100266 0.847016
vt 0.099738 0.994283
vt 0.086676 0.994174
vt 0.087213 0.846195
vt 0.080146 0.994073
vt 0.080691 0.846077
vt 0.073616 0.993956
vt 0.074172 0.846186
vt 0.067087 0.993834
vt 0.067652 0.846492
vt 0.060558 0.993717
vt 0.061129 0.846930
vt 0.054030 0.993613
vt 0.054602 0.847414
vt 0.047503 0.993529
vt 0.048074 0.847847
vt 0.040976 0.993467
vt 0.041546 0.848143
vt 0.034451 0.993427
vt 0.035020 0.848239
vt 0.027928 0.993406
vt 0.028497 0.848109
vt 0.021406 0.993402
vt 0.021974 0.847766
vt 0.014884 0.993414
vt 0.015449 0.847268
vt 0.008360 0.993428
vt 0.008923 0.846723
vt 0.106795 0.847555
vt 0.106266 0.994284
vt 0.404384 0.554262
vt 0.410518 0.555766
vt 0.400882 0.777432
vt 0.395259 0.775588
vt 0.415866 0.559003
vt 0.405437 0.780894
vt 0.419717 0.563099
vt 0.408669 0.785149
vt 0.421929 0.567177
vt 0.411168 0.789389
vt 0.424151 0.570520
vt 0.415109 0.792815
vt 0.428157 0.572686
vt 0.421142 0.794821
vt 0.433836 0.573628
vt 0.428578 0.795476
vt 0.440388 0.573621
vt 0.436412 0.795389
vt 0.446766 0.572833
vt 0.443438 0.794901
vt 0.451991 0.571092
vt 0.448807 0.793484
vt 0.455473 0.568307
vt 0.452498 0.790661
vt 0.457730 0.564947
vt 0.455726 0.787127
vt 0.460992 0.561772
vt 0.460007 0.784057
vt 0.465850 0.558908
vt 0.465479 0.782020
vt 0.398384 0.555347
vt 0.389224 0.776172
vt 0.378612 0.944303
vt 0.374433 0.941329
vt 0.370640 0.896364
vt 0.375863 0.898615
vt 0.368865 0.940084
vt 0.364499 0.896023
vt 0.362181 0.940588
vt 0.358224 0.897465
vt 0.354988 0.942503
vt 0.352484 0.900208
vt 0.347907 0.945276
vt 0.347845 0.903666
vt 0.341338 0.948318
vt 0.343769 0.907223
vt 0.335254 0.951093
vt 0.339468 0.910137
vt 0.328999 0.953009
vt 0.334358 0.911752
vt 0.322217 0.953516
vt 0.328468 0.911615
vt 0.315384 0.952337
vt 0.322348 0.909598
vt 0.309214 0.949517
vt 0.316772 0.905919
vt 0.304238 0.945335
vt 0.312468 0.901068
vt 0.300703 0.940246
vt 0.309735 0.895628
vt 0.298464 0.934764
vt 0.307725 0.890172
vt 0.381830 0.948677
vt 0.379695 0.902615
vt 0.519182 0.069849
vt 0.541722 0.093780
vt 0.536675 0.096958
vt 0.513729 0.073685
vt 0.531026 0.098615
vt 0.507796 0.076033
vt 0.529474 0.102472
vt 0.501999 0.076763
vt 0.523385 0.102200
vt 0.496594 0.076421
vt 0.512267 0.098139
vt 0.490968 0.076334
vt 0.505441 0.099268
vt 0.484805 0.077683
vt 0.499060 0.102276
vt 0.478773 0.080793
vt 0.493818 0.107094
vt 0.473659 0.085482
vt 0.490249 0.113223
vt 0.470088 0.091180
vt 0.488506 0.119946
vt 0.468330 0.097177
vt 0.488214 0.126651
vt 0.468146 0.102933
vt 0.488503 0.133099
vt 0.468465 0.108525
vt 0.488187 0.139384
vt 0.467799 0.114377
vt 0.486641 0.145507
vt 0.465444 0.120145
vt 0.523214 0.064776
vt 0.545939 0.089244
vt 0.548478 0.104678
vt 0.542396 0.108355
vt 0.535517 0.110614
vt 0.528637 0.111498
vt 0.521853 0.111355
vt 0.516122 0.110451
vt 0.511198 0.110633
vt 0.506840 0.112305
vt 0.503404 0.115422
vt 0.501221 0.119714
vt 0.500345 0.124845
vt 0.500392 0.130547
vt 0.500671 0.136788
vt 0.500268 0.143351
vt 0.499126 0.149784
vt 0.553601 0.100326
vt 0.376651 0.816732
vt 0.370287 0.816117
vt 0.376043 0.398659
vt 0.382228 0.397708
vt 0.364644 0.816670
vt 0.370383 0.398517
vt 0.360368 0.817847
vt 0.366243 0.398093
vt 0.357747 0.819398
vt 0.364050 0.397699
vt 0.354937 0.820953
vt 0.362025 0.397360
vt 0.350375 0.822116
vt 0.358213 0.397175
vt 0.344350 0.822753
vt 0.352846 0.397258
vt 0.337583 0.822754
vt 0.346543 0.397589
vt 0.330955 0.822032
vt 0.340209 0.397981
vt 0.325354 0.820610
vt 0.334836 0.398209
vt 0.321452 0.818689
vt 0.331202 0.398205
vt 0.318744 0.816673
vt 0.329032 0.398078
vt 0.314563 0.815412
vt 0.325286 0.397407
vt 0.308930 0.820896
vt 0.320214 0.391351
vt 0.382407 0.823938
vt 0.387653 0.390162
vt 0.374031 0.837235
vt 0.376583 0.855070
vt 0.370923 0.854099
vt 0.368582 0.835097
vt 0.364798 0.854898
vt 0.362939 0.834454
vt 0.359063 0.857104
vt 0.358184 0.834798
vt 0.354457 0.860128
vt 0.354871 0.835938
vt 0.349621 0.859907
vt 0.352760 0.837627
vt 0.346455 0.862626
vt 0.349179 0.839178
vt 0.342065 0.864192
vt 0.344104 0.840404
vt 0.336596 0.864277
vt 0.338026 0.841099
vt 0.330720 0.862803
vt 0.331721 0.841082
vt 0.325252 0.859940
vt 0.326036 0.840267
vt 0.320904 0.856095
vt 0.321718 0.838709
vt 0.318058 0.851830
vt 0.319072 0.836666
vt 0.316294 0.847602
vt 0.317029 0.834687
vt 0.313800 0.843048
vt 0.313623 0.832974
vt 0.378403 0.840759
vt 0.377655 0.853809
vt 0.395224 0.818270
vt 0.395922 0.806235
vt 0.398269 0.811053
vt 0.397193 0.823408
vt 0.400715 0.815812
vt 0.399259 0.828453
vt 0.404165 0.820079
vt 0.401890 0.832935
vt 0.408597 0.823344
vt 0.405399 0.836391
vt 0.413697 0.825044
vt 0.409995 0.838322
vt 0.418892 0.824694
vt 0.415332 0.838228
vt 0.423546 0.822182
vt 0.420484 0.835922
vt 0.427473 0.818144
vt 0.424847 0.832035
vt 0.431321 0.814029
vt 0.429231 0.827971
vt 0.435803 0.811403
vt 0.434411 0.825023
vt 0.440943 0.810735
vt 0.440336 0.823760
vt 0.446656 0.811677
vt 0.446509 0.824186
vt 0.452399 0.814022
vt 0.452153 0.826331
vt 0.457061 0.818036
vt 0.456432 0.830319
vt 0.392312 0.813346
vt 0.392291 0.801720
vt 0.758470 0.696628
vt 0.752745 0.691669
vt 0.804632 0.690277
vt 0.807717 0.694946
vt 0.747502 0.686087
vt 0.802708 0.684935
vt 0.743697 0.680588
vt 0.802338 0.679625
vt 0.741963 0.675956
vt 0.803694 0.675173
vt 0.742377 0.672548
vt 0.806310 0.672299
vt 0.744526 0.668741
vt 0.809169 0.670133
vt 0.747900 0.663494
vt 0.811467 0.666203
vt 0.752078 0.657201
vt 0.813124 0.660231
vt 0.756558 0.650688
vt 0.814433 0.653135
vt 0.760538 0.644880
vt 0.815060 0.646097
vt 0.763089 0.640524
vt 0.814457 0.640108
vt 0.763576 0.637956
vt 0.812430 0.635947
vt 0.761863 0.636452
vt 0.809304 0.633762
vt 0.758207 0.634010
vt 0.805746 0.631419
vt 0.763550 0.700469
vt 0.811425 0.698406
vt 0.385840 0.377228
vt 0.380976 0.379133
vt 0.375356 0.378077
vt 0.369908 0.375651
vt 0.365530 0.372921
vt 0.362473 0.370444
vt 0.357735 0.368646
vt 0.351299 0.368034
vt 0.344432 0.368711
vt 0.338481 0.370330
vt 0.334375 0.372362
vt 0.332438 0.374425
vt 0.332535 0.376424
vt 0.333119 0.378085
vt 0.330280 0.379298
vt 0.389675 0.373194
vt 0.839957 0.692085
vt 0.835720 0.688694
vt 0.842482 0.690112
vt 0.846945 0.693818
vt 0.832101 0.684039
vt 0.838603 0.685332
vt 0.829550 0.678432
vt 0.835820 0.679703
vt 0.828245 0.672539
vt 0.834460 0.673782
vt 0.828265 0.667245
vt 0.834799 0.668216
vt 0.829809 0.663411
vt 0.836893 0.663633
vt 0.832744 0.661056
vt 0.840420 0.660347
vt 0.836477 0.658343
vt 0.844683 0.657743
vt 0.840185 0.654215
vt 0.848783 0.654415
vt 0.842998 0.648935
vt 0.851946 0.649890
vt 0.844402 0.643173
vt 0.853549 0.644430
vt 0.844172 0.637614
vt 0.853315 0.638690
vt 0.842198 0.632942
vt 0.851218 0.633460
vt 0.838639 0.629795
vt 0.847523 0.629346
vt 0.843947 0.694886
vt 0.851088 0.697529
vt 0.872302 0.695867
vt 0.868536 0.692100
vt 0.884666 0.690343
vt 0.887752 0.695638
vt 0.864266 0.688791
vt 0.881242 0.686267
vt 0.860315 0.684402
vt 0.878148 0.682666
vt 0.857395 0.678748
vt 0.876165 0.678178
vt 0.856027 0.672617
vt 0.875709 0.672579
vt 0.856458 0.666877
vt 0.876836 0.666260
vt 0.858653 0.662177
vt 0.879269 0.659819
vt 0.862277 0.658635
vt 0.882572 0.653949
vt 0.866710 0.655635
vt 0.886415 0.649463
vt 0.871133 0.651834
vt 0.890329 0.646670
vt 0.874690 0.646671
vt 0.893483 0.644010
vt 0.876955 0.640803
vt 0.895330 0.640201
vt 0.877566 0.634840
vt 0.895638 0.635122
vt 0.876161 0.629236
vt 0.894316 0.629399
vt 0.875058 0.700759
vt 0.890075 0.701503
vt 0.507725 0.872466
vt 0.507115 0.866424
vt 0.764016 0.858015
vt 0.764511 0.862870
vt 0.504794 0.861592
vt 0.762123 0.854167
vt 0.501164 0.858434
vt 0.759210 0.851646
vt 0.496803 0.856224
vt 0.755685 0.849895
vt 0.492392 0.852895
vt 0.752116 0.847216
vt 0.488677 0.847924
vt 0.749102 0.843196
vt 0.486297 0.841848
vt 0.747170 0.838273
vt 0.485666 0.835545
vt 0.746660 0.833165
vt 0.486892 0.829954
vt 0.747659 0.828642
vt 0.489755 0.825812
vt 0.749979 0.825301
vt 0.493754 0.823211
vt 0.753208 0.823219
vt 0.498206 0.820571
vt 0.756806 0.821124
vt 0.502351 0.816373
vt 0.760164 0.817771
vt 0.505470 0.810743
vt 0.762707 0.813231
vt 0.506509 0.878852
vt 0.763537 0.868036
vt 0.960782 0.697439
vt 0.904934 0.699523
vt 0.904170 0.693667
vt 0.960300 0.691994
vt 0.902122 0.688757
vt 0.958364 0.687774
vt 0.899339 0.684965
vt 0.955569 0.685163
vt 0.896438 0.681689
vt 0.952598 0.683618
vt 0.894437 0.677121
vt 0.950273 0.681111
vt 0.893959 0.670998
vt 0.949309 0.676843
vt 0.895050 0.664235
vt 0.949988 0.671229
vt 0.897494 0.657799
vt 0.952187 0.665123
vt 0.900912 0.652382
vt 0.955511 0.659495
vt 0.904821 0.648228
vt 0.959449 0.655148
vt 0.908773 0.645109
vt 0.963506 0.652339
vt 0.912470 0.641913
vt 0.967395 0.649829
vt 0.915688 0.637563
vt 0.971049 0.646107
vt 0.918530 0.632309
vt 0.974628 0.641264
vt 0.959327 0.703327
vt 0.903817 0.705605
vt 0.765187 0.862794
vt 0.764850 0.862816
vt 0.764350 0.858017
vt 0.764672 0.857948
vt 0.762475 0.854225
vt 0.762800 0.854079
vt 0.759670 0.851667
vt 0.760023 0.851410
vt 0.756243 0.849820
vt 0.756667 0.849460
vt 0.752721 0.847119
vt 0.753232 0.846794
vt 0.749724 0.843121
vt 0.750305 0.842891
vt 0.747804 0.838231
vt 0.748430 0.838117
vt 0.747300 0.833163
vt 0.747942 0.833187
vt 0.748298 0.828688
vt 0.748910 0.828872
vt 0.750585 0.825384
vt 0.751101 0.825709
vt 0.753726 0.823250
vt 0.754122 0.823583
vt 0.757230 0.821086
vt 0.757575 0.821330
vt 0.760526 0.817737
vt 0.760862 0.817906
vt 0.763063 0.813253
vt 0.763378 0.813470
vt 0.764297 0.867861
vt 0.763916 0.867935
vt 0.238152 0.207628
vt 0.244572 0.207886
vt 0.254843 0.344007
vt 0.248614 0.341712
vt 0.250936 0.207735
vt 0.260968 0.343854
vt 0.257278 0.206772
vt 0.267168 0.342963
vt 0.263638 0.205028
vt 0.273871 0.341484
vt 0.270035 0.202436
vt 0.281082 0.339400
vt 0.276444 0.198755
vt 0.288871 0.336495
vt 0.282857 0.193925
vt 0.297239 0.330491
vt 0.289284 0.188561
vt 0.307069 0.323635
vt 0.295714 0.183628
vt 0.312318 0.318129
vt 0.302108 0.179491
vt 0.320820 0.314658
vt 0.308469 0.176171
vt 0.324661 0.310226
vt 0.314817 0.173694
vt 0.332094 0.308851
vt 0.321207 0.172042
vt 0.334560 0.305566
vt 0.327776 0.171634
vt 0.341125 0.305298
vt 0.231737 0.208019
vt 0.242197 0.342040
vt 0.188835 0.169323
vt 0.183636 0.397798
vt 0.177415 0.398358
vt 0.182395 0.169925
vt 0.172137 0.401063
vt 0.176754 0.172598
vt 0.168452 0.405439
vt 0.172638 0.176874
vt 0.166117 0.410718
vt 0.170056 0.182006
vt 0.163076 0.415960
vt 0.167268 0.187099
vt 0.158359 0.420234
vt 0.162784 0.191225
vt 0.152390 0.422794
vt 0.156882 0.193667
vt 0.146027 0.423196
vt 0.150378 0.194001
vt 0.140231 0.421370
vt 0.144249 0.192167
vt 0.135817 0.417635
vt 0.139377 0.188482
vt 0.133098 0.412643
vt 0.136206 0.183589
vt 0.130831 0.407260
vt 0.133823 0.178344
vt 0.127066 0.402401
vt 0.130132 0.173667
vt 0.121712 0.398821
vt 0.124803 0.170374
vt 0.195119 0.170902
vt 0.189873 0.399518
vt 0.881551 0.790311
vt 0.871512 0.788880
vt 0.868040 0.783822
vt 0.877583 0.785403
vt 0.866192 0.778032
vt 0.874937 0.779700
vt 0.866264 0.772076
vt 0.874021 0.773727
vt 0.868235 0.766576
vt 0.874972 0.768128
vt 0.871803 0.762028
vt 0.877662 0.763456
vt 0.876439 0.758626
vt 0.881730 0.759931
vt 0.881492 0.755897
vt 0.886644 0.757097
vt 0.886287 0.752713
vt 0.891767 0.753876
vt 0.890116 0.748358
vt 0.896333 0.749582
vt 0.892356 0.742929
vt 0.899589 0.744299
vt 0.892639 0.736995
vt 0.900997 0.738511
vt 0.890928 0.731258
vt 0.900318 0.732836
vt 0.887534 0.726286
vt 0.897672 0.727805
vt 0.883145 0.722121
vt 0.893624 0.723514
vt 0.886135 0.794413
vt 0.875922 0.793106
vt 0.184021 0.129993
vt 0.190501 0.129227
vt 0.178326 0.133101
vt 0.172999 0.138668
vt 0.170426 0.144112
vt 0.166677 0.149633
vt 0.162146 0.154299
vt 0.156217 0.157035
vt 0.149707 0.157366
vt 0.143587 0.155229
vt 0.138728 0.150993
vt 0.135549 0.145394
vt 0.133067 0.139414
vt 0.129252 0.134131
vt 0.123816 0.130563
vt 0.196804 0.130907
vt 0.262158 0.733280
vt 0.258209 0.738470
vt 0.246650 0.727794
vt 0.250590 0.722596
vt 0.255519 0.744371
vt 0.243984 0.733717
vt 0.253511 0.751625
vt 0.242315 0.740122
vt 0.253121 0.757309
vt 0.241311 0.746790
vt 0.251907 0.763642
vt 0.240311 0.753291
vt 0.250141 0.769842
vt 0.238546 0.759540
vt 0.247174 0.775618
vt 0.235577 0.765352
vt 0.242971 0.780597
vt 0.231359 0.770347
vt 0.237760 0.784478
vt 0.226119 0.774227
vt 0.231907 0.787192
vt 0.220224 0.776929
vt 0.225764 0.789020
vt 0.214031 0.778735
vt 0.219558 0.790592
vt 0.207777 0.780281
vt 0.213467 0.792660
vt 0.201645 0.782323
vt 0.207768 0.795752
vt 0.195921 0.785395
vt 0.267198 0.729143
vt 0.255638 0.718467
vt 0.180263 0.488689
vt 0.183247 0.907090
vt 0.177566 0.904308
vt 0.172705 0.487530
vt 0.172575 0.901732
vt 0.165487 0.484148
vt 0.168909 0.899055
vt 0.160709 0.478470
vt 0.166931 0.897171
vt 0.162522 0.471362
vt 0.165020 0.897416
vt 0.168522 0.469810
vt 0.161362 0.899705
vt 0.169410 0.474139
vt 0.156302 0.902572
vt 0.163457 0.478113
vt 0.150492 0.904946
vt 0.155482 0.480711
vt 0.144712 0.906688
vt 0.147939 0.483057
vt 0.139772 0.907927
vt 0.141763 0.485574
vt 0.136334 0.908692
vt 0.137432 0.488078
vt 0.134181 0.908916
vt 0.134312 0.490150
vt 0.130443 0.908935
vt 0.129683 0.490932
vt 0.125349 0.914704
vt 0.123915 0.484289
vt 0.186610 0.482018
vt 0.188303 0.916062
vt 0.183249 0.469354
vt 0.178366 0.470449
vt 0.185341 0.454020
vt 0.191234 0.455089
vt 0.174830 0.470605
vt 0.178801 0.451577
vt 0.173161 0.471589
vt 0.171853 0.451762
vt 0.170006 0.474528
vt 0.165963 0.451568
vt 0.163002 0.474737
vt 0.162352 0.449731
vt 0.156731 0.469937
vt 0.159866 0.445430
vt 0.153475 0.465845
vt 0.155451 0.441959
vt 0.149843 0.464356
vt 0.149678 0.441426
vt 0.145327 0.464875
vt 0.144212 0.443916
vt 0.140855 0.466553
vt 0.140142 0.448173
vt 0.137373 0.468680
vt 0.137535 0.452927
vt 0.135247 0.470796
vt 0.135940 0.457308
vt 0.133423 0.472427
vt 0.134575 0.460894
vt 0.129917 0.473514
vt 0.131515 0.463991
vt 0.188234 0.467100
vt 0.191888 0.456412
vt 0.809268 0.789453
vt 0.807113 0.783303
vt 0.834258 0.781887
vt 0.837362 0.787577
vt 0.806536 0.776384
vt 0.833039 0.775578
vt 0.805890 0.769235
vt 0.833921 0.769372
vt 0.807842 0.762669
vt 0.836769 0.764051
vt 0.810518 0.757373
vt 0.841074 0.760169
vt 0.814725 0.753689
vt 0.846150 0.757410
vt 0.818899 0.748903
vt 0.851302 0.753784
vt 0.822526 0.742776
vt 0.855868 0.748779
vt 0.825079 0.735894
vt 0.859196 0.742691
vt 0.826095 0.729119
vt 0.860725 0.736109
vt 0.825315 0.723311
vt 0.860112 0.729812
vt 0.822875 0.719051
vt 0.857404 0.724619
vt 0.819400 0.716035
vt 0.853183 0.720790
vt 0.815868 0.712411
vt 0.848635 0.716934
vt 0.808825 0.790598
vt 0.841795 0.790509
vt 0.910980 0.797010
vt 0.907907 0.791491
vt 0.912810 0.794246
vt 0.915029 0.800374
vt 0.905216 0.785895
vt 0.910884 0.788011
vt 0.903766 0.779977
vt 0.909940 0.781672
vt 0.904009 0.773963
vt 0.910541 0.775356
vt 0.906021 0.768329
vt 0.912805 0.769393
vt 0.909566 0.763510
vt 0.916470 0.764129
vt 0.914176 0.759670
vt 0.921039 0.759773
vt 0.919230 0.756452
vt 0.925903 0.756249
vt 0.924000 0.752980
vt 0.930424 0.753033
vt 0.927802 0.748730
vt 0.934016 0.749419
vt 0.930097 0.743720
vt 0.936156 0.744989
vt 0.930543 0.738203
vt 0.936472 0.739824
vt 0.929125 0.732565
vt 0.934976 0.734343
vt 0.926202 0.727234
vt 0.932316 0.728811
vt 0.913311 0.802842
vt 0.916700 0.806519
vt 0.183248 0.929077
vt 0.188352 0.979625
vt 0.182619 0.979221
vt 0.178566 0.925794
vt 0.176333 0.980706
vt 0.173387 0.924005
vt 0.170375 0.983712
vt 0.168813 0.923457
vt 0.165577 0.987641
vt 0.165596 0.924264
vt 0.162411 0.991827
vt 0.163764 0.926470
vt 0.159585 0.995427
vt 0.160959 0.929513
vt 0.155028 0.997525
vt 0.156508 0.932484
vt 0.149014 0.997556
vt 0.150946 0.934595
vt 0.142503 0.995513
vt 0.145156 0.935516
vt 0.136527 0.991896
vt 0.140069 0.935315
vt 0.131909 0.987493
vt 0.136444 0.934244
vt 0.129110 0.983093
vt 0.134738 0.932568
vt 0.127926 0.979177
vt 0.134230 0.930515
vt 0.126062 0.975450
vt 0.132134 0.927213
vt 0.186787 0.932891
vt 0.192784 0.981799
vt 0.441853 0.105893
vt 0.437619 0.125793
vt 0.434871 0.121002
vt 0.439844 0.100852
vt 0.431920 0.115879
vt 0.436253 0.095517
vt 0.427752 0.111166
vt 0.431444 0.090712
vt 0.422329 0.107537
vt 0.426080 0.087236
vt 0.416298 0.105462
vt 0.420912 0.085540
vt 0.410512 0.105133
vt 0.416531 0.085658
vt 0.405712 0.106462
vt 0.412898 0.087207
vt 0.401842 0.108998
vt 0.408582 0.089241
vt 0.397985 0.111934
vt 0.402944 0.091238
vt 0.393540 0.114540
vt 0.396448 0.093018
vt 0.388162 0.116130
vt 0.389833 0.094162
vt 0.382168 0.116273
vt 0.383894 0.094092
vt 0.376399 0.114732
vt 0.379432 0.092415
vt 0.372038 0.111387
vt 0.377011 0.088949
vt 0.442951 0.110427
vt 0.441163 0.129609
vt 0.438498 0.133119
vt 0.434886 0.129010
vt 0.431970 0.124710
vt 0.428284 0.120894
vt 0.423164 0.118104
vt 0.417002 0.116718
vt 0.410374 0.116789
vt 0.403775 0.118024
vt 0.397701 0.119948
vt 0.392716 0.122277
vt 0.388687 0.124617
vt 0.384417 0.126130
vt 0.379491 0.126284
vt 0.374256 0.124936
vt 0.369194 0.122085
vt 0.443418 0.136176
vt 0.849722 0.487707
vt 0.597652 0.474646
vt 0.598115 0.469803
vt 0.850299 0.481750
vt 0.599830 0.465846
vt 0.852461 0.476991
vt 0.602490 0.463045
vt 0.855824 0.473885
vt 0.605706 0.460843
vt 0.859843 0.471709
vt 0.608917 0.457749
vt 0.863901 0.468432
vt 0.611615 0.453469
vt 0.867321 0.463530
vt 0.613334 0.448413
vt 0.869520 0.457524
vt 0.613779 0.443232
vt 0.870116 0.451270
vt 0.612872 0.438612
vt 0.868994 0.445687
vt 0.610761 0.435058
vt 0.866332 0.441496
vt 0.607772 0.432610
vt 0.862563 0.438803
vt 0.604392 0.430187
vt 0.858345 0.436068
vt 0.601241 0.426667
vt 0.854437 0.431823
vt 0.598876 0.422107
vt 0.851537 0.426208
vt 0.850858 0.494007
vt 0.598557 0.479758
vt 0.429428 0.218241
vt 0.423948 0.216967
vt 0.429112 0.182342
vt 0.434954 0.183922
vt 0.419604 0.214398
vt 0.424188 0.179566
vt 0.416710 0.211157
vt 0.420585 0.176242
vt 0.414715 0.207801
vt 0.417784 0.172935
vt 0.411665 0.204787
vt 0.413821 0.170067
vt 0.406737 0.202642
vt 0.407981 0.168141
vt 0.400291 0.201733
vt 0.400863 0.167466
vt 0.393179 0.202117
vt 0.393432 0.168024
vt 0.386418 0.203618
vt 0.386626 0.169591
vt 0.380879 0.205942
vt 0.381149 0.171859
vt 0.376880 0.208738
vt 0.377205 0.174492
vt 0.373299 0.211630
vt 0.373676 0.177093
vt 0.368794 0.214340
vt 0.369202 0.179352
vt 0.363511 0.216918
vt 0.363836 0.181340
vt 0.435318 0.217626
vt 0.440981 0.183705
vt 0.597040 0.474589
vt 0.597536 0.469798
vt 0.597841 0.469846
vt 0.597358 0.474605
vt 0.599203 0.465875
vt 0.599522 0.465979
vt 0.601704 0.462971
vt 0.602071 0.463168
vt 0.604726 0.460528
vt 0.605182 0.460828
vt 0.607779 0.457388
vt 0.608314 0.457664
vt 0.610355 0.453185
vt 0.610956 0.453385
vt 0.611995 0.448254
vt 0.612638 0.448356
vt 0.612402 0.443237
vt 0.613062 0.443219
vt 0.611535 0.438812
vt 0.612170 0.438654
vt 0.609595 0.435400
vt 0.610139 0.435124
vt 0.606864 0.432860
vt 0.607283 0.432579
vt 0.603660 0.430288
vt 0.604008 0.430083
vt 0.600593 0.426733
vt 0.600920 0.426591
vt 0.598244 0.422297
vt 0.598551 0.422101
vt 0.597847 0.479589
vt 0.598212 0.479661
vt 0.431463 0.164587
vt 0.437247 0.166880
vt 0.426692 0.161327
vt 0.423166 0.157797
vt 0.419778 0.154526
vt 0.414819 0.151946
vt 0.408211 0.150490
vt 0.400793 0.150301
vt 0.393504 0.151234
vt 0.387157 0.153008
vt 0.382277 0.155322
vt 0.378692 0.157802
vt 0.375035 0.159886
vt 0.370383 0.161222
vt 0.364820 0.161781
vt 0.443315 0.167583
vt 0.432711 0.147373
vt 0.437639 0.150622
vt 0.429023 0.143539
vt 0.425928 0.139825
vt 0.421785 0.136692
vt 0.415992 0.134607
vt 0.409134 0.133827
vt 0.402018 0.134289
vt 0.395464 0.135763
vt 0.390097 0.137952
vt 0.385964 0.140441
vt 0.382123 0.142584
vt 0.377577 0.143782
vt 0.372283 0.143798
vt 0.366680 0.142506
vt 0.443284 0.152707
vt 0.443162 0.089530
vt 0.445499 0.094909
vt 0.439333 0.084131
vt 0.434433 0.079467
vt 0.429070 0.076378
vt 0.424107 0.075343
vt 0.419953 0.076000
vt 0.415557 0.077429
vt 0.410051 0.079107
vt 0.403515 0.080832
vt 0.396487 0.082291
vt 0.389742 0.082968
vt 0.384155 0.082294
vt 0.380518 0.080058
vt 0.378307 0.076626
vt 0.446216 0.099739
vt 0.450467 0.080937
vt 0.452760 0.086207
vt 0.446598 0.075601
vt 0.441288 0.070725
vt 0.434924 0.067112
vt 0.428603 0.065557
vt 0.423205 0.065843
vt 0.417121 0.066808
vt 0.409842 0.068213
vt 0.401887 0.069900
vt 0.394075 0.071359
vt 0.387309 0.071872
vt 0.382373 0.070866
vt 0.379519 0.068372
vt 0.377124 0.065114
vt 0.453337 0.091029
vt 0.888973 0.787000
vt 0.892998 0.791525
vt 0.845531 0.781564
vt 0.848714 0.787106
vt 0.886139 0.781566
vt 0.844169 0.775415
vt 0.884967 0.775701
vt 0.844855 0.769450
vt 0.885644 0.770034
vt 0.847468 0.764495
vt 0.888093 0.765107
vt 0.851541 0.761021
vt 0.891996 0.761214
vt 0.856439 0.758515
vt 0.896840 0.758200
vt 0.861444 0.755306
vt 0.901976 0.755223
vt 0.865976 0.750833
vt 0.906656 0.751329
vt 0.869409 0.745292
vt 0.910156 0.746343
vt 0.871138 0.739102
vt 0.911919 0.740644
vt 0.870805 0.732909
vt 0.911648 0.734823
vt 0.868415 0.727462
vt 0.909344 0.729516
vt 0.864417 0.723213
vt 0.905329 0.725156
vt 0.859886 0.719321
vt 0.897526 0.795505
vt 0.853169 0.790787
vt 0.900292 0.788805
vt 0.904104 0.793519
vt 0.856730 0.782266
vt 0.860047 0.787614
vt 0.897363 0.783525
vt 0.855149 0.776214
vt 0.895969 0.777721
vt 0.855559 0.770153
vt 0.896384 0.771877
vt 0.857874 0.764754
vt 0.898590 0.766545
vt 0.861673 0.760444
vt 0.902306 0.762151
vt 0.866395 0.757299
vt 0.907048 0.758793
vt 0.871411 0.754631
vt 0.912171 0.755898
vt 0.876068 0.751322
vt 0.916925 0.752416
vt 0.879679 0.746761
vt 0.920591 0.747909
vt 0.881646 0.741148
vt 0.922631 0.742566
vt 0.881614 0.735149
vt 0.922745 0.736822
vt 0.879565 0.729544
vt 0.920901 0.731218
vt 0.875863 0.724919
vt 0.917275 0.726407
vt 0.871300 0.721032
vt 0.907644 0.798375
vt 0.864493 0.791716
vt 0.917488 0.795212
vt 0.919410 0.801282
vt 0.915528 0.789329
vt 0.914314 0.783413
vt 0.914721 0.777349
vt 0.916831 0.771472
vt 0.920335 0.766112
vt 0.924735 0.761482
vt 0.929452 0.757569
vt 0.933968 0.754026
vt 0.937790 0.750157
vt 0.940317 0.745368
vt 0.940959 0.739688
vt 0.939728 0.733683
vt 0.937296 0.727799
vt 0.920233 0.807614
vt 0.921774 0.796140
vt 0.923565 0.801901
vt 0.926250 0.796450
vt 0.927984 0.801586
vt 0.919594 0.790901
vt 0.923850 0.792272
vt 0.917741 0.785744
vt 0.920896 0.788569
vt 0.917838 0.780052
vt 0.919882 0.783844
vt 0.919895 0.774298
vt 0.921696 0.778278
vt 0.923438 0.768767
vt 0.925615 0.772548
vt 0.927945 0.763665
vt 0.930759 0.766899
vt 0.932765 0.758997
vt 0.936276 0.761219
vt 0.937346 0.754562
vt 0.941316 0.755225
vt 0.941224 0.749884
vt 0.945057 0.748728
vt 0.943914 0.744476
vt 0.947189 0.741955
vt 0.944663 0.738273
vt 0.947565 0.735151
vt 0.943569 0.731896
vt 0.946557 0.728671
vt 0.941163 0.725852
vt 0.944207 0.722634
vt 0.923819 0.808209
vt 0.928041 0.807737
vt 0.395716 0.794971
vt 0.399941 0.799000
vt 0.403157 0.803596
vt 0.406632 0.808045
vt 0.411310 0.811650
vt 0.416811 0.813775
vt 0.422420 0.813955
vt 0.427096 0.811643
vt 0.430962 0.807082
vt 0.434968 0.802435
vt 0.438653 0.799689
vt 0.441612 0.799628
vt 0.446297 0.801445
vt 0.452736 0.803140
vt 0.458302 0.806046
vt 0.390353 0.792105
vt 0.394520 0.786024
vt 0.399962 0.788833
vt 0.404204 0.792868
vt 0.407469 0.797291
vt 0.411308 0.801284
vt 0.416774 0.804041
vt 0.423270 0.805081
vt 0.430352 0.804624
vt 0.437370 0.804466
vt 0.442418 0.805163
vt 0.445752 0.804489
vt 0.449023 0.801648
vt 0.452653 0.797905
vt 0.456985 0.795135
vt 0.462340 0.795327
vt 0.388438 0.785170
vt 0.898970 0.699338
vt 0.897608 0.693457
vt 0.895253 0.688325
vt 0.892398 0.684104
vt 0.889741 0.679978
vt 0.888263 0.674648
vt 0.888301 0.668317
vt 0.889775 0.661687
vt 0.892464 0.655582
vt 0.895998 0.650749
vt 0.899848 0.647455
vt 0.903544 0.645064
vt 0.906756 0.641973
vt 0.909097 0.637407
vt 0.910615 0.631717
vt 0.898584 0.705510
vt 0.893467 0.697922
vt 0.891339 0.692256
vt 0.888520 0.687353
vt 0.885493 0.683244
vt 0.883144 0.678752
vt 0.882144 0.673157
vt 0.882666 0.666776
vt 0.884575 0.660248
vt 0.887578 0.654365
vt 0.891312 0.649969
vt 0.895227 0.647310
vt 0.898703 0.644960
vt 0.901264 0.641440
vt 0.902599 0.636560
vt 0.902790 0.630699
vt 0.894227 0.704036
vt 0.828942 0.692675
vt 0.825004 0.688544
vt 0.822016 0.683131
vt 0.820310 0.677175
vt 0.819721 0.671080
vt 0.819482 0.665693
vt 0.820421 0.661804
vt 0.823317 0.659108
vt 0.827303 0.656510
vt 0.831202 0.653019
vt 0.833553 0.648057
vt 0.834320 0.642454
vt 0.833424 0.637301
vt 0.830887 0.633504
vt 0.827018 0.631335
vt 0.833286 0.695109
vt 0.818385 0.693413
vt 0.814916 0.688856
vt 0.812545 0.683579
vt 0.811757 0.678593
vt 0.813067 0.674957
vt 0.816033 0.672697
vt 0.819198 0.670560
vt 0.820789 0.666972
vt 0.821366 0.661284
vt 0.822944 0.654425
vt 0.824363 0.647766
vt 0.824472 0.641714
vt 0.822982 0.636901
vt 0.820052 0.633970
vt 0.816327 0.631868
vt 0.822485 0.696389
vt 0.864059 0.695079
vt 0.859841 0.691316
vt 0.855496 0.687463
vt 0.851920 0.682485
vt 0.849580 0.676663
vt 0.848825 0.670612
vt 0.849859 0.665029
vt 0.852566 0.660531
vt 0.856453 0.657361
vt 0.860800 0.654894
vt 0.864845 0.651504
vt 0.867818 0.646615
vt 0.869195 0.640799
vt 0.868788 0.634881
vt 0.866595 0.629508
vt 0.867269 0.699820
vt 0.855676 0.694170
vt 0.851180 0.690690
vt 0.846985 0.686393
vt 0.843807 0.680985
vt 0.842000 0.675020
vt 0.841857 0.669138
vt 0.843487 0.664016
vt 0.846662 0.660226
vt 0.850778 0.657682
vt 0.855016 0.654985
vt 0.858594 0.651031
vt 0.860864 0.645863
vt 0.861401 0.640064
vt 0.860117 0.634389
vt 0.857133 0.629517
vt 0.859582 0.698223
vt 0.249054 0.838756
vt 0.248896 0.637221
vt 0.255436 0.635749
vt 0.255684 0.838349
vt 0.262263 0.635192
vt 0.262708 0.837532
vt 0.269286 0.634240
vt 0.269888 0.836540
vt 0.276219 0.632889
vt 0.276847 0.835246
vt 0.283068 0.631233
vt 0.283569 0.833798
vt 0.289815 0.629556
vt 0.290054 0.832749
vt 0.296406 0.630048
vt 0.296487 0.832434
vt 0.801054 0.410260
vt 0.599792 0.386189
vt 0.600857 0.379788
vt 0.801825 0.403811
vt 0.820929 0.277647
vt 0.620004 0.304449
vt 0.619452 0.297985
vt 0.820068 0.271209
vt 0.800347 0.130600
vt 0.616070 0.215072
vt 0.613677 0.209044
vt 0.797638 0.124697
vt 0.333343 0.023728
vt 0.631685 0.023945
vt 0.631680 0.030470
vt 0.333339 0.030253
vt 0.240975 0.565210
vt 0.242230 0.620459
vt 0.212603 0.620459
vt 0.211348 0.565210
vt 0.231991 0.327628
vt 0.233683 0.383033
vt 0.204140 0.383033
vt 0.202448 0.327628
vt 0.693338 0.610493
vt 0.694325 0.665724
vt 0.664630 0.665724
vt 0.663643 0.610493
vt 0.724315 0.610918
vt 0.724661 0.665936
vt 0.694966 0.665936
vt 0.694619 0.610918
vt 0.835086 0.024070
vt 0.835081 0.030595
vt 0.243486 0.675708
vt 0.213859 0.675709
vt 0.235375 0.438438
vt 0.205832 0.438438
vt 0.695313 0.720954
vt 0.665618 0.720954
vt 0.725008 0.720954
vt 0.995973 0.977394
vt 0.995981 0.983913
vt 0.889499 0.983415
vt 0.889604 0.976893
vt 0.995914 0.970901
vt 0.889681 0.970396
vt 0.995821 0.964443
vt 0.889721 0.963931
vt 0.995714 0.958006
vt 0.889725 0.957487
vt 0.995621 0.951561
vt 0.889698 0.951035
vt 0.995563 0.945085
vt 0.889653 0.944554
vt 0.995559 0.938575
vt 0.889604 0.938042
vt 0.995617 0.932050
vt 0.889569 0.931517
vt 0.995733 0.925540
vt 0.889559 0.925005
vt 0.995894 0.919063
vt 0.889584 0.918526
vt 0.996081 0.912618
vt 0.889647 0.912076
vt 0.996267 0.906180
vt 0.889744 0.905633
vt 0.996426 0.899721
vt 0.889863 0.899170
vt 0.996536 0.893226
vt 0.889987 0.892674
vt 0.995932 0.990433
vt 0.889382 0.989936
vt 0.733335 0.982969
vt 0.733468 0.976448
vt 0.733582 0.969948
vt 0.733663 0.963478
vt 0.733706 0.957025
vt 0.733709 0.950566
vt 0.733680 0.944081
vt 0.733631 0.937567
vt 0.733579 0.931042
vt 0.733539 0.924530
vt 0.733526 0.918046
vt 0.733551 0.911588
vt 0.733615 0.905137
vt 0.733715 0.898668
vt 0.733840 0.892170
vt 0.733200 0.989490
vt 0.597588 0.981867
vt 0.597857 0.975347
vt 0.598037 0.968845
vt 0.598105 0.962368
vt 0.598058 0.955906
vt 0.597912 0.949438
vt 0.597700 0.942944
vt 0.597466 0.936425
vt 0.597258 0.929896
vt 0.597119 0.923379
vt 0.597082 0.916888
vt 0.597160 0.910423
vt 0.597349 0.903964
vt 0.597624 0.897490
vt 0.597953 0.890991
vt 0.597263 0.988387
vt 0.411086 0.980012
vt 0.411417 0.973493
vt 0.411549 0.966989
vt 0.411470 0.960505
vt 0.411202 0.954031
vt 0.410800 0.947550
vt 0.410340 0.941050
vt 0.409910 0.934528
vt 0.409591 0.927998
vt 0.409447 0.921479
vt 0.409510 0.914983
vt 0.409777 0.908509
vt 0.410211 0.902042
vt 0.410748 0.895562
vt 0.411308 0.889061
vt 0.410600 0.986530
vt 0.103198 0.012145
vt 0.109718 0.012531
vt 0.104585 0.258516
vt 0.098067 0.258210
vt 0.096689 0.011973
vt 0.091559 0.257977
vt 0.090199 0.012019
vt 0.085065 0.257834
vt 0.083718 0.012257
vt 0.078578 0.257791
vt 0.077231 0.012631
vt 0.072085 0.257839
vt 0.070723 0.013063
vt 0.065574 0.257959
vt 0.064196 0.013465
vt 0.059045 0.258116
vt 0.057662 0.013755
vt 0.052510 0.258270
vt 0.051143 0.013870
vt 0.045982 0.258382
vt 0.044649 0.013777
vt 0.039473 0.258421
vt 0.038181 0.013477
vt 0.032981 0.258364
vt 0.031721 0.013004
vt 0.026496 0.258206
vt 0.025250 0.012415
vt 0.020004 0.257952
vt 0.018757 0.011787
vt 0.013499 0.257596
vt 0.116233 0.013085
vt 0.111101 0.258889
vt 0.095411 0.533222
vt 0.088895 0.532940
vt 0.082389 0.532688
vt 0.075893 0.532498
vt 0.069404 0.532392
vt 0.062911 0.532374
vt 0.056408 0.532437
vt 0.049894 0.532556
vt 0.043376 0.532700
vt 0.036861 0.532830
vt 0.030356 0.532912
vt 0.023861 0.532920
vt 0.017368 0.532839
vt 0.010869 0.532674
vt 0.004357 0.532443
vt 0.101929 0.533492
vt 0.223223 0.044135
vt 0.229505 0.044050
vt 0.235594 0.043815
vt 0.241481 0.043028
vt 0.247196 0.041514
vt 0.252778 0.039138
vt 0.258282 0.035756
vt 0.263788 0.031433
vt 0.269408 0.026610
vt 0.275225 0.021901
vt 0.281258 0.017725
vt 0.287477 0.014254
vt 0.293841 0.011572
vt 0.300305 0.009781
vt 0.306788 0.008798
vt 0.216799 0.044417
vt 0.481843 0.590807
vt 0.488380 0.591303
vt 0.488154 0.799648
vt 0.482225 0.799484
vt 0.494900 0.591666
vt 0.494322 0.799794
vt 0.501403 0.591812
vt 0.500738 0.799876
vt 0.507900 0.591723
vt 0.507150 0.799888
vt 0.514400 0.591418
vt 0.513564 0.799832
vt 0.520912 0.590956
vt 0.519986 0.799722
vt 0.527431 0.590425
vt 0.526721 0.799587
vt 0.533945 0.589895
vt 0.533811 0.799428
vt 0.540457 0.589458
vt 0.540751 0.799272
vt 0.546961 0.589207
vt 0.547491 0.799164
vt 0.553455 0.589181
vt 0.554224 0.799117
vt 0.559946 0.589381
vt 0.560956 0.799138
vt 0.566445 0.589767
vt 0.567692 0.799216
vt 0.572959 0.590266
vt 0.574323 0.799332
vt 0.475312 0.590262
vt 0.475994 0.799331
vt 0.481495 0.397199
vt 0.488585 0.397438
vt 0.495429 0.397596
vt 0.502013 0.397623
vt 0.508588 0.397523
vt 0.515167 0.397317
vt 0.521761 0.397046
vt 0.528081 0.396765
vt 0.534072 0.396500
vt 0.540195 0.396300
vt 0.546482 0.396215
vt 0.552753 0.396256
vt 0.559021 0.396412
vt 0.565300 0.396652
vt 0.571703 0.396926
vt 0.474693 0.396920
vt 0.881406 0.396926
vt 0.888118 0.397414
vt 0.887891 0.578050
vt 0.881774 0.577666
vt 0.894742 0.397678
vt 0.894154 0.578348
vt 0.901267 0.397689
vt 0.900572 0.578513
vt 0.907780 0.397476
vt 0.906997 0.578547
vt 0.914296 0.397103
vt 0.913442 0.578473
vt 0.920827 0.396662
vt 0.919919 0.578330
vt 0.927279 0.396255
vt 0.926610 0.578174
vt 0.933629 0.395968
vt 0.933520 0.578042
vt 0.940032 0.395880
vt 0.940285 0.577982
vt 0.946481 0.396037
vt 0.946884 0.578043
vt 0.952893 0.396432
vt 0.953485 0.578234
vt 0.959285 0.397021
vt 0.960101 0.578542
vt 0.965676 0.397725
vt 0.966745 0.578931
vt 0.972121 0.398483
vt 0.973339 0.579278
vt 0.874803 0.396241
vt 0.875449 0.577314
vt 0.893161 0.221113
vt 0.899451 0.221471
vt 0.905812 0.221714
vt 0.912245 0.221821
vt 0.918674 0.221799
vt 0.925117 0.221676
vt 0.931591 0.221503
vt 0.938200 0.221339
vt 0.944937 0.221230
vt 0.951590 0.221216
vt 0.958138 0.221332
vt 0.964668 0.221582
vt 0.971198 0.221949
vt 0.977751 0.222395
vt 0.984286 0.222901
vt 0.886760 0.220636
vt 0.892745 0.015767
vt 0.899712 0.016055
vt 0.906486 0.016261
vt 0.913043 0.016356
vt 0.919568 0.016352
vt 0.926086 0.016277
vt 0.932616 0.016171
vt 0.938951 0.016084
vt 0.945056 0.016042
vt 0.951283 0.016077
vt 0.957637 0.016221
vt 0.963948 0.016470
vt 0.970236 0.016805
vt 0.976526 0.017185
vt 0.982935 0.017487
vt 0.886002 0.015493
vt 0.843348 0.507113
vt 0.843066 0.513627
vt 0.635475 0.506049
vt 0.635872 0.499537
vt 0.842733 0.520114
vt 0.635181 0.512541
vt 0.842366 0.526565
vt 0.635001 0.519008
vt 0.841987 0.532994
vt 0.634923 0.525460
vt 0.841620 0.539431
vt 0.634921 0.531922
vt 0.841287 0.545902
vt 0.634952 0.538413
vt 0.841004 0.552409
vt 0.634971 0.544932
vt 0.840782 0.558933
vt 0.634934 0.551462
vt 0.840617 0.565444
vt 0.634807 0.557976
vt 0.840498 0.571922
vt 0.634573 0.564457
vt 0.840406 0.578370
vt 0.634231 0.570907
vt 0.840315 0.584809
vt 0.633798 0.577346
vt 0.840198 0.591269
vt 0.633308 0.583802
vt 0.840036 0.597761
vt 0.632805 0.590286
vt 0.843571 0.500596
vt 0.636343 0.493029
vt 0.880278 0.345710
vt 0.877405 0.344192
vt 0.884661 0.341688
vt 0.891231 0.343924
vt 0.871196 0.341091
vt 0.876987 0.337871
vt 0.880785 0.331731
vt 0.889951 0.335034
vt 0.895267 0.338085
vt 0.603179 0.614094
vt 0.572279 0.613644
vt 0.572443 0.597238
vt 0.603236 0.597650
vt 0.541591 0.613139
vt 0.541829 0.596775
vt 0.542140 0.575405
vt 0.572699 0.575837
vt 0.603427 0.576225
vt 0.599897 0.691521
vt 0.601322 0.661705
vt 0.632695 0.661688
vt 0.631226 0.691411
vt 0.602761 0.631663
vt 0.634194 0.631758
vt 0.666311 0.631264
vt 0.664968 0.661135
vt 0.663651 0.690874
vt 0.634435 0.597933
vt 0.634522 0.614315
vt 0.634550 0.576578
vt 0.666285 0.576907
vt 0.666247 0.598022
vt 0.666491 0.614183
vt 0.604055 0.521243
vt 0.603275 0.492414
vt 0.634412 0.493101
vt 0.635338 0.521836
vt 0.602424 0.463365
vt 0.633428 0.464132
vt 0.665608 0.465331
vt 0.666473 0.494320
vt 0.667307 0.522995
vt 0.599421 0.779561
vt 0.599498 0.764840
vt 0.631328 0.764716
vt 0.631302 0.779445
vt 0.599568 0.746217
vt 0.631313 0.746088
vt 0.664172 0.745690
vt 0.664241 0.764356
vt 0.664231 0.779113
vt 0.698128 0.659786
vt 0.696973 0.689807
vt 0.699206 0.629801
vt 0.735082 0.626076
vt 0.734122 0.654882
vt 0.733120 0.684533
vt 0.698922 0.597839
vt 0.699288 0.613510
vt 0.698904 0.577219
vt 0.734815 0.577544
vt 0.734850 0.597390
vt 0.735242 0.612161
vt 0.699423 0.496382
vt 0.700066 0.525121
vt 0.698745 0.467133
vt 0.734605 0.473811
vt 0.735221 0.502095
vt 0.735833 0.529470
vt 0.697902 0.763881
vt 0.697865 0.778716
vt 0.697822 0.745070
vt 0.734549 0.744412
vt 0.734626 0.763657
vt 0.734564 0.778780
vt 0.762562 0.898379
vt 0.766678 0.869191
vt 0.808273 0.862429
vt 0.804095 0.886640
vt 0.771097 0.839959
vt 0.812547 0.838062
vt 0.853963 0.835907
vt 0.850214 0.854316
vt 0.846441 0.872667
vt 0.772757 0.823135
vt 0.772754 0.806788
vt 0.814184 0.806811
vt 0.814159 0.822905
vt 0.772845 0.785395
vt 0.814285 0.785743
vt 0.855551 0.786154
vt 0.855433 0.807065
vt 0.855359 0.823004
vt 0.772007 0.731172
vt 0.768283 0.703137
vt 0.809765 0.710455
vt 0.813397 0.733728
vt 0.764674 0.674833
vt 0.806141 0.686876
vt 0.848224 0.701798
vt 0.851501 0.719439
vt 0.854709 0.736730
vt 0.787072 0.982803
vt 0.781957 0.968837
vt 0.822884 0.953921
vt 0.827907 0.967697
vt 0.775532 0.951142
vt 0.816560 0.936466
vt 0.859291 0.921053
vt 0.865585 0.938494
vt 0.870568 0.952262
vt 0.889731 0.834558
vt 0.887208 0.847425
vt 0.916143 0.833726
vt 0.914845 0.842365
vt 0.913487 0.850917
vt 0.884619 0.860230
vt 0.855909 0.749287
vt 0.891207 0.749697
vt 0.891084 0.765635
vt 0.855747 0.765239
vt 0.917202 0.749913
vt 0.917104 0.765877
vt 0.916946 0.786797
vt 0.890910 0.786536
vt 0.886076 0.715368
vt 0.888274 0.727350
vt 0.914624 0.725649
vt 0.915722 0.733258
vt 0.916752 0.740570
vt 0.890387 0.739007
vt 0.847848 0.889543
vt 0.886540 0.875495
vt 0.891586 0.889499
vt 0.852878 0.903488
vt 0.915878 0.864964
vt 0.920903 0.879023
vt 0.927300 0.896678
vt 0.898002 0.907112
vt 0.756088 0.110681
vt 0.756223 0.113713
vt 0.702616 0.113543
vt 0.702476 0.110527
vt 0.756362 0.116822
vt 0.702759 0.116635
vt 0.634382 0.116237
vt 0.634223 0.112993
vt 0.634068 0.109827
vt 0.756604 0.126539
vt 0.756742 0.143295
vt 0.703100 0.143293
vt 0.703009 0.126494
vt 0.756837 0.164894
vt 0.703166 0.164882
vt 0.634738 0.164802
vt 0.634700 0.143145
vt 0.634637 0.126272
vt 0.756852 0.211463
vt 0.756881 0.213577
vt 0.703185 0.213527
vt 0.703181 0.211399
vt 0.756953 0.215499
vt 0.703224 0.215419
vt 0.634643 0.215802
vt 0.634669 0.213804
vt 0.634709 0.211555
vt 0.756550 0.026431
vt 0.756333 0.041365
vt 0.702707 0.040746
vt 0.702922 0.025806
vt 0.756084 0.060285
vt 0.702464 0.059681
vt 0.634044 0.058631
vt 0.634282 0.039652
vt 0.634487 0.024668
vt 0.567440 0.112424
vt 0.567282 0.109066
vt 0.567603 0.115862
vt 0.503224 0.115508
vt 0.503093 0.111945
vt 0.502970 0.108459
vt 0.567884 0.142984
vt 0.567843 0.126053
vt 0.567897 0.164698
vt 0.503402 0.164528
vt 0.503414 0.142775
vt 0.503402 0.125805
vt 0.567745 0.214092
vt 0.567818 0.211679
vt 0.567672 0.216245
vt 0.503183 0.216419
vt 0.503255 0.214172
vt 0.503322 0.211659
vt 0.567495 0.038524
vt 0.567680 0.023496
vt 0.567273 0.057548
vt 0.503041 0.056684
vt 0.503235 0.037625
vt 0.503389 0.022564
vt 0.441893 0.111583
vt 0.441888 0.108119
vt 0.441905 0.115125
vt 0.379708 0.114752
vt 0.379812 0.111302
vt 0.379922 0.107931
vt 0.441906 0.142488
vt 0.441932 0.125481
vt 0.441870 0.164271
vt 0.379482 0.163957
vt 0.379537 0.142154
vt 0.379595 0.125126
vt 0.441918 0.213900
vt 0.441888 0.211445
vt 0.441940 0.216086
vt 0.379825 0.215578
vt 0.379709 0.213501
vt 0.379584 0.211151
vt 0.442302 0.037075
vt 0.442420 0.021996
vt 0.442141 0.056156
vt 0.380345 0.055922
vt 0.380473 0.036835
vt 0.380556 0.021753
vt 0.312875 0.111127
vt 0.312989 0.107866
vt 0.312768 0.114471
vt 0.241327 0.114295
vt 0.241396 0.111093
vt 0.241475 0.107973
vt 0.312560 0.141807
vt 0.312632 0.124792
vt 0.312492 0.163596
vt 0.241041 0.163245
vt 0.241120 0.141492
vt 0.241202 0.124513
vt 0.312655 0.212956
vt 0.312554 0.210706
vt 0.312748 0.214934
vt 0.241098 0.214186
vt 0.241075 0.212326
vt 0.241040 0.210200
vt 0.313551 0.036895
vt 0.313607 0.021825
vt 0.313450 0.055970
vt 0.241933 0.056271
vt 0.242019 0.037220
vt 0.242060 0.022173
vt 0.165573 0.111163
vt 0.165658 0.108215
vt 0.165501 0.114193
vt 0.089829 0.114073
vt 0.089932 0.111191
vt 0.090048 0.108392
vt 0.165238 0.141252
vt 0.165343 0.124304
vt 0.165148 0.162975
vt 0.089369 0.162832
vt 0.089477 0.141078
vt 0.089622 0.124122
vt 0.165171 0.211768
vt 0.165160 0.209796
vt 0.165162 0.213477
vt 0.089469 0.213150
vt 0.089475 0.211567
vt 0.089454 0.209714
vt 0.166244 0.037658
vt 0.166281 0.022636
vt 0.166159 0.056687
vt 0.090609 0.056939
vt 0.090705 0.037899
vt 0.090752 0.022876
vt 0.018968 0.110848
vt 0.019122 0.108227
vt 0.018826 0.113561
vt 0.201873 0.350194
vt 0.203188 0.348257
vt 0.280789 0.345990
vt 0.280212 0.347217
vt 0.203774 0.346500
vt 0.281338 0.344848
vt 0.018396 0.140656
vt 0.018572 0.123490
vt 0.018276 0.162727
vt 0.191083 0.398096
vt 0.204778 0.373634
vt 0.278675 0.373719
vt 0.278459 0.396561
vt 0.203539 0.357665
vt 0.279080 0.355965
vt 0.018492 0.212054
vt 0.018440 0.210272
vt 0.018515 0.213569
vt 0.201554 0.447776
vt 0.201589 0.446407
vt 0.279233 0.445645
vt 0.279164 0.446976
vt 0.200987 0.444940
vt 0.279266 0.444236
vt 0.019845 0.037627
vt 0.019902 0.022434
vt 0.019741 0.056867
vt 0.206322 0.297168
vt 0.206590 0.277088
vt 0.284124 0.276870
vt 0.283856 0.297199
vt 0.206704 0.261223
vt 0.284233 0.260768
vt 0.120708 0.347753
vt 0.121344 0.346188
vt 0.117294 0.349862
vt 0.053075 0.355481
vt 0.054423 0.352707
vt 0.054993 0.349945
vt 0.076794 0.401302
vt 0.049953 0.401947
vt 0.049363 0.387720
vt 0.073132 0.389581
vt 0.034355 0.401970
vt 0.034160 0.386308
vt 0.034346 0.373129
vt 0.049114 0.375285
vt 0.076847 0.378711
vt 0.119085 0.446951
vt 0.116711 0.445173
vt 0.119057 0.448567
vt 0.052756 0.452739
vt 0.052779 0.450870
vt 0.052090 0.448762
vt 0.124200 0.277518
vt 0.124321 0.261668
vt 0.123924 0.297580
vt 0.057571 0.297994
vt 0.057893 0.277828
vt 0.058039 0.261946
vt 0.024829 0.350073
vt 0.025370 0.347673
vt 0.024212 0.352643
vt 0.013292 0.351415
vt 0.013659 0.348694
vt 0.014194 0.346194
vt 0.596583 0.226084
vt 0.615275 0.225882
vt 0.615191 0.229278
vt 0.596527 0.229074
vt 0.633188 0.225316
vt 0.633096 0.229067
vt 0.632649 0.234801
vt 0.615016 0.234466
vt 0.594182 0.233401
vt 0.028542 0.277637
vt 0.028757 0.261816
vt 0.028106 0.297686
vt 0.017168 0.297539
vt 0.017761 0.277584
vt 0.018073 0.261806
vt 0.692031 0.349311
vt 0.693244 0.345103
vt 0.712489 0.345828
vt 0.711448 0.349642
vt 0.695219 0.339007
vt 0.713940 0.340054
vt 0.739500 0.341517
vt 0.738626 0.347053
vt 0.737925 0.350539
vt 0.704051 0.235514
vt 0.702963 0.229210
vt 0.723026 0.229518
vt 0.723527 0.235539
vt 0.702197 0.225118
vt 0.722441 0.225923
vt 0.749922 0.226822
vt 0.749970 0.230289
vt 0.749590 0.236275
vt 0.694954 0.437659
vt 0.694282 0.421375
vt 0.714695 0.421179
vt 0.715571 0.437432
vt 0.693363 0.400794
vt 0.713564 0.400660
vt 0.740901 0.400157
vt 0.742313 0.420535
vt 0.743442 0.436704
vt 0.771727 0.348970
vt 0.771286 0.352152
vt 0.772582 0.343416
vt 0.805811 0.344742
vt 0.804725 0.349413
vt 0.805793 0.351391
vt 0.783811 0.232681
vt 0.782642 0.239169
vt 0.784550 0.228682
vt 0.820613 0.233108
vt 0.818234 0.237218
vt 0.816914 0.244077
vt 0.776859 0.418950
vt 0.778275 0.434967
vt 0.775103 0.398838
vt 0.814028 0.395819
vt 0.816110 0.415556
vt 0.817810 0.431364
vt 0.830446 0.349836
vt 0.829581 0.353921
vt 0.832342 0.345523
vt 0.850179 0.347865
vt 0.849990 0.351129
vt 0.850509 0.354871
vt 0.867940 0.245821
vt 0.881002 0.252784
vt 0.882699 0.258996
vt 0.868071 0.249977
vt 0.894336 0.266569
vt 0.891276 0.266692
vt 0.886818 0.267705
vt 0.880398 0.263584
vt 0.867955 0.257072
vt 0.857621 0.409334
vt 0.859459 0.424816
vt 0.855601 0.390194
vt 0.887733 0.382140
vt 0.889426 0.402648
vt 0.882484 0.416164
vt 0.928712 0.839812
vt 0.927887 0.846362
vt 0.929522 0.833201
vt 0.936390 0.832932
vt 0.935701 0.838631
vt 0.935026 0.844273
vt 0.942650 0.837473
vt 0.942111 0.842298
vt 0.943219 0.832598
vt 0.949999 0.832254
vt 0.949553 0.836396
vt 0.949148 0.840489
vt 0.916686 0.823780
vt 0.916804 0.807744
vt 0.930094 0.807859
vt 0.929956 0.823895
vt 0.930257 0.786910
vt 0.937193 0.786956
vt 0.937002 0.807897
vt 0.936827 0.823925
vt 0.943857 0.807913
vt 0.943636 0.823915
vt 0.944076 0.786986
vt 0.950913 0.787007
vt 0.950669 0.807920
vt 0.950396 0.823888
vt 0.929500 0.736158
vt 0.930130 0.741377
vt 0.928831 0.730625
vt 0.935867 0.732821
vt 0.936462 0.737430
vt 0.937022 0.741729
vt 0.943414 0.738579
vt 0.943885 0.742068
vt 0.942911 0.734774
vt 0.949951 0.736357
vt 0.950343 0.739498
vt 0.950708 0.742331
vt 0.938524 0.927970
vt 0.933573 0.914173
vt 0.948003 0.909102
vt 0.952949 0.922901
vt 0.941738 0.891608
vt 0.948727 0.889201
vt 0.954988 0.906691
vt 0.959927 0.920485
vt 0.961944 0.904320
vt 0.966877 0.918112
vt 0.955689 0.886843
vt 0.962594 0.884530
vt 0.968843 0.901989
vt 0.973768 0.915777
vt 0.778595 0.113294
vt 0.778767 0.116639
vt 0.778436 0.110052
vt 0.962974 0.837436
vt 0.963193 0.834637
vt 0.969829 0.834086
vt 0.969603 0.836192
vt 0.963437 0.831746
vt 0.970056 0.831826
vt 0.956418 0.835450
vt 0.956744 0.831946
vt 0.956132 0.838888
vt 0.756850 0.202899
vt 0.756868 0.186407
vt 0.779341 0.186488
vt 0.779304 0.203096
vt 0.779311 0.164840
vt 0.964446 0.787055
vt 0.964561 0.766082
vt 0.971232 0.766026
vt 0.971116 0.787104
vt 0.964465 0.750097
vt 0.971122 0.749904
vt 0.957823 0.766108
vt 0.957755 0.750169
vt 0.957708 0.787027
vt 0.951033 0.766104
vt 0.950998 0.750171
vt 0.779301 0.213770
vt 0.779347 0.215871
vt 0.779286 0.211611
vt 0.964215 0.742478
vt 0.964044 0.740409
vt 0.970680 0.740338
vt 0.970840 0.742234
vt 0.963859 0.738147
vt 0.970513 0.738390
vt 0.957242 0.740106
vt 0.956969 0.737462
vt 0.957496 0.742479
vt 0.755747 0.094954
vt 0.755866 0.079481
vt 0.778200 0.079731
vt 0.778086 0.095136
vt 0.778420 0.060538
vt 0.976099 0.879997
vt 0.969877 0.862446
vt 0.976281 0.860259
vt 0.982493 0.877781
vt 0.965196 0.848526
vt 0.971630 0.846411
vt 0.963183 0.864656
vt 0.958460 0.850657
vt 0.969427 0.882247
vt 0.956324 0.866900
vt 0.951547 0.852840
vt 0.626059 0.345494
vt 0.626336 0.341388
vt 0.637618 0.342101
vt 0.637297 0.346314
vt 0.626682 0.335438
vt 0.638026 0.336024
vt 0.646050 0.336459
vt 0.645525 0.342557
vt 0.645125 0.346810
vt 0.652443 0.343019
vt 0.651963 0.347301
vt 0.653062 0.336904
vt 0.659670 0.337291
vt 0.658888 0.343439
vt 0.658344 0.347773
vt 0.644760 0.228888
vt 0.644395 0.234857
vt 0.644797 0.224983
vt 0.652808 0.224864
vt 0.652854 0.228830
vt 0.652699 0.234865
vt 0.660015 0.228698
vt 0.659976 0.234781
vt 0.659889 0.224678
vt 0.666575 0.224492
vt 0.666756 0.228586
vt 0.666857 0.234730
vt 0.624412 0.436094
vt 0.624599 0.419495
vt 0.636411 0.419840
vt 0.636324 0.436347
vt 0.624845 0.398522
vt 0.636471 0.398969
vt 0.644467 0.399331
vt 0.644529 0.420142
vt 0.644512 0.436595
vt 0.651701 0.420423
vt 0.651766 0.436835
vt 0.651510 0.399662
vt 0.658146 0.399972
vt 0.658472 0.420690
vt 0.658630 0.437070
vt 0.680868 0.344631
vt 0.682758 0.338383
vt 0.679870 0.349076
vt 0.671814 0.348651
vt 0.672499 0.344142
vt 0.674002 0.337875
vt 0.665371 0.343791
vt 0.666477 0.337574
vt 0.664800 0.348228
vt 0.706089 0.255656
vt 0.694052 0.254619
vt 0.692829 0.243476
vt 0.705394 0.244122
vt 0.684492 0.254204
vt 0.683387 0.243135
vt 0.681861 0.235029
vt 0.691038 0.235234
vt 0.675012 0.253920
vt 0.674653 0.242890
vt 0.666254 0.253778
vt 0.666689 0.242777
vt 0.673976 0.234829
vt 0.689970 0.228825
vt 0.689407 0.224501
vt 0.681122 0.228665
vt 0.680846 0.224335
vt 0.673588 0.228574
vt 0.673400 0.224350
vt 0.692028 0.363460
vt 0.692530 0.380004
vt 0.680030 0.379883
vt 0.679683 0.363304
vt 0.680691 0.400715
vt 0.672285 0.400512
vt 0.671781 0.379653
vt 0.671576 0.363050
vt 0.664571 0.379364
vt 0.664502 0.362726
vt 0.664922 0.400259
vt 0.657945 0.379038
vt 0.658002 0.362360
vt 0.627240 0.317070
vt 0.610664 0.316563
vt 0.610867 0.301230
vt 0.627282 0.301842
vt 0.593384 0.315911
vt 0.594026 0.300527
vt 0.594894 0.283198
vt 0.611358 0.284033
vt 0.627606 0.284797
vt 0.741062 0.319222
vt 0.717148 0.319637
vt 0.718568 0.304367
vt 0.741973 0.304463
vt 0.700568 0.320122
vt 0.702399 0.304426
vt 0.703814 0.287673
vt 0.719978 0.288537
vt 0.743156 0.289862
vt 0.810637 0.322333
vt 0.775203 0.319993
vt 0.775651 0.305547
vt 0.810848 0.308242
vt 0.776048 0.292026
vt 0.810509 0.295358
vt 0.647297 0.317980
vt 0.638833 0.317555
vt 0.639338 0.302255
vt 0.648400 0.302522
vt 0.640038 0.285316
vt 0.649588 0.285650
vt 0.661687 0.318835
vt 0.654472 0.318409
vt 0.655809 0.302783
vt 0.663191 0.303077
vt 0.657178 0.285873
vt 0.664612 0.286091
vt 0.693735 0.270268
vt 0.684372 0.269890
vt 0.705293 0.271161
vt 0.692483 0.287153
vt 0.683326 0.286791
vt 0.674658 0.269558
vt 0.665581 0.269308
vt 0.673679 0.286416
vt 0.035768 0.431229
vt 0.022626 0.432023
vt 0.022113 0.418290
vt 0.035051 0.417797
vt 0.011187 0.432682
vt 0.010865 0.418573
vt 0.010701 0.402028
vt 0.021686 0.401985
vt 0.722987 0.257690
vt 0.721585 0.272911
vt 0.746506 0.260574
vt 0.744656 0.275410
vt 0.778820 0.264181
vt 0.777051 0.278651
vt 0.813188 0.268533
vt 0.811359 0.282645
vt 0.842861 0.273213
vt 0.840562 0.286881
vt 0.865611 0.278170
vt 0.863279 0.290892
vt 0.861044 0.303424
vt 0.839016 0.299580
vt 0.630069 0.253044
vt 0.642125 0.253591
vt 0.640989 0.268578
vt 0.628677 0.267936
vt 0.651344 0.253779
vt 0.650507 0.268971
vt 0.658881 0.253783
vt 0.658119 0.269160
vt 0.688838 0.320110
vt 0.690984 0.304267
vt 0.679549 0.319726
vt 0.681769 0.303897
vt 0.670273 0.319289
vt 0.672174 0.303474
vt 0.860502 0.330628
vt 0.838174 0.326511
vt 0.838991 0.312660
vt 0.860140 0.316502
vt 0.599451 0.701993
vt 0.569529 0.701685
vt 0.569857 0.691142
vt 0.599527 0.703238
vt 0.569552 0.702976
vt 0.540266 0.702518
vt 0.540283 0.701189
vt 0.540441 0.690596
vt 0.895396 0.264327
vt 0.910010 0.283303
vt 0.902858 0.274856
vt 0.892735 0.422890
vt 0.892052 0.421804
vt 0.900825 0.402315
vt 0.901491 0.403339
vt 0.900263 0.377121
vt 0.901081 0.376321
vt 0.906353 0.313807
vt 0.904024 0.312798
vt 0.906690 0.293535
vt 0.903568 0.283332
vt 0.663263 0.701336
vt 0.630783 0.701851
vt 0.663428 0.702596
vt 0.630914 0.703099
vt 0.602046 0.451999
vt 0.632966 0.452793
vt 0.599439 0.791279
vt 0.599368 0.789201
vt 0.631279 0.789097
vt 0.631412 0.791172
vt 0.664227 0.788790
vt 0.664412 0.790863
vt 0.665166 0.453975
vt 0.732805 0.695619
vt 0.696558 0.700333
vt 0.733152 0.697719
vt 0.696762 0.701577
vt 0.698348 0.455647
vt 0.697863 0.788424
vt 0.698151 0.790474
vt 0.734558 0.788631
vt 0.734956 0.790670
vt 0.734254 0.462738
vt 0.845129 0.879321
vt 0.802619 0.895143
vt 0.845232 0.880570
vt 0.802645 0.896252
vt 0.761316 0.909967
vt 0.761232 0.908693
vt 0.763253 0.663856
vt 0.804657 0.677364
vt 0.792223 0.993208
vt 0.790788 0.991720
vt 0.831599 0.976513
vt 0.833067 0.977953
vt 0.874272 0.961063
vt 0.875824 0.962440
vt 0.846861 0.694311
vt 0.913014 0.854391
vt 0.883728 0.865082
vt 0.913171 0.855762
vt 0.883865 0.866396
vt 0.885118 0.709804
vt 0.912960 0.947172
vt 0.914547 0.948544
vt 0.942215 0.936780
vt 0.943808 0.938168
vt 0.914085 0.721572
vt 0.633930 0.107379
vt 0.702345 0.108173
vt 0.633809 0.104928
vt 0.702228 0.105786
vt 0.755853 0.106102
vt 0.755964 0.108389
vt 0.757155 0.216749
vt 0.703330 0.216549
vt 0.757064 0.015266
vt 0.756833 0.016532
vt 0.703166 0.015898
vt 0.703307 0.014697
vt 0.634669 0.014699
vt 0.634706 0.013494
vt 0.634622 0.216957
vt 0.502878 0.105840
vt 0.567152 0.106517
vt 0.502797 0.103295
vt 0.567039 0.104014
vt 0.567615 0.217448
vt 0.567818 0.013466
vt 0.567842 0.012255
vt 0.503504 0.012490
vt 0.503518 0.011272
vt 0.503122 0.217654
vt 0.380003 0.105311
vt 0.441885 0.105480
vt 0.380038 0.102711
vt 0.441864 0.102897
vt 0.441952 0.217296
vt 0.442510 0.011900
vt 0.442525 0.010681
vt 0.380630 0.011654
vt 0.380652 0.010434
vt 0.379909 0.216753
vt 0.241568 0.105466
vt 0.313087 0.105291
vt 0.241629 0.102914
vt 0.313142 0.102707
vt 0.312813 0.216078
vt 0.313690 0.011744
vt 0.313722 0.010525
vt 0.242147 0.012126
vt 0.242198 0.010913
vt 0.241114 0.215288
vt 0.090187 0.106024
vt 0.165768 0.105783
vt 0.090281 0.103517
vt 0.165844 0.103257
vt 0.165128 0.214526
vt 0.166352 0.012626
vt 0.166387 0.011422
vt 0.090798 0.012879
vt 0.090814 0.011681
vt 0.089404 0.214154
vt 0.204331 0.345205
vt 0.281878 0.344107
vt 0.204782 0.343736
vt 0.282318 0.343146
vt 0.019290 0.106000
vt 0.019402 0.103613
vt 0.018488 0.214553
vt 0.019928 0.012378
vt 0.019966 0.011183
vt 0.206815 0.250924
vt 0.206904 0.249688
vt 0.284467 0.249096
vt 0.284377 0.250331
vt 0.201513 0.448754
vt 0.279080 0.447941
vt 0.055512 0.347994
vt 0.121923 0.345110
vt 0.055922 0.346013
vt 0.122384 0.343831
vt 0.118914 0.449595
vt 0.124358 0.251384
vt 0.124293 0.250151
vt 0.057975 0.251654
vt 0.057749 0.250421
vt 0.052527 0.453870
vt 0.590576 0.346739
vt 0.576546 0.345764
vt 0.576681 0.343833
vt 0.590698 0.344865
vt 0.564547 0.344812
vt 0.564677 0.342824
vt 0.564904 0.340833
vt 0.576912 0.341817
vt 0.590923 0.342817
vt 0.023316 0.456158
vt 0.023407 0.454970
vt 0.028612 0.251557
vt 0.028436 0.250326
vt 0.017856 0.251606
vt 0.017724 0.250389
vt 0.012639 0.456944
vt 0.012596 0.455722
vt 0.737770 0.352091
vt 0.711123 0.351460
vt 0.737910 0.353293
vt 0.711204 0.352902
vt 0.691600 0.352769
vt 0.691591 0.351291
vt 0.701811 0.223263
vt 0.722116 0.224200
vt 0.695615 0.449732
vt 0.695493 0.448414
vt 0.716318 0.448162
vt 0.716469 0.449476
vt 0.744375 0.447370
vt 0.744550 0.448678
vt 0.749792 0.225103
vt 0.806467 0.353359
vt 0.771235 0.353296
vt 0.806662 0.355201
vt 0.771383 0.353969
vt 0.784754 0.226769
vt 0.779350 0.445525
vt 0.779559 0.446825
vt 0.819106 0.441779
vt 0.819445 0.443079
vt 0.824992 0.231857
vt 0.880828 0.347419
vt 0.850302 0.357699
vt 0.865939 0.350027
vt 0.881509 0.348764
vt 0.850693 0.360610
vt 0.869231 0.239614
vt 0.852511 0.236978
vt 0.861189 0.434805
vt 0.861930 0.436066
vt 0.934750 0.846812
vt 0.927576 0.849206
vt 0.934868 0.848205
vt 0.927721 0.850612
vt 0.948979 0.842463
vt 0.941892 0.844552
vt 0.949065 0.843764
vt 0.941995 0.845914
vt 0.928431 0.727223
vt 0.956588 0.931727
vt 0.958077 0.933188
vt 0.963498 0.929334
vt 0.964865 0.930881
vt 0.935476 0.729713
vt 0.942563 0.731935
vt 0.970387 0.927000
vt 0.971677 0.928614
vt 0.977227 0.924692
vt 0.978406 0.926352
vt 0.949672 0.733773
vt 0.778308 0.107869
vt 0.778196 0.105842
vt 0.962876 0.839883
vt 0.962845 0.838819
vt 0.969437 0.837212
vt 0.969416 0.838093
vt 0.955996 0.840573
vt 0.956058 0.841768
vt 0.963730 0.736144
vt 0.970404 0.736825
vt 0.991475 0.921634
vt 0.990603 0.920117
vt 0.996973 0.917934
vt 0.997670 0.919199
vt 0.779252 0.015228
vt 0.779183 0.016712
vt 0.779358 0.217478
vt 0.956775 0.735137
vt 0.983989 0.922383
vt 0.985024 0.924025
vt 0.644955 0.348913
vt 0.637162 0.348411
vt 0.644925 0.350547
vt 0.637148 0.350060
vt 0.625911 0.349285
vt 0.625933 0.347588
vt 0.658110 0.349874
vt 0.651758 0.349402
vt 0.658056 0.351460
vt 0.651714 0.351013
vt 0.633261 0.223596
vt 0.644846 0.223205
vt 0.624384 0.448560
vt 0.624359 0.447168
vt 0.636215 0.447191
vt 0.636220 0.448503
vt 0.644397 0.447416
vt 0.644389 0.448736
vt 0.652797 0.223065
vt 0.659838 0.222857
vt 0.651668 0.447619
vt 0.651658 0.448932
vt 0.658579 0.447832
vt 0.658570 0.449140
vt 0.666493 0.222643
vt 0.679478 0.351139
vt 0.679440 0.352613
vt 0.671469 0.352287
vt 0.671524 0.350769
vt 0.664551 0.350343
vt 0.664493 0.351894
vt 0.680700 0.222403
vt 0.689125 0.222575
vt 0.673482 0.449600
vt 0.673429 0.448276
vt 0.682287 0.448393
vt 0.682379 0.449713
vt 0.673301 0.222456
vt 0.665681 0.448088
vt 0.665693 0.449414
vt 0.599567 0.705643
vt 0.569555 0.705425
vt 0.599586 0.712581
vt 0.569509 0.712402
vt 0.540123 0.712011
vt 0.540230 0.705002
vt 0.891399 0.419886
vt 0.900387 0.401642
vt 0.899311 0.378921
vt 0.663537 0.705021
vt 0.630992 0.705508
vt 0.663695 0.711984
vt 0.631079 0.712449
vt 0.599369 0.786615
vt 0.631264 0.786506
vt 0.664193 0.786191
vt 0.733355 0.701032
vt 0.696886 0.704030
vt 0.733693 0.708943
vt 0.697122 0.711063
vt 0.697806 0.785821
vt 0.734487 0.786006
vt 0.845717 0.882943
vt 0.803092 0.898496
vt 0.805177 0.904998
vt 0.763981 0.919088
vt 0.761830 0.912368
vt 0.789583 0.989445
vt 0.830382 0.974258
vt 0.873029 0.958821
vt 0.913711 0.858251
vt 0.884383 0.868833
vt 0.911703 0.944933
vt 0.909248 0.938370
vt 0.940969 0.934537
vt 0.633704 0.101394
vt 0.702132 0.102309
vt 0.633682 0.093490
vt 0.702115 0.094454
vt 0.755766 0.102722
vt 0.756699 0.019178
vt 0.703058 0.018545
vt 0.634603 0.017370
vt 0.502707 0.099675
vt 0.566934 0.100433
vt 0.502689 0.091693
vt 0.566910 0.092487
vt 0.567776 0.016162
vt 0.503469 0.015203
vt 0.380014 0.099041
vt 0.441809 0.099241
vt 0.380024 0.091010
vt 0.441805 0.091224
vt 0.442482 0.014621
vt 0.380605 0.014376
vt 0.241612 0.099287
vt 0.313127 0.099053
vt 0.241622 0.091293
vt 0.313140 0.091035
vt 0.313653 0.014459
vt 0.242103 0.014827
vt 0.090263 0.099927
vt 0.165825 0.099653
vt 0.090262 0.091951
vt 0.165831 0.091675
vt 0.166317 0.015312
vt 0.090780 0.015557
vt 0.205059 0.341043
vt 0.282581 0.340904
vt 0.205346 0.333483
vt 0.282858 0.333641
vt 0.019388 0.100123
vt 0.019386 0.092169
vt 0.019924 0.015056
vt 0.206768 0.253617
vt 0.284303 0.253050
vt 0.056171 0.342842
vt 0.122672 0.341278
vt 0.056474 0.334850
vt 0.122963 0.333817
vt 0.124369 0.254072
vt 0.058057 0.254344
vt 0.590207 0.358332
vt 0.576136 0.357532
vt 0.576523 0.349052
vt 0.590566 0.349963
vt 0.564164 0.356804
vt 0.564527 0.348174
vt 0.028750 0.254237
vt 0.018050 0.254262
vt 0.738188 0.355956
vt 0.711445 0.355756
vt 0.738667 0.363481
vt 0.711833 0.363528
vt 0.691765 0.355613
vt 0.695290 0.445549
vt 0.716053 0.445307
vt 0.744063 0.444535
vt 0.807249 0.356776
vt 0.771649 0.356032
vt 0.810344 0.360833
vt 0.772219 0.363015
vt 0.779016 0.442724
vt 0.818689 0.439022
vt 0.880863 0.351906
vt 0.850750 0.362115
vt 0.874424 0.353656
vt 0.850959 0.363342
vt 0.860518 0.432211
vt 0.935392 0.850701
vt 0.928262 0.853122
vt 0.937494 0.857435
vt 0.930407 0.859857
vt 0.949550 0.846168
vt 0.942501 0.848378
vt 0.944552 0.855095
vt 0.955377 0.929471
vt 0.962335 0.927057
vt 0.969266 0.924695
vt 0.976146 0.922367
vt 0.778110 0.102714
vt 0.963296 0.842055
vt 0.969778 0.840087
vt 0.956516 0.844070
vt 0.989616 0.917794
vt 0.996028 0.915642
vt 0.987257 0.911204
vt 0.993672 0.909042
vt 0.779045 0.019351
vt 0.778891 0.026602
vt 0.982956 0.920054
vt 0.980588 0.913466
vt 0.644971 0.353530
vt 0.637209 0.353056
vt 0.644837 0.361550
vt 0.637074 0.361096
vt 0.625811 0.360439
vt 0.625974 0.352331
vt 0.658091 0.354397
vt 0.651751 0.353976
vt 0.651631 0.361968
vt 0.624332 0.444170
vt 0.636231 0.444325
vt 0.644420 0.444548
vt 0.651689 0.444765
vt 0.658587 0.444986
vt 0.679542 0.355443
vt 0.671534 0.355158
vt 0.664537 0.354798
vt 0.673359 0.445405
vt 0.682155 0.445527
vt 0.673268 0.437494
vt 0.681954 0.437633
vt 0.665660 0.445215
vt 0.665648 0.437297
vt 0.604272 0.531875
vt 0.573400 0.531612
vt 0.573350 0.521021
vt 0.604081 0.538375
vt 0.573276 0.538054
vt 0.542686 0.537697
vt 0.542776 0.531313
vt 0.542928 0.520776
vt 0.603228 0.620613
vt 0.634690 0.620782
vt 0.666777 0.620450
vt 0.635617 0.532403
vt 0.635332 0.538857
vt 0.667594 0.533400
vt 0.667220 0.539651
vt 0.699641 0.619299
vt 0.735562 0.616844
vt 0.700364 0.535194
vt 0.699949 0.540958
vt 0.736217 0.538259
vt 0.735858 0.542932
vt 0.772706 0.829414
vt 0.814089 0.829113
vt 0.855279 0.829053
vt 0.773329 0.747636
vt 0.773364 0.741340
vt 0.814726 0.742322
vt 0.814721 0.748553
vt 0.855880 0.743221
vt 0.890590 0.829501
vt 0.890675 0.823411
vt 0.916599 0.829976
vt 0.891165 0.743640
vt 0.917162 0.743816
vt 0.756485 0.119478
vt 0.702896 0.119351
vt 0.634529 0.119052
vt 0.756840 0.209504
vt 0.703190 0.209434
vt 0.703199 0.202832
vt 0.634744 0.209523
vt 0.634762 0.202870
vt 0.567746 0.118775
vt 0.503335 0.118486
vt 0.567869 0.209572
vt 0.567895 0.202874
vt 0.503357 0.209505
vt 0.503373 0.202777
vt 0.441926 0.118123
vt 0.379643 0.117743
vt 0.441851 0.209302
vt 0.441827 0.202561
vt 0.379482 0.209029
vt 0.379425 0.202276
vt 0.312693 0.117423
vt 0.241265 0.117180
vt 0.312466 0.208621
vt 0.312419 0.201883
vt 0.240995 0.208171
vt 0.240969 0.201464
vt 0.165426 0.117004
vt 0.089732 0.116831
vt 0.165131 0.207826
vt 0.165106 0.201140
vt 0.089425 0.207768
vt 0.089387 0.201065
vt 0.018704 0.116199
vt 0.199200 0.351912
vt 0.279605 0.348829
vt 0.018393 0.208353
vt 0.018336 0.201568
vt 0.199191 0.443505
vt 0.279225 0.442886
vt 0.204290 0.437685
vt 0.279029 0.436431
vt 0.108198 0.352490
vt 0.127378 0.356313
vt 0.087250 0.360665
vt 0.063774 0.359541
vt 0.038684 0.360587
vt 0.050231 0.357978
vt 0.109596 0.443486
vt 0.130744 0.439052
vt 0.050088 0.446692
vt 0.039389 0.444304
vt 0.067116 0.443411
vt 0.091594 0.440190
vt 0.023581 0.354860
vt 0.022949 0.358096
vt 0.012177 0.356329
vt 0.013426 0.353456
vt 0.631518 0.242531
vt 0.614771 0.241580
vt 0.614041 0.251864
vt 0.597549 0.250579
vt 0.597372 0.240490
vt 0.697931 0.331153
vt 0.715537 0.331487
vt 0.740272 0.332014
vt 0.748307 0.246900
vt 0.723572 0.245085
vt 0.773965 0.333284
vt 0.808390 0.335199
vt 0.815165 0.254983
vt 0.780861 0.250261
vt 0.834850 0.338878
vt 0.852940 0.340050
vt 0.888014 0.273353
vt 0.879751 0.271108
vt 0.889252 0.282908
vt 0.879605 0.281421
vt 0.867083 0.266469
vt 0.929854 0.830101
vt 0.936710 0.830124
vt 0.943512 0.830081
vt 0.950254 0.830004
vt 0.930418 0.743943
vt 0.930471 0.750030
vt 0.937294 0.744000
vt 0.937361 0.750083
vt 0.944127 0.744070
vt 0.944203 0.750136
vt 0.950908 0.744121
vt 0.963593 0.829975
vt 0.970201 0.830262
vt 0.963816 0.823965
vt 0.970465 0.824221
vt 0.778900 0.119250
vt 0.779031 0.126247
vt 0.956950 0.829940
vt 0.957123 0.823884
vt 0.964316 0.744037
vt 0.970938 0.743765
vt 0.779281 0.209695
vt 0.957643 0.744126
vt 0.627008 0.327713
vt 0.638416 0.328249
vt 0.646585 0.328724
vt 0.653659 0.329198
vt 0.660574 0.329629
vt 0.652105 0.242908
vt 0.643367 0.242857
vt 0.659527 0.242830
vt 0.676683 0.330360
vt 0.685782 0.330806
vt 0.668264 0.329997
vt 0.862153 0.340460
vt 0.862907 0.345006
vt 0.867106 0.337104
vt 0.844894 0.260203
vt 0.846345 0.249412
vt 0.579687 0.314896
vt 0.580681 0.299778
vt 0.567804 0.313657
vt 0.569045 0.298905
vt 0.570254 0.281785
vt 0.581779 0.282486
vt 0.612703 0.266938
vt 0.596416 0.265877
vt 0.569059 0.764717
vt 0.569236 0.746086
vt 0.568910 0.779439
vt 0.539073 0.779085
vt 0.539305 0.764362
vt 0.539598 0.745728
vt 0.887338 0.308302
vt 0.889118 0.294978
vt 0.899086 0.296092
vt 0.897373 0.310709
vt 0.898418 0.283031
vt 0.603750 0.554805
vt 0.634899 0.555228
vt 0.666669 0.555798
vt 0.599595 0.727449
vt 0.631215 0.727318
vt 0.663964 0.726882
vt 0.699310 0.556607
vt 0.735216 0.557698
vt 0.697534 0.726091
vt 0.734216 0.724803
vt 0.773081 0.763998
vt 0.814505 0.764667
vt 0.769034 0.933294
vt 0.810154 0.918901
vt 0.890780 0.807448
vt 0.904284 0.924584
vt 0.703197 0.186361
vt 0.634759 0.186342
vt 0.702243 0.078915
vt 0.633819 0.077908
vt 0.567902 0.186295
vt 0.503388 0.186163
vt 0.567051 0.076866
vt 0.502829 0.076037
vt 0.441839 0.185930
vt 0.379436 0.185631
vt 0.441945 0.075536
vt 0.380164 0.075311
vt 0.312437 0.185254
vt 0.240988 0.184868
vt 0.313279 0.075347
vt 0.241764 0.075626
vt 0.165106 0.184570
vt 0.089347 0.184466
vt 0.165981 0.076024
vt 0.090418 0.076291
vt 0.018266 0.184700
vt 0.205597 0.421971
vt 0.278664 0.419201
vt 0.019544 0.076397
vt 0.205836 0.317416
vt 0.283358 0.317607
vt 0.052763 0.438749
vt 0.083139 0.435504
vt 0.035932 0.439597
vt 0.052120 0.429895
vt 0.080667 0.425435
vt 0.123441 0.317804
vt 0.057025 0.318447
vt 0.027426 0.317940
vt 0.026716 0.334067
vt 0.015479 0.333556
vt 0.016325 0.317644
vt 0.712520 0.379964
vt 0.739575 0.379667
vt 0.773418 0.378729
vt 0.811903 0.376195
vt 0.853288 0.372038
vt 0.885038 0.362117
vt 0.930403 0.765989
vt 0.937328 0.766039
vt 0.944203 0.766079
vt 0.935376 0.873942
vt 0.942398 0.871532
vt 0.949390 0.869186
vt 0.779203 0.143105
vt 0.964176 0.808017
vt 0.970845 0.808162
vt 0.957446 0.807944
vt 0.778672 0.041585
vt 0.982341 0.897420
vt 0.988740 0.895217
vt 0.975670 0.899684
vt 0.625291 0.377334
vt 0.636705 0.377891
vt 0.644562 0.378306
vt 0.651459 0.378684
vt 0.681444 0.421330
vt 0.672890 0.421161
vt 0.665386 0.420941
vt 0.899015 0.352069
vt 0.900649 0.345967
vt 0.902059 0.331579
vt 0.897018 0.356310
vt 0.875868 0.306072
vt 0.874044 0.319125
vt 0.884720 0.321392
vt 0.872286 0.329772
vt 0.133910 0.369023
vt 0.077943 0.367418
vt 0.128287 0.382888
vt 0.137080 0.427613
vt 0.130481 0.415186
vt 0.034617 0.364913
vt 0.049039 0.365935
vt 0.051024 0.416796
vt 0.075270 0.414176
vt 0.864515 0.347090
vt 0.895045 0.324588
vt 0.896330 0.273221
vt 0.846789 0.241512
vt 0.878130 0.293388
vt 0.871575 0.335424
vt 0.583914 0.250246
vt 0.583548 0.240601
vt 0.571653 0.250242
vt 0.571553 0.241187
vt 0.571040 0.235965
vt 0.581863 0.235186
vt 0.610196 0.327199
vt 0.592576 0.326449
vt 0.609666 0.334711
vt 0.589397 0.334108
vt 0.022447 0.363270
vt 0.021988 0.371841
vt 0.010888 0.371095
vt 0.011408 0.361842
vt 0.023122 0.448476
vt 0.022896 0.445446
vt 0.023340 0.450535
vt 0.012828 0.450999
vt 0.013344 0.449287
vt 0.012386 0.446695
vt 0.112922 0.408310
vt 0.123317 0.398663
vt 0.111428 0.390683
vt 0.581552 0.231625
vt 0.582602 0.228916
vt 0.570797 0.231515
vt 0.571062 0.228940
vt 0.571082 0.226481
vt 0.582651 0.226226
vt 0.609253 0.340321
vt 0.591248 0.339240
vt 0.608952 0.344175
vt 0.608780 0.346246
vt 0.608710 0.348029
vt 0.608739 0.351163
vt 0.608481 0.359400
vt 0.607687 0.376493
vt 0.589185 0.375643
vt 0.606879 0.397899
vt 0.588094 0.397316
vt 0.606299 0.419046
vt 0.587258 0.418736
vt 0.605938 0.435690
vt 0.586783 0.435656
vt 0.605916 0.443611
vt 0.586816 0.443883
vt 0.606068 0.446314
vt 0.587071 0.446964
vt 0.606183 0.447521
vt 0.587256 0.448397
vt 0.615243 0.224290
vt 0.596448 0.224620
vt 0.565252 0.334528
vt 0.576502 0.335109
vt 0.577216 0.338489
vt 0.565196 0.337725
vt 0.562312 0.396735
vt 0.574019 0.396949
vt 0.573210 0.418594
vt 0.561665 0.418602
vt 0.572780 0.435639
vt 0.561342 0.435905
vt 0.583098 0.265218
vt 0.571201 0.264745
vt 0.014896 0.343510
vt 0.026154 0.344580
vt 0.025812 0.346150
vt 0.014596 0.344826
vt 0.561645 0.447508
vt 0.573090 0.446563
vt 0.573278 0.447811
vt 0.561834 0.448963
vt 0.582539 0.224843
vt 0.571020 0.225164
vt 0.026354 0.341751
vt 0.015068 0.340957
vt 0.572843 0.443768
vt 0.561433 0.444338
vt 0.566026 0.328908
vt 0.577059 0.330876
vt 0.573744 0.333125
vt 0.564827 0.332117
vt 0.021639 0.385648
vt 0.010622 0.385417
vt 0.575100 0.375039
vt 0.563233 0.374575
vt 0.022831 0.440482
vt 0.011700 0.441577
vt 0.578765 0.324956
vt 0.566889 0.323163
vt 0.578712 0.233015
vt 0.570156 0.233257
vt 0.023426 0.452873
vt 0.012633 0.453431
vt 0.541339 0.630532
vt 0.571909 0.631139
vt 0.570882 0.661230
vt 0.540891 0.660632
vt 0.543773 0.462846
vt 0.572772 0.463079
vt 0.573084 0.492174
vt 0.543347 0.491949
vt 0.569394 0.727300
vt 0.539891 0.726931
vt 0.538921 0.788723
vt 0.568813 0.789076
vt 0.568824 0.791156
vt 0.538888 0.790803
vt 0.572630 0.451695
vt 0.543941 0.451460
vt 0.568833 0.786490
vt 0.538962 0.786137
vt 0.572240 0.620113
vt 0.541500 0.619550
vt 0.573010 0.554443
vt 0.542450 0.554041
vt 0.306231 0.566729
vt 0.313528 0.575732
vt 0.306384 0.575597
vt 0.301207 0.569646
vt 0.314870 0.583613
vt 0.309766 0.584299
vt 0.301240 0.585445
vt 0.298821 0.578200
vt 0.294247 0.573730
vt 0.480002 0.612239
vt 0.480424 0.595808
vt 0.511215 0.596319
vt 0.510901 0.612720
vt 0.480856 0.574393
vt 0.511582 0.574923
vt 0.480987 0.689698
vt 0.449676 0.688630
vt 0.449099 0.658891
vt 0.480456 0.659861
vt 0.417284 0.687107
vt 0.416858 0.657361
vt 0.416404 0.627481
vt 0.448491 0.628942
vt 0.479912 0.629798
vt 0.448668 0.611521
vt 0.449232 0.595160
vt 0.416718 0.610435
vt 0.417431 0.594303
vt 0.418006 0.573210
vt 0.449737 0.573820
vt 0.481813 0.519433
vt 0.450526 0.519104
vt 0.452286 0.490412
vt 0.483432 0.490642
vt 0.418537 0.519325
vt 0.420202 0.490691
vt 0.421909 0.461742
vt 0.454114 0.461485
vt 0.485129 0.461631
vt 0.478741 0.777653
vt 0.446880 0.776531
vt 0.447317 0.761815
vt 0.479128 0.762941
vt 0.413978 0.775162
vt 0.414433 0.760421
vt 0.415087 0.741778
vt 0.447917 0.743205
vt 0.479642 0.744330
vt 0.384009 0.685029
vt 0.383755 0.655013
vt 0.348039 0.678661
vt 0.347925 0.649027
vt 0.347821 0.620238
vt 0.383569 0.625032
vt 0.383958 0.608790
vt 0.384778 0.593156
vt 0.348060 0.606383
vt 0.348879 0.591656
vt 0.349488 0.571842
vt 0.385392 0.572563
vt 0.385730 0.520496
vt 0.387204 0.491793
vt 0.349853 0.523807
vt 0.351256 0.496465
vt 0.352692 0.468213
vt 0.388731 0.462578
vt 0.380374 0.773708
vt 0.380803 0.758890
vt 0.343691 0.772618
vt 0.344104 0.757514
vt 0.344783 0.738300
vt 0.381472 0.740106
vt 0.996156 0.623972
vt 0.955722 0.613570
vt 0.951179 0.590076
vt 0.991532 0.595835
vt 0.914450 0.600956
vt 0.910445 0.583011
vt 0.906547 0.565007
vt 0.946663 0.566432
vt 0.986782 0.567667
vt 0.985092 0.551464
vt 0.945054 0.551521
vt 0.945020 0.535827
vt 0.985085 0.535659
vt 0.905198 0.552044
vt 0.905125 0.536390
vt 0.905051 0.515930
vt 0.944954 0.515313
vt 0.985028 0.514939
vt 0.986147 0.462177
vt 0.946117 0.464471
vt 0.949741 0.441903
vt 0.989893 0.435023
vt 0.906183 0.467330
vt 0.909359 0.450500
vt 0.912591 0.433375
vt 0.953353 0.419064
vt 0.993525 0.407628
vt 0.975733 0.707246
vt 0.935699 0.694187
vt 0.940031 0.680539
vt 0.980138 0.693426
vt 0.893966 0.680663
vt 0.898267 0.667004
vt 0.903697 0.649722
vt 0.945483 0.663276
vt 0.985668 0.675953
vt 0.874496 0.577020
vt 0.871884 0.564273
vt 0.877233 0.589700
vt 0.849073 0.581265
vt 0.847608 0.572623
vt 0.846259 0.563882
vt 0.904870 0.479822
vt 0.904939 0.495469
vt 0.870791 0.496034
vt 0.870765 0.480354
vt 0.870861 0.516539
vt 0.845684 0.516936
vt 0.845664 0.496379
vt 0.845679 0.480660
vt 0.873812 0.458179
vt 0.875973 0.446503
vt 0.871713 0.469592
vt 0.846250 0.471189
vt 0.847302 0.463976
vt 0.848399 0.456528
vt 0.913609 0.618420
vt 0.909247 0.632301
vt 0.871419 0.619865
vt 0.875800 0.605869
vt 0.865873 0.637383
vt 0.837239 0.628210
vt 0.842740 0.610600
vt 0.847089 0.596488
vt 0.031108 0.900815
vt 0.081710 0.901096
vt 0.081578 0.903011
vt 0.030981 0.902798
vt 0.146313 0.901106
vt 0.146166 0.903081
vt 0.146014 0.905130
vt 0.081442 0.905000
vt 0.030849 0.904855
vt 0.030598 0.912333
vt 0.081182 0.912510
vt 0.081034 0.927509
vt 0.030410 0.927333
vt 0.145748 0.912640
vt 0.145623 0.927632
vt 0.145515 0.947197
vt 0.080906 0.947081
vt 0.030257 0.946951
vt 0.030157 0.988718
vt 0.080801 0.988706
vt 0.080796 0.990421
vt 0.030128 0.990431
vt 0.145441 0.988823
vt 0.145476 0.990620
vt 0.145500 0.992308
vt 0.080758 0.992029
vt 0.030059 0.992072
vt 0.031506 0.826724
vt 0.082115 0.826926
vt 0.082128 0.840600
vt 0.031520 0.840421
vt 0.146721 0.826998
vt 0.146730 0.840672
vt 0.146730 0.857994
vt 0.082127 0.857928
vt 0.031522 0.857771
vt 0.209439 0.901042
vt 0.209287 0.903123
vt 0.270270 0.901042
vt 0.270148 0.903188
vt 0.270020 0.905408
vt 0.209129 0.905279
vt 0.208879 0.912789
vt 0.208770 0.927766
vt 0.269830 0.912914
vt 0.269746 0.927879
vt 0.269668 0.947422
vt 0.208678 0.947318
vt 0.208632 0.988951
vt 0.208699 0.990873
vt 0.269598 0.989045
vt 0.269658 0.991039
vt 0.269722 0.992928
vt 0.208766 0.992688
vt 0.209821 0.826996
vt 0.209825 0.840671
vt 0.270563 0.827030
vt 0.270560 0.840705
vt 0.270560 0.858021
vt 0.209826 0.857988
vt 0.328075 0.901192
vt 0.328063 0.903291
vt 0.386711 0.901428
vt 0.386807 0.903435
vt 0.386899 0.905518
vt 0.328046 0.905464
vt 0.327999 0.912976
vt 0.327949 0.927952
vt 0.386985 0.913033
vt 0.386962 0.928025
vt 0.386909 0.947589
vt 0.327886 0.947503
vt 0.327695 0.989125
vt 0.327665 0.991061
vt 0.386614 0.989213
vt 0.386494 0.991048
vt 0.386378 0.992773
vt 0.327639 0.992891
vt 0.328179 0.827145
vt 0.328167 0.840823
vt 0.386632 0.827347
vt 0.386616 0.841027
vt 0.386618 0.858351
vt 0.328168 0.858143
vt 0.450008 0.901722
vt 0.450105 0.903646
vt 0.517583 0.902090
vt 0.517645 0.903921
vt 0.517701 0.905829
vt 0.450199 0.905647
vt 0.450305 0.913147
vt 0.450295 0.928142
vt 0.517792 0.913311
vt 0.517793 0.928309
vt 0.517758 0.947881
vt 0.450251 0.947709
vt 0.449973 0.989318
vt 0.449874 0.991068
vt 0.517526 0.989474
vt 0.517490 0.991127
vt 0.517461 0.992667
vt 0.449779 0.992707
vt 0.449862 0.827637
vt 0.449846 0.841318
vt 0.517405 0.827990
vt 0.517393 0.841672
vt 0.517409 0.859001
vt 0.449854 0.858645
vt 0.589161 0.902509
vt 0.589226 0.904227
vt 0.660483 0.902844
vt 0.660577 0.904461
vt 0.660662 0.906159
vt 0.589284 0.906022
vt 0.589399 0.913503
vt 0.589422 0.928519
vt 0.660817 0.913664
vt 0.660878 0.928726
vt 0.660873 0.948374
vt 0.589399 0.948107
vt 0.589150 0.989714
vt 0.589135 0.991243
vt 0.660555 0.990118
vt 0.660530 0.991545
vt 0.660530 0.992843
vt 0.589138 0.992654
vt 0.588906 0.828334
vt 0.588901 0.842020
vt 0.660132 0.828492
vt 0.660142 0.842202
vt 0.660186 0.859575
vt 0.588930 0.859358
vt 0.727327 0.902911
vt 0.727457 0.904383
vt 0.537902 0.338448
vt 0.469885 0.339143
vt 0.469300 0.337550
vt 0.537367 0.337423
vt 0.468070 0.335821
vt 0.536805 0.336326
vt 0.727578 0.905943
vt 0.727777 0.913377
vt 0.727866 0.928658
vt 0.535545 0.328531
vt 0.469295 0.329067
vt 0.469945 0.314948
vt 0.534704 0.312893
vt 0.457278 0.293786
vt 0.533898 0.292806
vt 0.727872 0.948626
vt 0.727475 0.991017
vt 0.727420 0.992377
vt 0.533345 0.250774
vt 0.464726 0.252262
vt 0.465212 0.250936
vt 0.533276 0.249509
vt 0.465144 0.249721
vt 0.533179 0.248325
vt 0.727393 0.993610
vt 0.726900 0.828125
vt 0.726920 0.842015
vt 0.543023 0.412313
vt 0.475073 0.414214
vt 0.474494 0.400281
vt 0.542442 0.398179
vt 0.473654 0.382651
vt 0.541595 0.380342
vt 0.726971 0.859600
vt 0.397657 0.341619
vt 0.397034 0.340157
vt 0.339416 0.340094
vt 0.338821 0.337533
vt 0.337543 0.334921
vt 0.393954 0.338349
vt 0.357036 0.293789
vt 0.354137 0.304180
vt 0.333350 0.306400
vt 0.333490 0.293880
vt 0.357690 0.313653
vt 0.333472 0.317331
vt 0.320590 0.319641
vt 0.320060 0.308051
vt 0.319813 0.294266
vt 0.390864 0.254323
vt 0.392895 0.252682
vt 0.334147 0.252556
vt 0.334694 0.250670
vt 0.334626 0.249018
vt 0.392828 0.251252
vt 0.402871 0.416235
vt 0.402285 0.402305
vt 0.344784 0.417953
vt 0.344175 0.403989
vt 0.343284 0.386261
vt 0.401439 0.384676
vt 0.313542 0.343072
vt 0.312994 0.340860
vt 0.303791 0.344680
vt 0.303244 0.342370
vt 0.302843 0.339860
vt 0.312380 0.338499
vt 0.042848 0.681639
vt 0.042615 0.678730
vt 0.059666 0.677559
vt 0.059920 0.680810
vt 0.040202 0.674626
vt 0.059238 0.672588
vt 0.075268 0.671437
vt 0.075940 0.676896
vt 0.076198 0.680474
vt 0.319133 0.418946
vt 0.318465 0.405036
vt 0.309772 0.419277
vt 0.309019 0.405407
vt 0.307895 0.387871
vt 0.317476 0.387413
vt 0.126958 0.560469
vt 0.144981 0.560063
vt 0.145827 0.563944
vt 0.127986 0.564703
vt 0.169650 0.559219
vt 0.170161 0.562846
vt 0.170780 0.568401
vt 0.147019 0.569666
vt 0.129702 0.570695
vt 0.136367 0.669317
vt 0.153721 0.669445
vt 0.153111 0.675089
vt 0.135261 0.675282
vt 0.177207 0.669273
vt 0.177372 0.674984
vt 0.177215 0.678274
vt 0.152487 0.678429
vt 0.134509 0.679153
vt 0.129571 0.476224
vt 0.148229 0.476142
vt 0.147612 0.491533
vt 0.129046 0.491520
vt 0.173618 0.476547
vt 0.172882 0.491842
vt 0.171954 0.511103
vt 0.146790 0.510895
vt 0.128294 0.510886
vt 0.200812 0.557861
vt 0.201075 0.561298
vt 0.233108 0.558283
vt 0.231975 0.560903
vt 0.232726 0.566173
vt 0.201642 0.566967
vt 0.207265 0.667560
vt 0.208116 0.673831
vt 0.238608 0.664355
vt 0.239535 0.670901
vt 0.241506 0.674892
vt 0.208639 0.677704
vt 0.205494 0.477487
vt 0.204618 0.492688
vt 0.241797 0.479430
vt 0.240772 0.494541
vt 0.239554 0.513511
vt 0.203544 0.511796
vt 0.261133 0.555308
vt 0.256038 0.558702
vt 0.275553 0.559022
vt 0.274998 0.561428
vt 0.274648 0.566701
vt 0.256874 0.564786
vt 0.285079 0.666092
vt 0.285390 0.662143
vt 0.299299 0.655073
vt 0.297425 0.660692
vt 0.285605 0.655430
vt 0.297273 0.650550
vt 0.303319 0.647380
vt 0.307580 0.648904
vt 0.310773 0.649539
vt 0.280340 0.482747
vt 0.279197 0.497732
vt 0.302182 0.488332
vt 0.308985 0.500481
vt 0.307716 0.519994
vt 0.277947 0.516557
vt 0.834974 0.577177
vt 0.834068 0.570421
vt 0.827957 0.575300
vt 0.827215 0.569385
vt 0.826515 0.563408
vt 0.833237 0.563584
vt 0.820998 0.573547
vt 0.820406 0.568393
vt 0.814095 0.571964
vt 0.813651 0.567492
vt 0.813205 0.562967
vt 0.819832 0.563189
vt 0.845783 0.553457
vt 0.832864 0.553686
vt 0.832816 0.537752
vt 0.845713 0.537558
vt 0.826140 0.553783
vt 0.826095 0.537850
vt 0.826107 0.517195
vt 0.832812 0.517103
vt 0.819484 0.553836
vt 0.819430 0.537909
vt 0.812890 0.553862
vt 0.812817 0.537943
vt 0.812843 0.517282
vt 0.819452 0.517253
vt 0.833341 0.471988
vt 0.834003 0.466799
vt 0.826705 0.472323
vt 0.827293 0.468021
vt 0.827905 0.463480
vt 0.834689 0.461366
vt 0.820097 0.472642
vt 0.820590 0.469119
vt 0.813522 0.472877
vt 0.813909 0.469985
vt 0.814317 0.466859
vt 0.821112 0.465352
vt 0.827610 0.659330
vt 0.813559 0.654963
vt 0.817787 0.641232
vt 0.831863 0.645611
vt 0.806789 0.652898
vt 0.810996 0.639158
vt 0.816299 0.621724
vt 0.823123 0.623811
vt 0.800033 0.650887
vt 0.804219 0.637140
vt 0.793319 0.648923
vt 0.797488 0.635175
vt 0.802739 0.617747
vt 0.809494 0.619704
vt 0.009711 0.904609
vt 0.009875 0.902320
vt 0.793692 0.562840
vt 0.800108 0.562692
vt 0.800333 0.566090
vt 0.793887 0.565739
vt 0.800567 0.569384
vt 0.794097 0.568464
vt 0.010025 0.900125
vt 0.806623 0.562779
vt 0.806943 0.566720
vt 0.807256 0.570590
vt 0.030169 0.981516
vt 0.008988 0.981673
vt 0.008977 0.966591
vt 0.030178 0.966558
vt 0.793739 0.480563
vt 0.800169 0.480804
vt 0.799913 0.496597
vt 0.793467 0.496481
vt 0.799766 0.517279
vt 0.793317 0.517255
vt 0.009054 0.946839
vt 0.806645 0.480916
vt 0.806417 0.496665
vt 0.813160 0.480945
vt 0.812968 0.496682
vt 0.806277 0.517289
vt 0.008934 0.992412
vt 0.008979 0.990600
vt 0.794452 0.468677
vt 0.800885 0.468506
vt 0.800680 0.470785
vt 0.794267 0.470656
vt 0.800490 0.472942
vt 0.794089 0.472650
vt 0.008994 0.988842
vt 0.807541 0.467892
vt 0.807250 0.470539
vt 0.806976 0.472989
vt 0.031473 0.889202
vt 0.010401 0.889167
vt 0.010441 0.875278
vt 0.031512 0.875284
vt 0.792252 0.580575
vt 0.798575 0.582292
vt 0.794680 0.596373
vt 0.788385 0.594584
vt 0.789504 0.613973
vt 0.783222 0.612153
vt 0.010449 0.857740
vt 0.805191 0.584054
vt 0.801251 0.598202
vt 0.811985 0.585895
vt 0.807982 0.600085
vt 0.796047 0.615837
vt 0.066973 0.564468
vt 0.077271 0.563618
vt 0.077535 0.567985
vt 0.067197 0.568780
vt 0.084374 0.563102
vt 0.084710 0.567474
vt 0.085181 0.573566
vt 0.077905 0.574091
vt 0.067514 0.574813
vt 0.090540 0.562592
vt 0.090946 0.566969
vt 0.096272 0.562104
vt 0.096730 0.566512
vt 0.097419 0.572607
vt 0.091494 0.573054
vt 0.085740 0.670821
vt 0.086310 0.676489
vt 0.092926 0.670453
vt 0.093263 0.676173
vt 0.093356 0.679930
vt 0.086504 0.680209
vt 0.099085 0.670265
vt 0.099273 0.676032
vt 0.104805 0.670110
vt 0.104819 0.675943
vt 0.104729 0.679828
vt 0.099262 0.679841
vt 0.067257 0.477156
vt 0.078092 0.477078
vt 0.077867 0.492654
vt 0.067108 0.492811
vt 0.085394 0.476934
vt 0.085134 0.492458
vt 0.084715 0.512083
vt 0.077523 0.512345
vt 0.066913 0.512616
vt 0.091774 0.476775
vt 0.091474 0.492259
vt 0.097743 0.476611
vt 0.097403 0.492061
vt 0.096850 0.511584
vt 0.090985 0.511829
vt 0.118265 0.571363
vt 0.116599 0.565230
vt 0.110311 0.571903
vt 0.108984 0.565736
vt 0.108419 0.561198
vt 0.115755 0.560768
vt 0.103525 0.572262
vt 0.102550 0.566121
vt 0.102078 0.561635
vt 0.138669 0.650218
vt 0.137777 0.661168
vt 0.126784 0.661666
vt 0.128150 0.651108
vt 0.125026 0.669470
vt 0.117259 0.669620
vt 0.118700 0.661925
vt 0.119890 0.651466
vt 0.111271 0.662220
vt 0.111631 0.651800
vt 0.110689 0.669873
vt 0.104522 0.662479
vt 0.104009 0.652085
vt 0.123460 0.679672
vt 0.123992 0.675556
vt 0.116351 0.679774
vt 0.116583 0.675665
vt 0.110269 0.679833
vt 0.110390 0.675820
vt 0.127157 0.546140
vt 0.115808 0.546309
vt 0.116183 0.530611
vt 0.127596 0.530481
vt 0.108439 0.546543
vt 0.108753 0.530815
vt 0.109341 0.511150
vt 0.116826 0.510978
vt 0.102054 0.546833
vt 0.102301 0.531061
vt 0.096216 0.547159
vt 0.096395 0.531338
vt 0.102827 0.511354
vt 0.068170 0.592892
vt 0.068412 0.607541
vt 0.053345 0.608586
vt 0.052914 0.593785
vt 0.069014 0.623853
vt 0.054156 0.625080
vt 0.039032 0.626429
vt 0.037826 0.609739
vt 0.036966 0.594842
vt 0.171570 0.589993
vt 0.171979 0.604148
vt 0.150508 0.604003
vt 0.149532 0.589414
vt 0.172654 0.618132
vt 0.151476 0.619085
vt 0.136793 0.619773
vt 0.135788 0.603887
vt 0.134358 0.588940
vt 0.236087 0.588701
vt 0.235580 0.602413
vt 0.203045 0.603760
vt 0.203190 0.589820
vt 0.234655 0.614944
vt 0.202901 0.616811
vt 0.086402 0.591571
vt 0.087538 0.606326
vt 0.079382 0.606818
vt 0.078755 0.592163
vt 0.088824 0.622353
vt 0.080263 0.622956
vt 0.099275 0.590485
vt 0.100678 0.605476
vt 0.094130 0.605901
vt 0.092828 0.591016
vt 0.102072 0.621583
vt 0.095540 0.621944
vt 0.119796 0.636672
vt 0.128023 0.636297
vt 0.118607 0.620703
vt 0.126655 0.620325
vt 0.138170 0.635449
vt 0.103216 0.637445
vt 0.111217 0.637067
vt 0.110086 0.621145
vt 0.320297 0.268472
vt 0.320011 0.280320
vt 0.308658 0.280221
vt 0.308757 0.268106
vt 0.308708 0.294595
vt 0.299079 0.294852
vt 0.298793 0.280265
vt 0.298714 0.267823
vt 0.152701 0.633981
vt 0.153737 0.648482
vt 0.173652 0.631944
vt 0.175000 0.646096
vt 0.203364 0.629705
vt 0.204533 0.643592
vt 0.234925 0.627300
vt 0.236076 0.640893
vt 0.261773 0.624884
vt 0.263332 0.638187
vt 0.260956 0.612495
vt 0.281254 0.610697
vt 0.282649 0.622985
vt 0.284277 0.635281
vt 0.072227 0.654086
vt 0.070494 0.639913
vt 0.081611 0.638847
vt 0.083016 0.653069
vt 0.090067 0.638155
vt 0.091128 0.652540
vt 0.096715 0.637755
vt 0.097653 0.652281
vt 0.125504 0.604067
vt 0.123715 0.588996
vt 0.117279 0.604477
vt 0.115346 0.589427
vt 0.108699 0.604972
vt 0.106990 0.589938
vt 0.282852 0.583943
vt 0.281294 0.597843
vt 0.261703 0.599845
vt 0.261845 0.586447
vt 0.511023 0.690239
vt 0.511036 0.700783
vt 0.481119 0.700168
vt 0.510979 0.702068
vt 0.481011 0.701402
vt 0.318114 0.641896
vt 0.325052 0.634761
vt 0.311788 0.651798
vt 0.318977 0.634231
vt 0.322396 0.625427
vt 0.320778 0.608432
vt 0.323197 0.608173
vt 0.319395 0.521401
vt 0.318702 0.521395
vt 0.320046 0.498900
vt 0.320765 0.497630
vt 0.311206 0.481655
vt 0.311831 0.480437
vt 0.449807 0.699065
vt 0.417358 0.697555
vt 0.449644 0.700294
vt 0.417160 0.698790
vt 0.454907 0.450165
vt 0.485841 0.450281
vt 0.422681 0.450404
vt 0.413678 0.784823
vt 0.446599 0.786170
vt 0.446400 0.788239
vt 0.413427 0.786888
vt 0.478490 0.787284
vt 0.478353 0.789358
vt 0.384110 0.695538
vt 0.348024 0.689718
vt 0.383873 0.696750
vt 0.347619 0.691776
vt 0.389462 0.451110
vt 0.353364 0.457156
vt 0.343386 0.782448
vt 0.380069 0.783397
vt 0.379718 0.785435
vt 0.342925 0.784472
vt 0.957362 0.621950
vt 0.915861 0.607647
vt 0.997739 0.633963
vt 0.997746 0.635276
vt 0.957392 0.623222
vt 0.915803 0.609139
vt 0.954831 0.409853
vt 0.994954 0.397004
vt 0.913933 0.426111
vt 0.890739 0.689519
vt 0.932480 0.703041
vt 0.931116 0.704512
vt 0.889291 0.690930
vt 0.972490 0.716189
vt 0.971161 0.717707
vt 0.878183 0.594724
vt 0.849580 0.585015
vt 0.878078 0.596343
vt 0.849437 0.586746
vt 0.876908 0.441092
vt 0.848926 0.452555
vt 0.824380 0.668213
vt 0.852946 0.677294
vt 0.851463 0.678702
vt 0.822892 0.669639
vt 0.081825 0.899791
vt 0.146435 0.899790
vt 0.031218 0.899513
vt 0.031316 0.898188
vt 0.081926 0.898426
vt 0.146540 0.898438
vt 0.080659 0.993036
vt 0.029868 0.993194
vt 0.145520 0.993330
vt 0.146652 0.818121
vt 0.081997 0.818051
vt 0.081878 0.816975
vt 0.146630 0.817051
vt 0.031360 0.817828
vt 0.031158 0.816686
vt 0.209557 0.899703
vt 0.270355 0.899691
vt 0.209656 0.898370
vt 0.270429 0.898370
vt 0.208819 0.993749
vt 0.269778 0.994014
vt 0.270541 0.818144
vt 0.209785 0.818114
vt 0.209775 0.817045
vt 0.270539 0.817076
vt 0.328081 0.899851
vt 0.386643 0.900107
vt 0.328104 0.898521
vt 0.386621 0.898764
vt 0.327623 0.993954
vt 0.386293 0.993801
vt 0.386632 0.818456
vt 0.328172 0.818257
vt 0.328167 0.817189
vt 0.386620 0.817388
vt 0.449927 0.900423
vt 0.517511 0.900816
vt 0.449893 0.899075
vt 0.517476 0.899462
vt 0.449712 0.993708
vt 0.517439 0.993635
vt 0.517378 0.819100
vt 0.449847 0.818746
vt 0.449824 0.817676
vt 0.517336 0.818032
vt 0.589075 0.901260
vt 0.660372 0.901617
vt 0.589030 0.899887
vt 0.660309 0.900226
vt 0.589163 0.993577
vt 0.660586 0.993725
vt 0.660130 0.819585
vt 0.588887 0.819444
vt 0.588860 0.818377
vt 0.660120 0.818520
vt 0.538416 0.339121
vt 0.470429 0.340330
vt 0.727189 0.901794
vt 0.727108 0.900493
vt 0.538847 0.339989
vt 0.470885 0.341670
vt 0.727415 0.994472
vt 0.465082 0.248860
vt 0.533079 0.247475
vt 0.475489 0.423277
vt 0.543472 0.421490
vt 0.543588 0.422574
vt 0.475605 0.424362
vt 0.726913 0.819138
vt 0.726882 0.818074
vt 0.398216 0.342652
vt 0.339941 0.341938
vt 0.398675 0.343861
vt 0.340372 0.343802
vt 0.392676 0.250352
vt 0.334398 0.248026
vt 0.345045 0.427032
vt 0.403221 0.425297
vt 0.403202 0.426386
vt 0.344885 0.428126
vt 0.034270 0.562292
vt 0.034350 0.564655
vt 0.021348 0.565317
vt 0.021246 0.562915
vt 0.034533 0.567204
vt 0.021549 0.567820
vt 0.010368 0.568404
vt 0.010168 0.565935
vt 0.010067 0.563487
vt 0.308849 0.247737
vt 0.308740 0.246693
vt 0.299355 0.247359
vt 0.299361 0.246281
vt 0.309895 0.428283
vt 0.319320 0.428001
vt 0.319204 0.429092
vt 0.309816 0.429361
vt 0.144775 0.558054
vt 0.169610 0.557415
vt 0.126637 0.558316
vt 0.126711 0.556642
vt 0.144917 0.556416
vt 0.169807 0.555958
vt 0.152153 0.680020
vt 0.134140 0.680900
vt 0.177038 0.679887
vt 0.174268 0.466354
vt 0.148764 0.465664
vt 0.148873 0.464326
vt 0.174409 0.465108
vt 0.129995 0.466237
vt 0.130092 0.465065
vt 0.200880 0.556347
vt 0.236879 0.557366
vt 0.201093 0.555289
vt 0.236976 0.556447
vt 0.208748 0.679537
vt 0.245474 0.676280
vt 0.242733 0.469392
vt 0.206229 0.467370
vt 0.206393 0.466128
vt 0.243011 0.468142
vt 0.289350 0.561746
vt 0.276062 0.555949
vt 0.306857 0.563300
vt 0.275826 0.556298
vt 0.306209 0.560598
vt 0.270691 0.673435
vt 0.285932 0.672033
vt 0.281742 0.472905
vt 0.282383 0.471625
vt 0.835310 0.580351
vt 0.828247 0.578216
vt 0.835165 0.582146
vt 0.828119 0.580018
vt 0.821221 0.576211
vt 0.814257 0.574381
vt 0.821101 0.578002
vt 0.814148 0.576134
vt 0.835084 0.458048
vt 0.828296 0.460447
vt 0.803661 0.661818
vt 0.810367 0.663860
vt 0.808980 0.665356
vt 0.802395 0.663392
vt 0.821462 0.462579
vt 0.814603 0.464332
vt 0.790311 0.657912
vt 0.796967 0.659846
vt 0.795781 0.661485
vt 0.789236 0.659593
vt 0.010140 0.898907
vt 0.800667 0.571288
vt 0.794208 0.570071
vt 0.800592 0.572862
vt 0.794172 0.571480
vt 0.010239 0.897802
vt 0.807375 0.572753
vt 0.807282 0.574428
vt 0.794573 0.467133
vt 0.801028 0.466539
vt 0.008923 0.993869
vt 0.010279 0.817682
vt 0.010232 0.816337
vt 0.770998 0.652290
vt 0.777244 0.654106
vt 0.776462 0.655638
vt 0.770375 0.653571
vt 0.807747 0.465615
vt 0.783714 0.655987
vt 0.782780 0.657646
vt 0.077195 0.561230
vt 0.084262 0.560738
vt 0.066907 0.562039
vt 0.066943 0.559999
vt 0.077235 0.559278
vt 0.084285 0.558826
vt 0.090395 0.560253
vt 0.096105 0.559783
vt 0.090403 0.558383
vt 0.096103 0.557955
vt 0.086629 0.681892
vt 0.076347 0.682104
vt 0.093416 0.681624
vt 0.085439 0.466604
vt 0.078170 0.466722
vt 0.078174 0.465458
vt 0.085433 0.465339
vt 0.067423 0.466764
vt 0.067469 0.465499
vt 0.099268 0.681557
vt 0.104691 0.681572
vt 0.097801 0.466318
vt 0.091811 0.466466
vt 0.091801 0.465202
vt 0.097799 0.465055
vt 0.115467 0.558525
vt 0.108213 0.558891
vt 0.108218 0.557156
vt 0.115494 0.556840
vt 0.101903 0.559317
vt 0.101901 0.557537
vt 0.123197 0.681500
vt 0.116226 0.681599
vt 0.118299 0.466106
vt 0.118401 0.464880
vt 0.110617 0.466005
vt 0.110683 0.464718
vt 0.110203 0.681625
vt 0.103929 0.466168
vt 0.103948 0.464904
vt 0.510906 0.704512
vt 0.480901 0.703797
vt 0.510739 0.711483
vt 0.480670 0.710723
vt 0.319372 0.500267
vt 0.310516 0.483867
vt 0.318061 0.521175
vt 0.449496 0.702686
vt 0.416981 0.701192
vt 0.449197 0.709610
vt 0.416611 0.708130
vt 0.446695 0.783584
vt 0.478571 0.784701
vt 0.413793 0.782230
vt 0.383678 0.699174
vt 0.347319 0.695052
vt 0.383228 0.706174
vt 0.346740 0.702921
vt 0.380209 0.780802
vt 0.343540 0.779833
vt 0.957066 0.625596
vt 0.915428 0.611719
vt 0.997388 0.637694
vt 0.995594 0.644343
vt 0.955305 0.632128
vt 0.933563 0.700740
vt 0.973563 0.713872
vt 0.891843 0.687224
vt 0.877657 0.599047
vt 0.848971 0.589557
vt 0.854066 0.674999
vt 0.825497 0.665911
vt 0.856184 0.668425
vt 0.082017 0.895989
vt 0.146638 0.896015
vt 0.031403 0.895790
vt 0.082085 0.889369
vt 0.146707 0.889409
vt 0.082073 0.820372
vt 0.031457 0.820159
vt 0.146693 0.820443
vt 0.209755 0.895967
vt 0.270519 0.895978
vt 0.209825 0.889379
vt 0.270584 0.889400
vt 0.209805 0.820439
vt 0.270555 0.820470
vt 0.328170 0.896120
vt 0.386665 0.896352
vt 0.328222 0.889534
vt 0.386705 0.889756
vt 0.328178 0.820584
vt 0.386635 0.820784
vt 0.449935 0.896660
vt 0.517525 0.897039
vt 0.449972 0.890058
vt 0.517564 0.890429
vt 0.449861 0.821074
vt 0.517399 0.821428
vt 0.589081 0.897447
vt 0.660359 0.897766
vt 0.589122 0.890817
vt 0.660403 0.891109
vt 0.588901 0.821771
vt 0.660131 0.821917
vt 0.539159 0.341982
vt 0.471222 0.344084
vt 0.727152 0.898107
vt 0.727197 0.891451
vt 0.539627 0.348372
vt 0.471709 0.350758
vt 0.726902 0.821478
vt 0.475363 0.420902
vt 0.543321 0.419096
vt 0.399018 0.346184
vt 0.340696 0.346703
vt 0.399506 0.352802
vt 0.341210 0.353813
vt 0.403146 0.422922
vt 0.345033 0.424651
vt 0.034148 0.550368
vt 0.034323 0.558704
vt 0.021286 0.559282
vt 0.021101 0.550850
vt 0.010111 0.559805
vt 0.009960 0.551259
vt 0.319358 0.425625
vt 0.309983 0.425926
vt 0.145168 0.553481
vt 0.170079 0.553163
vt 0.126903 0.553713
vt 0.145500 0.545984
vt 0.170451 0.545856
vt 0.148565 0.468555
vt 0.129825 0.468845
vt 0.174040 0.469089
vt 0.201342 0.552942
vt 0.237073 0.554259
vt 0.201744 0.546014
vt 0.237430 0.547422
vt 0.205980 0.470080
vt 0.242390 0.472076
vt 0.275450 0.555314
vt 0.305590 0.557436
vt 0.275661 0.549504
vt 0.297941 0.550422
vt 0.281133 0.475518
vt 0.834681 0.585010
vt 0.827643 0.582877
vt 0.832812 0.591993
vt 0.825820 0.589862
vt 0.820638 0.580846
vt 0.813701 0.578938
vt 0.818867 0.587828
vt 0.811457 0.661547
vt 0.804707 0.659488
vt 0.797973 0.657490
vt 0.791276 0.655535
vt 0.010327 0.895611
vt 0.800193 0.575490
vt 0.793823 0.573924
vt 0.806854 0.577158
vt 0.771831 0.649951
vt 0.778117 0.651734
vt 0.010377 0.820013
vt 0.010430 0.826584
vt 0.773842 0.643334
vt 0.780132 0.645120
vt 0.784631 0.653607
vt 0.786659 0.646995
vt 0.077358 0.556097
vt 0.084388 0.555679
vt 0.067072 0.556729
vt 0.067059 0.548778
vt 0.077366 0.548249
vt 0.084392 0.547867
vt 0.090494 0.555274
vt 0.096190 0.554886
vt 0.090502 0.547505
vt 0.078138 0.469496
vt 0.067340 0.469545
vt 0.085423 0.469374
vt 0.091800 0.469232
vt 0.097783 0.469082
vt 0.115634 0.553909
vt 0.108328 0.554179
vt 0.101993 0.554515
vt 0.118173 0.468804
vt 0.110537 0.468802
vt 0.117985 0.476248
vt 0.110414 0.476322
vt 0.103889 0.468933
vt 0.103815 0.476454
vt 0.512511 0.520119
vt 0.512157 0.530703
vt 0.481291 0.530051
vt 0.512100 0.537144
vt 0.481299 0.536550
vt 0.448316 0.617969
vt 0.479768 0.618746
vt 0.416254 0.616675
vt 0.450046 0.536107
vt 0.449944 0.529654
vt 0.418148 0.535963
vt 0.417951 0.529711
vt 0.383440 0.614545
vt 0.347608 0.611026
vt 0.385394 0.536312
vt 0.385142 0.530549
vt 0.349442 0.537245
vt 0.349216 0.532574
vt 0.945107 0.557656
vt 0.985136 0.557515
vt 0.905247 0.558141
vt 0.984728 0.478259
vt 0.944695 0.479041
vt 0.944764 0.472880
vt 0.984761 0.472079
vt 0.904982 0.473762
vt 0.871056 0.559054
vt 0.845839 0.559851
vt 0.871008 0.552833
vt 0.870890 0.474263
vt 0.845791 0.474524
vt 0.081313 0.906653
vt 0.030732 0.906504
vt 0.145876 0.906793
vt 0.080797 0.981538
vt 0.080796 0.987254
vt 0.030170 0.987255
vt 0.145404 0.981641
vt 0.145411 0.987351
vt 0.208995 0.906960
vt 0.269917 0.907097
vt 0.208574 0.981745
vt 0.208586 0.987448
vt 0.269563 0.981832
vt 0.269564 0.987528
vt 0.328028 0.907146
vt 0.386961 0.907187
vt 0.327768 0.981924
vt 0.327728 0.987624
vt 0.386780 0.982028
vt 0.386706 0.987735
vt 0.450269 0.907297
vt 0.517755 0.907456
vt 0.450118 0.982154
vt 0.450050 0.987862
vt 0.517618 0.982332
vt 0.517566 0.988044
vt 0.589346 0.907630
vt 0.660743 0.907758
vt 0.589232 0.982588
vt 0.589178 0.988313
vt 0.660655 0.982967
vt 0.660587 0.988726
vt 0.727683 0.907451
vt 0.465659 0.334310
vt 0.536209 0.334865
vt 0.727612 0.983812
vt 0.727526 0.989650
vt 0.533345 0.257717
vt 0.467815 0.258613
vt 0.463191 0.253603
vt 0.533345 0.252000
vt 0.385872 0.336297
vt 0.334963 0.332539
vt 0.324782 0.330493
vt 0.346775 0.330783
vt 0.367303 0.329308
vt 0.402572 0.332415
vt 0.403333 0.259387
vt 0.384681 0.256009
vt 0.369002 0.259292
vt 0.347468 0.257017
vt 0.323139 0.256820
vt 0.332450 0.254448
vt 0.311772 0.336444
vt 0.302902 0.337936
vt 0.301716 0.335323
vt 0.311111 0.333474
vt 0.058670 0.665750
vt 0.073891 0.664107
vt 0.042778 0.667441
vt 0.042572 0.657618
vt 0.057687 0.655838
vt 0.148300 0.578004
vt 0.132086 0.578331
vt 0.171212 0.577663
vt 0.153993 0.660442
vt 0.176317 0.659141
vt 0.202550 0.576923
vt 0.234637 0.575959
vt 0.205978 0.656925
vt 0.237382 0.653914
vt 0.259536 0.574382
vt 0.276623 0.574289
vt 0.296945 0.643386
vt 0.304525 0.642139
vt 0.285197 0.646468
vt 0.297084 0.633630
vt 0.305840 0.633236
vt 0.832938 0.560133
vt 0.826225 0.560229
vt 0.819573 0.560270
vt 0.812987 0.560277
vt 0.832903 0.480798
vt 0.833015 0.474666
vt 0.826286 0.480865
vt 0.826406 0.474723
vt 0.819705 0.480920
vt 0.819831 0.474788
vt 0.813302 0.474823
vt 0.793586 0.560636
vt 0.799994 0.560373
vt 0.009584 0.906213
vt 0.009441 0.911976
vt 0.793411 0.554162
vt 0.799850 0.553974
vt 0.806458 0.560288
vt 0.806345 0.553893
vt 0.793974 0.474353
vt 0.800370 0.474667
vt 0.009001 0.987415
vt 0.806810 0.474798
vt 0.078291 0.581774
vt 0.067853 0.582497
vt 0.085689 0.581176
vt 0.092046 0.580608
vt 0.098242 0.580098
vt 0.084489 0.663251
vt 0.092127 0.662835
vt 0.098475 0.662640
vt 0.120988 0.578724
vt 0.112749 0.579216
vt 0.105155 0.579650
vt 0.286682 0.569671
vt 0.285402 0.574215
vt 0.289690 0.577825
vt 0.265600 0.661072
vt 0.264684 0.650707
vt 0.025491 0.610786
vt 0.024305 0.596102
vt 0.026915 0.627460
vt 0.016201 0.628461
vt 0.014689 0.611837
vt 0.013276 0.597433
vt 0.040951 0.643021
vt 0.055916 0.641413
vt 0.509963 0.745153
vt 0.509555 0.763778
vt 0.509240 0.778494
vt 0.305118 0.609295
vt 0.314337 0.608808
vt 0.315379 0.622188
vt 0.306154 0.621969
vt 0.314198 0.634046
vt 0.450006 0.552477
vt 0.481155 0.552978
vt 0.418233 0.552110
vt 0.448600 0.724457
vt 0.480201 0.725577
vt 0.415881 0.722998
vt 0.385582 0.551962
vt 0.349659 0.552010
vt 0.382352 0.721162
vt 0.345728 0.718733
vt 0.944814 0.494778
vt 0.984876 0.494176
vt 0.951013 0.645905
vt 0.991261 0.658349
vt 0.870920 0.537073
vt 0.860463 0.654730
vt 0.080827 0.966624
vt 0.145439 0.966734
vt 0.082118 0.875435
vt 0.146730 0.875490
vt 0.208608 0.966845
vt 0.269602 0.966940
vt 0.209837 0.875474
vt 0.270583 0.875503
vt 0.327822 0.967028
vt 0.386848 0.967123
vt 0.328204 0.875630
vt 0.386669 0.875844
vt 0.450189 0.967247
vt 0.517691 0.967422
vt 0.449921 0.876141
vt 0.517497 0.876503
vt 0.589323 0.967663
vt 0.660781 0.967993
vt 0.589039 0.876874
vt 0.660311 0.877131
vt 0.727767 0.968579
vt 0.469374 0.272411
vt 0.533480 0.272893
vt 0.727102 0.877347
vt 0.472621 0.364875
vt 0.540546 0.362441
vt 0.361715 0.263601
vt 0.335007 0.261446
vt 0.359807 0.272497
vt 0.334668 0.269253
vt 0.320228 0.261076
vt 0.400407 0.366899
vt 0.342190 0.368272
vt 0.316268 0.369605
vt 0.306550 0.370197
vt 0.305325 0.356186
vt 0.315157 0.355403
vt 0.146020 0.530423
vt 0.171073 0.530485
vt 0.202506 0.530949
vt 0.238341 0.532493
vt 0.276665 0.535232
vt 0.306271 0.539720
vt 0.832840 0.496525
vt 0.826175 0.496606
vt 0.819553 0.496659
vt 0.828549 0.606164
vt 0.821654 0.604056
vt 0.814788 0.602031
vt 0.009220 0.927078
vt 0.799735 0.538016
vt 0.793285 0.538084
vt 0.806249 0.537972
vt 0.010444 0.840340
vt 0.784280 0.631374
vt 0.777997 0.629556
vt 0.790814 0.633251
vt 0.077334 0.532274
vt 0.066897 0.532676
vt 0.084431 0.531946
vt 0.090611 0.531635
vt 0.117525 0.491582
vt 0.109996 0.491711
vt 0.103436 0.491874
vt 0.316977 0.544898
vt 0.316508 0.543881
vt 0.319251 0.591993
vt 0.320356 0.582321
vt 0.316294 0.542170
vt 0.293980 0.596890
vt 0.294744 0.609788
vt 0.293451 0.586058
vt 0.303553 0.596404
vt 0.358958 0.323555
vt 0.407974 0.320989
vt 0.402675 0.308877
vt 0.403713 0.280358
vt 0.409180 0.269273
vt 0.333674 0.325543
vt 0.321072 0.326860
vt 0.334042 0.280799
vt 0.355368 0.282513
vt 0.290449 0.565587
vt 0.312720 0.595646
vt 0.312077 0.643022
vt 0.265660 0.668706
vt 0.296167 0.622146
vt 0.293507 0.580133
vt 0.030088 0.668056
vt 0.029989 0.658561
vt 0.028827 0.673659
vt 0.018776 0.673551
vt 0.018947 0.668152
vt 0.018614 0.659103
vt 0.036076 0.584431
vt 0.052355 0.583337
vt 0.033042 0.576680
vt 0.051813 0.575799
vt 0.310486 0.328799
vt 0.300861 0.330384
vt 0.300112 0.322167
vt 0.309809 0.321179
vt 0.308651 0.256215
vt 0.308770 0.253509
vt 0.299405 0.255397
vt 0.300177 0.253057
vt 0.299680 0.251535
vt 0.308906 0.251665
vt 0.388507 0.286833
vt 0.397876 0.295084
vt 0.387680 0.302399
vt 0.029897 0.680127
vt 0.028753 0.677448
vt 0.030123 0.682778
vt 0.019437 0.683565
vt 0.019248 0.681129
vt 0.018826 0.678515
vt 0.034806 0.571207
vt 0.051442 0.570024
vt 0.051196 0.565870
vt 0.051080 0.563386
vt 0.051064 0.561186
vt 0.051160 0.557752
vt 0.051065 0.549599
vt 0.033550 0.533761
vt 0.050660 0.533243
vt 0.033003 0.513173
vt 0.050360 0.512931
vt 0.032690 0.492911
vt 0.050266 0.492918
vt 0.032588 0.476952
vt 0.050265 0.477131
vt 0.032770 0.469232
vt 0.050401 0.469473
vt 0.033059 0.466438
vt 0.050601 0.466686
vt 0.033245 0.465176
vt 0.050725 0.465424
vt 0.042818 0.683048
vt 0.059975 0.682323
vt 0.010628 0.575469
vt 0.010611 0.571903
vt 0.021802 0.571557
vt 0.021104 0.575311
vt 0.009106 0.513209
vt 0.008993 0.492546
vt 0.019706 0.492783
vt 0.019982 0.513255
vt 0.009062 0.476259
vt 0.019659 0.476665
vt 0.017658 0.644974
vt 0.028663 0.644088
vt 0.304501 0.347262
vt 0.304190 0.345997
vt 0.313980 0.344515
vt 0.314335 0.345998
vt 0.009471 0.465556
vt 0.009601 0.464283
vt 0.020314 0.464803
vt 0.020133 0.466070
vt 0.019480 0.684848
vt 0.030123 0.684124
vt 0.304736 0.349607
vt 0.314603 0.348580
vt 0.009271 0.468388
vt 0.019864 0.468878
vt 0.011403 0.581987
vt 0.010229 0.578349
vt 0.018538 0.577517
vt 0.021638 0.580012
vt 0.299461 0.309509
vt 0.309107 0.308993
vt 0.009474 0.534243
vt 0.020507 0.534064
vt 0.298936 0.259954
vt 0.308721 0.260624
vt 0.012292 0.587939
vt 0.023313 0.586122
vt 0.018111 0.676571
vt 0.026057 0.676175
vt 0.299446 0.249382
vt 0.308920 0.249590
vt 0.510896 0.660314
vt 0.510766 0.630210
vt 0.513617 0.491294
vt 0.514780 0.462221
vt 0.510391 0.726374
vt 0.508956 0.790206
vt 0.509033 0.788128
vt 0.515256 0.450846
vt 0.509095 0.785544
vt 0.510757 0.619183
vt 0.511892 0.553531
s 1
f 1/1 1066/2 1080/3 280/4
f 947/5 1067/6 1066/2 1/1
f 948/7 1068/8 1067/6 947/5
f 949/9 1069/10 1068/8 948/7
f 950/11 1070/12 1069/10 949/9
f 951/13 1071/14 1070/12 950/11
f 956/15 1072/16 1071/14 951/13
f 7/17 1073/18 1072/16 956/15
f 957/19 1074/20 1073/18 7/17
f 293/21 1075/22 1074/20 957/19
f 8/23 1076/24 1075/22 293/21
f 959/25 1077/26 1076/24 8/23
f 9/27 1078/28 1077/26 959/25
f 960/29 1079/30 1078/28 9/27
f 280/4 1080/3 1079/31 960/32
f 55/33 56/34 766/35 779/36
f 56/34 57/37 27/38 766/35
f 57/37 58/39 28/40 27/38
f 58/39 59/41 29/42 28/40
f 59/41 60/43 30/44 29/42
f 60/43 61/45 31/46 30/44
f 61/45 62/47 32/48 31/46
f 62/47 63/49 33/50 32/48
f 63/49 64/51 34/52 33/50
f 64/51 65/53 35/54 34/52
f 65/53 66/55 36/56 35/54
f 66/55 67/57 37/58 36/56
f 67/57 68/59 38/60 37/58
f 68/59 69/61 159/62 38/60
f 69/63 55/33 779/36 159/64
f 25/65 146/66 41/67 40/68
f 146/66 147/69 42/70 41/67
f 147/69 148/71 43/72 42/70
f 148/71 149/73 44/74 43/72
f 149/73 150/75 45/76 44/74
f 150/75 151/77 46/78 45/76
f 151/77 152/79 47/80 46/78
f 152/79 153/81 48/82 47/80
f 153/81 154/83 49/84 48/82
f 154/83 155/85 50/86 49/84
f 155/85 156/87 51/88 50/86
f 156/87 157/89 52/90 51/88
f 157/89 158/91 53/92 52/90
f 158/91 39/93 54/94 53/92
f 39/95 25/65 40/68 54/96
f 55/97 70/98 71/99 56/100
f 56/100 71/99 72/101 57/102
f 57/102 72/101 73/103 58/104
f 58/104 73/103 74/105 59/106
f 59/106 74/105 75/107 60/108
f 60/108 75/107 76/109 61/110
f 61/110 76/109 77/111 62/112
f 62/112 77/111 78/113 63/114
f 63/114 78/113 79/115 64/116
f 64/116 79/115 80/117 65/118
f 65/118 80/117 81/119 66/120
f 66/120 81/119 82/121 67/122
f 67/122 82/121 83/123 68/124
f 68/124 83/123 84/125 69/126
f 69/127 84/128 70/98 55/97
f 70/98 10/129 11/130 71/99
f 71/99 11/130 12/131 72/101
f 72/101 12/131 13/132 73/103
f 73/103 13/132 14/133 74/105
f 74/105 14/133 15/134 75/107
f 75/107 15/134 16/135 76/109
f 76/109 16/135 17/136 77/111
f 77/111 17/136 18/137 78/113
f 78/113 18/137 19/138 79/115
f 79/115 19/138 20/139 80/117
f 80/117 20/139 21/140 81/119
f 81/119 21/140 22/141 82/121
f 82/121 22/141 23/142 83/123
f 83/123 23/142 24/143 84/125
f 84/128 24/144 10/129 70/98
f 100/145 101/146 86/147 175/148
f 101/146 102/149 87/150 86/147
f 102/149 103/151 88/152 87/150
f 103/151 104/153 89/154 88/152
f 104/153 105/155 90/156 89/154
f 105/155 106/157 91/158 90/156
f 106/157 107/159 92/160 91/158
f 107/159 108/161 93/162 92/160
f 108/161 109/163 94/164 93/162
f 109/163 110/165 95/166 94/164
f 110/165 111/167 96/168 95/166
f 111/167 112/169 97/170 96/168
f 112/169 113/171 98/172 97/170
f 113/171 114/173 189/174 98/172
f 114/175 100/145 175/148 189/176
f 130/177 115/178 116/179 131/180
f 131/180 116/179 117/181 132/182
f 132/182 117/181 118/183 133/184
f 133/184 118/183 119/185 134/186
f 134/186 119/185 120/187 135/188
f 135/188 120/187 121/189 136/190
f 136/190 121/189 122/191 137/192
f 137/192 122/191 123/193 138/194
f 138/194 123/193 124/195 139/196
f 139/196 124/195 125/197 140/198
f 140/198 125/197 126/199 141/200
f 141/200 126/199 127/201 142/202
f 142/202 127/201 128/203 143/204
f 143/204 128/203 129/205 144/206
f 144/207 129/208 115/178 130/177
f 115/178 40/68 41/67 116/179
f 116/179 41/67 42/70 117/181
f 117/181 42/70 43/72 118/183
f 118/183 43/72 44/74 119/185
f 119/185 44/74 45/76 120/187
f 120/187 45/76 46/78 121/189
f 121/189 46/78 47/80 122/191
f 122/191 47/80 48/82 123/193
f 123/193 48/82 49/84 124/195
f 124/195 49/84 50/86 125/197
f 125/197 50/86 51/88 126/199
f 126/199 51/88 52/90 127/201
f 127/201 52/90 53/92 128/203
f 128/203 53/92 54/94 129/205
f 129/208 54/96 40/68 115/178
f 100/145 130/177 131/180 101/146
f 101/146 131/180 132/182 102/149
f 102/149 132/182 133/184 103/151
f 103/151 133/184 134/186 104/153
f 104/153 134/186 135/188 105/155
f 105/155 135/188 136/190 106/157
f 106/157 136/190 137/192 107/159
f 107/159 137/192 138/194 108/161
f 108/161 138/194 139/196 109/163
f 109/163 139/196 140/198 110/165
f 110/165 140/198 141/200 111/167
f 111/167 141/200 142/202 112/169
f 112/169 142/202 143/204 113/171
f 113/171 143/204 144/206 114/173
f 114/175 144/207 130/177 100/145
f 25/209 145/210 26/211 146/212
f 146/212 26/211 767/213 147/214
f 147/214 767/213 768/215 148/216
f 148/216 768/215 769/217 149/218
f 149/218 769/217 770/219 150/220
f 150/220 770/219 771/221 151/222
f 151/222 771/221 772/223 152/224
f 152/224 772/223 773/225 153/226
f 153/226 773/225 774/227 154/228
f 154/228 774/227 775/229 155/230
f 155/230 775/229 776/231 156/232
f 156/232 776/231 777/233 157/234
f 157/234 777/233 778/235 158/236
f 158/236 778/235 780/237 39/238
f 39/239 780/240 145/210 25/209
f 85/241 176/242 161/243 160/244
f 176/242 177/245 162/246 161/243
f 177/245 178/247 163/248 162/246
f 178/247 179/249 164/250 163/248
f 179/249 180/251 165/252 164/250
f 180/251 181/253 166/254 165/252
f 181/253 182/255 167/256 166/254
f 182/255 183/257 168/258 167/256
f 183/257 184/259 169/260 168/258
f 184/259 185/261 170/262 169/260
f 185/261 186/263 171/264 170/262
f 186/263 187/265 172/266 171/264
f 187/265 188/267 173/268 172/266
f 188/267 99/269 174/270 173/268
f 99/271 85/241 160/244 174/272
f 85/273 175/148 86/147 176/274
f 176/274 86/147 87/150 177/275
f 177/275 87/150 88/152 178/276
f 178/276 88/152 89/154 179/277
f 179/277 89/154 90/156 180/278
f 180/278 90/156 91/158 181/279
f 181/279 91/158 92/160 182/280
f 182/280 92/160 93/162 183/281
f 183/281 93/162 94/164 184/282
f 184/282 94/164 95/166 185/283
f 185/283 95/166 96/168 186/284
f 186/284 96/168 97/170 187/285
f 187/285 97/170 98/172 188/286
f 188/286 98/172 189/174 99/287
f 99/288 189/176 175/148 85/273
f 856/289 857/290 191/291 901/292
f 857/290 858/293 192/294 191/291
f 858/293 859/295 193/296 192/294
f 859/295 860/297 194/298 193/296
f 860/297 861/299 195/300 194/298
f 861/299 862/301 196/302 195/300
f 862/301 863/303 197/304 196/302
f 863/303 864/305 198/306 197/304
f 864/305 865/307 199/308 198/306
f 865/307 866/309 200/310 199/308
f 866/309 867/311 201/312 200/310
f 867/311 868/313 202/314 201/312
f 868/313 869/315 203/316 202/314
f 869/315 870/317 915/318 203/316
f 870/319 856/289 901/292 915/320
f 190/321 902/322 206/323 205/324
f 902/322 903/325 207/326 206/323
f 903/325 904/327 208/328 207/326
f 904/327 905/329 209/330 208/328
f 905/329 906/331 210/332 209/330
f 906/331 907/333 211/334 210/332
f 907/333 908/335 212/336 211/334
f 908/335 909/337 213/338 212/336
f 909/337 910/339 214/340 213/338
f 910/339 911/341 215/342 214/340
f 911/341 912/343 216/344 215/342
f 912/343 913/345 217/346 216/344
f 913/345 914/347 218/348 217/346
f 914/347 204/349 219/350 218/348
f 204/351 190/321 205/324 219/352
f 235/353 236/354 221/355 250/356
f 236/354 237/357 222/358 221/355
f 237/357 238/359 223/360 222/358
f 238/359 239/361 224/362 223/360
f 239/361 240/363 225/364 224/362
f 240/363 241/365 226/366 225/364
f 241/365 242/367 227/368 226/366
f 242/367 243/369 228/370 227/368
f 243/369 244/371 229/372 228/370
f 244/371 245/373 230/374 229/372
f 245/373 246/375 231/376 230/374
f 246/375 247/377 232/378 231/376
f 247/377 248/379 233/380 232/378
f 248/379 249/381 264/382 233/380
f 249/383 235/353 250/356 264/384
f 235/385 811/386 812/387 236/388
f 236/388 812/387 813/389 237/390
f 237/390 813/389 814/391 238/392
f 238/392 814/391 815/393 239/394
f 239/394 815/393 816/395 240/396
f 240/396 816/395 817/397 241/398
f 241/398 817/397 818/399 242/400
f 242/400 818/399 819/401 243/402
f 243/402 819/401 820/403 244/404
f 244/404 820/403 821/405 245/406
f 245/406 821/405 822/407 246/408
f 246/408 822/407 823/409 247/410
f 247/410 823/409 824/411 248/412
f 248/412 824/411 825/413 249/414
f 249/415 825/416 811/386 235/385
f 220/417 265/418 266/419 251/420
f 251/420 266/419 267/421 252/422
f 252/422 267/421 268/423 253/424
f 253/424 268/423 269/425 254/426
f 254/426 269/425 270/427 255/428
f 255/428 270/427 271/429 256/430
f 256/430 271/429 272/431 257/432
f 257/432 272/431 273/433 258/434
f 258/434 273/433 274/435 259/436
f 259/436 274/435 275/437 260/438
f 260/438 275/437 276/439 261/440
f 261/440 276/439 277/441 262/442
f 262/442 277/441 278/443 263/444
f 263/444 278/443 279/445 234/446
f 234/447 279/448 265/418 220/417
f 265/418 250/356 221/355 266/419
f 266/419 221/355 222/358 267/421
f 267/421 222/358 223/360 268/423
f 268/423 223/360 224/362 269/425
f 269/425 224/362 225/364 270/427
f 270/427 225/364 226/366 271/429
f 271/429 226/366 227/368 272/431
f 272/431 227/368 228/370 273/433
f 273/433 228/370 229/372 274/435
f 274/435 229/372 230/374 275/437
f 275/437 230/374 231/376 276/439
f 276/439 231/376 232/378 277/441
f 277/441 232/378 233/380 278/443
f 278/443 233/380 264/382 279/445
f 279/448 264/384 250/356 265/418
f 1082/449 1081/450 946/451 955/452
f 1081/450 1083/453 2/454 946/451
f 1083/453 1084/455 3/456 2/454
f 1084/455 1085/457 4/458 3/456
f 1085/457 1086/459 5/460 4/458
f 1086/459 1087/461 6/462 5/460
f 1087/461 1088/463 288/464 6/462
f 1088/463 1089/465 952/466 288/464
f 1089/465 1090/467 291/468 952/466
f 1090/467 1091/469 958/470 291/468
f 1091/469 1092/471 953/472 958/470
f 1092/471 1093/473 296/474 953/472
f 1093/473 1094/475 954/476 296/474
f 1094/475 1095/477 299/478 954/476
f 1095/479 1082/449 955/452 299/480
f 316/481 319/482 318/483 317/484
f 317/484 318/483 723/485 320/486
f 320/486 723/485 724/487 322/488
f 322/488 724/487 725/489 324/490
f 324/490 725/489 726/491 326/492
f 326/492 726/491 727/493 328/494
f 328/494 727/493 728/495 330/496
f 330/496 728/495 729/497 332/498
f 332/498 729/497 730/499 334/500
f 334/500 730/499 731/501 336/502
f 336/502 731/501 732/503 338/504
f 338/504 732/503 733/505 340/506
f 340/506 733/505 734/507 342/508
f 342/508 734/507 345/509 344/510
f 344/511 345/512 319/482 316/481
f 631/513 349/514 348/515 632/516
f 632/516 348/515 636/517 635/518
f 635/518 636/517 638/519 637/520
f 637/520 638/519 640/521 639/522
f 639/522 640/521 642/523 641/524
f 641/524 642/523 644/525 643/526
f 643/526 644/525 646/527 645/528
f 645/528 646/527 648/529 647/530
f 647/530 648/529 650/531 649/532
f 649/532 650/531 652/533 651/534
f 651/534 652/533 654/535 653/536
f 653/536 654/535 656/537 655/538
f 655/538 656/537 658/539 657/540
f 657/540 658/539 375/541 659/542
f 659/543 375/544 349/514 631/513
f 316/481 317/484 377/545 376/546
f 317/484 320/486 378/547 377/545
f 320/486 322/488 379/548 378/547
f 322/488 324/490 380/549 379/548
f 324/490 326/492 381/550 380/549
f 326/492 328/494 382/551 381/550
f 328/494 330/496 383/552 382/551
f 330/496 332/498 384/553 383/552
f 332/498 334/500 385/554 384/553
f 334/500 336/502 386/555 385/554
f 336/502 338/504 387/556 386/555
f 338/504 340/506 388/557 387/556
f 340/506 342/508 389/558 388/557
f 342/508 344/510 390/559 389/558
f 344/511 316/481 376/546 390/560
f 376/561 377/562 281/563 282/564
f 377/562 378/565 283/566 281/563
f 378/565 379/567 284/568 283/566
f 379/567 380/569 285/570 284/568
f 380/569 381/571 286/572 285/570
f 381/571 382/573 287/574 286/572
f 382/573 383/575 289/576 287/574
f 383/575 384/577 290/578 289/576
f 384/577 385/579 292/580 290/578
f 385/579 386/581 294/582 292/580
f 386/581 387/583 295/584 294/582
f 387/583 388/585 297/586 295/584
f 388/585 389/587 298/588 297/586
f 389/587 390/589 300/590 298/588
f 390/591 376/561 282/564 300/592
f 391/593 394/594 393/595 392/596
f 392/596 393/595 396/597 395/598
f 395/598 396/597 398/599 397/600
f 397/600 398/599 400/601 399/602
f 399/602 400/601 402/603 401/604
f 401/604 402/603 404/605 403/606
f 403/606 404/605 406/607 405/608
f 405/608 406/607 408/609 407/610
f 407/610 408/609 410/611 409/612
f 409/612 410/611 412/613 411/614
f 411/614 412/613 414/615 413/616
f 413/616 414/615 416/617 415/618
f 415/618 416/617 418/619 417/620
f 417/620 418/619 420/621 419/622
f 419/623 420/624 394/594 391/593
f 421/625 424/626 423/627 422/628
f 424/626 426/629 425/630 423/627
f 426/629 428/631 427/632 425/630
f 428/631 430/633 429/634 427/632
f 430/633 432/635 431/636 429/634
f 432/635 434/637 433/638 431/636
f 434/637 436/639 435/640 433/638
f 436/639 438/641 437/642 435/640
f 438/641 440/643 439/644 437/642
f 440/643 442/645 441/646 439/644
f 442/645 444/647 443/648 441/646
f 444/647 446/649 445/650 443/648
f 446/649 448/651 447/652 445/650
f 448/651 450/653 449/654 447/652
f 450/655 421/625 422/628 449/656
f 422/657 423/658 633/659 634/660
f 423/658 425/661 351/662 633/659
f 425/661 427/663 353/664 351/662
f 427/663 429/665 355/666 353/664
f 429/665 431/667 357/668 355/666
f 431/667 433/669 359/670 357/668
f 433/669 435/671 361/672 359/670
f 435/671 437/673 363/674 361/672
f 437/673 439/675 365/676 363/674
f 439/675 441/677 367/678 365/676
f 441/677 443/679 369/680 367/678
f 443/679 445/681 371/682 369/680
f 445/681 447/683 373/684 371/682
f 447/683 449/685 660/686 373/684
f 449/687 422/657 634/660 660/688
f 391/593 392/596 424/626 421/625
f 392/596 395/598 426/629 424/626
f 395/598 397/600 428/631 426/629
f 397/600 399/602 430/633 428/631
f 399/602 401/604 432/635 430/633
f 401/604 403/606 434/637 432/635
f 403/606 405/608 436/639 434/637
f 405/608 407/610 438/641 436/639
f 407/610 409/612 440/643 438/641
f 409/612 411/614 442/645 440/643
f 411/614 413/616 444/647 442/645
f 413/616 415/618 446/649 444/647
f 415/618 417/620 448/651 446/649
f 417/620 419/622 450/653 448/651
f 419/623 391/593 421/625 450/655
f 346/689 347/690 721/691 722/692
f 347/690 350/693 321/694 721/691
f 350/693 352/695 323/696 321/694
f 352/695 354/697 325/698 323/696
f 354/697 356/699 327/700 325/698
f 356/699 358/701 329/702 327/700
f 358/701 360/703 331/704 329/702
f 360/703 362/705 333/706 331/704
f 362/705 364/707 335/708 333/706
f 364/707 366/709 337/710 335/708
f 366/709 368/711 339/712 337/710
f 368/711 370/713 341/714 339/712
f 370/713 372/715 343/716 341/714
f 372/715 374/717 735/718 343/716
f 374/719 346/689 722/692 735/720
f 451/721 454/722 453/723 452/724
f 452/724 453/723 603/725 455/726
f 455/726 603/725 604/727 457/728
f 457/728 604/727 605/729 459/730
f 459/730 605/729 606/731 461/732
f 461/732 606/731 607/733 463/734
f 463/734 607/733 608/735 465/736
f 465/736 608/735 609/737 467/738
f 467/738 609/737 610/739 469/740
f 469/740 610/739 611/741 471/742
f 471/742 611/741 612/743 473/744
f 473/744 612/743 613/745 475/746
f 475/746 613/745 614/747 477/748
f 477/748 614/747 480/749 479/750
f 479/751 480/752 454/722 451/721
f 451/721 452/724 393/595 394/594
f 452/724 455/726 396/597 393/595
f 455/726 457/728 398/599 396/597
f 457/728 459/730 400/601 398/599
f 459/730 461/732 402/603 400/601
f 461/732 463/734 404/605 402/603
f 463/734 465/736 406/607 404/605
f 465/736 467/738 408/609 406/607
f 467/738 469/740 410/611 408/609
f 469/740 471/742 412/613 410/611
f 471/742 473/744 414/615 412/613
f 473/744 475/746 416/617 414/615
f 475/746 477/748 418/619 416/617
f 477/748 479/750 420/621 418/619
f 479/751 451/721 394/594 420/624
f 602/753 482/754 481/755 601/756
f 601/756 481/755 483/757 456/758
f 456/758 483/757 484/759 458/760
f 458/760 484/759 485/761 460/762
f 460/762 485/761 486/763 462/764
f 462/764 486/763 487/765 464/766
f 464/766 487/765 488/767 466/768
f 466/768 488/767 489/769 468/770
f 468/770 489/769 490/771 470/772
f 470/772 490/771 491/773 472/774
f 472/774 491/773 492/775 474/776
f 474/776 492/775 493/777 476/778
f 476/778 493/777 494/779 478/780
f 478/780 494/779 495/781 615/782
f 615/783 495/784 482/754 602/753
f 482/754 497/785 496/786 481/755
f 481/755 496/786 498/787 483/757
f 483/757 498/787 499/788 484/759
f 484/759 499/788 500/789 485/761
f 485/761 500/789 501/790 486/763
f 486/763 501/790 502/791 487/765
f 487/765 502/791 503/792 488/767
f 488/767 503/792 504/793 489/769
f 489/769 504/793 505/794 490/771
f 490/771 505/794 506/795 491/773
f 491/773 506/795 507/796 492/775
f 492/775 507/796 508/797 493/777
f 493/777 508/797 509/798 494/779
f 494/779 509/798 510/799 495/781
f 495/784 510/800 497/785 482/754
f 511/801 514/802 513/803 512/804
f 512/804 513/803 516/805 515/806
f 515/806 516/805 518/807 517/808
f 517/808 518/807 520/809 519/810
f 519/810 520/809 522/811 521/812
f 521/812 522/811 524/813 523/814
f 523/814 524/813 526/815 525/816
f 525/816 526/815 528/817 527/818
f 527/818 528/817 530/819 529/820
f 529/820 530/819 532/821 531/822
f 531/822 532/821 534/823 533/824
f 533/824 534/823 536/825 535/826
f 535/826 536/825 538/827 537/828
f 537/828 538/827 540/829 539/830
f 539/831 540/832 514/802 511/801
f 511/833 512/834 556/835 557/836
f 512/834 515/837 558/838 556/835
f 515/837 517/839 559/840 558/838
f 517/839 519/841 560/842 559/840
f 519/841 521/843 561/844 560/842
f 521/843 523/845 562/846 561/844
f 523/845 525/847 563/848 562/846
f 525/847 527/849 564/850 563/848
f 527/849 529/851 565/852 564/850
f 529/851 531/853 566/854 565/852
f 531/853 533/855 567/856 566/854
f 533/855 535/857 568/858 567/856
f 535/857 537/859 569/860 568/858
f 537/859 539/861 570/862 569/860
f 539/863 511/833 557/836 570/864
f 301/865 302/866 542/867 541/868
f 302/866 303/869 543/870 542/867
f 303/869 304/871 544/872 543/870
f 304/871 305/873 545/874 544/872
f 305/873 306/875 546/876 545/874
f 306/875 307/877 547/878 546/876
f 307/877 308/879 548/880 547/878
f 308/879 309/881 549/882 548/880
f 309/881 310/883 550/884 549/882
f 310/883 311/885 551/886 550/884
f 311/885 312/887 552/888 551/886
f 312/887 313/889 553/890 552/888
f 313/889 314/891 554/892 553/890
f 314/891 315/893 555/894 554/892
f 315/895 301/865 541/868 555/896
f 541/868 542/867 513/803 514/802
f 542/867 543/870 516/805 513/803
f 543/870 544/872 518/807 516/805
f 544/872 545/874 520/809 518/807
f 545/874 546/876 522/811 520/809
f 546/876 547/878 524/813 522/811
f 547/878 548/880 526/815 524/813
f 548/880 549/882 528/817 526/815
f 549/882 550/884 530/819 528/817
f 550/884 551/886 532/821 530/819
f 551/886 552/888 534/823 532/821
f 552/888 553/890 536/825 534/823
f 553/890 554/892 538/827 536/825
f 554/892 555/894 540/829 538/827
f 555/896 541/868 514/802 540/832
f 556/835 572/897 574/898 557/836
f 558/838 576/899 572/897 556/835
f 559/840 578/900 576/899 558/838
f 560/842 580/901 578/900 559/840
f 561/844 582/902 580/901 560/842
f 562/846 584/903 582/902 561/844
f 563/848 586/904 584/903 562/846
f 564/850 588/905 586/904 563/848
f 565/852 590/906 588/905 564/850
f 566/854 592/907 590/906 565/852
f 567/856 594/908 592/907 566/854
f 568/858 596/909 594/908 567/856
f 569/860 598/910 596/909 568/858
f 570/862 600/911 598/910 569/860
f 557/836 574/898 600/912 570/864
f 572/897 571/913 573/914 574/898
f 571/913 496/786 497/785 573/914
f 576/899 575/915 571/913 572/897
f 575/915 498/787 496/786 571/913
f 578/900 577/916 575/915 576/899
f 577/916 499/788 498/787 575/915
f 580/901 579/917 577/916 578/900
f 579/917 500/789 499/788 577/916
f 582/902 581/918 579/917 580/901
f 581/918 501/790 500/789 579/917
f 584/903 583/919 581/918 582/902
f 583/919 502/791 501/790 581/918
f 586/904 585/920 583/919 584/903
f 585/920 503/792 502/791 583/919
f 588/905 587/921 585/920 586/904
f 587/921 504/793 503/792 585/920
f 590/906 589/922 587/921 588/905
f 589/922 505/794 504/793 587/921
f 592/907 591/923 589/922 590/906
f 591/923 506/795 505/794 589/922
f 594/908 593/924 591/923 592/907
f 593/924 507/796 506/795 591/923
f 596/909 595/925 593/924 594/908
f 595/925 508/797 507/796 593/924
f 598/910 597/926 595/925 596/909
f 597/926 509/798 508/797 595/925
f 600/911 599/927 597/926 598/910
f 599/927 510/799 509/798 597/926
f 574/898 573/914 599/928 600/912
f 573/914 497/785 510/800 599/928
f 601/756 616/929 617/930 602/753
f 456/758 618/931 616/929 601/756
f 458/760 619/932 618/931 456/758
f 460/762 620/933 619/932 458/760
f 462/764 621/934 620/933 460/762
f 464/766 622/935 621/934 462/764
f 466/768 623/936 622/935 464/766
f 468/770 624/937 623/936 466/768
f 470/772 625/938 624/937 468/770
f 472/774 626/939 625/938 470/772
f 474/776 627/940 626/939 472/774
f 476/778 628/941 627/940 474/776
f 478/780 629/942 628/941 476/778
f 615/782 630/943 629/942 478/780
f 602/753 617/930 630/944 615/783
f 616/929 453/945 454/946 617/930
f 618/931 603/947 453/945 616/929
f 619/932 604/948 603/947 618/931
f 620/933 605/949 604/948 619/932
f 621/934 606/950 605/949 620/933
f 622/935 607/951 606/950 621/934
f 623/936 608/952 607/951 622/935
f 624/937 609/953 608/952 623/936
f 625/938 610/954 609/953 624/937
f 626/939 611/955 610/954 625/938
f 627/940 612/956 611/955 626/939
f 628/941 613/957 612/956 627/940
f 629/942 614/958 613/957 628/941
f 630/943 480/959 614/958 629/942
f 617/930 454/946 480/960 630/944
f 632/516 664/961 662/962 631/513
f 633/659 666/963 668/964 634/660
f 635/518 670/965 664/961 632/516
f 351/662 671/966 666/963 633/659
f 637/520 674/967 670/965 635/518
f 353/664 675/968 671/966 351/662
f 639/522 678/969 674/967 637/520
f 355/666 679/970 675/968 353/664
f 641/524 682/971 678/969 639/522
f 357/668 683/972 679/970 355/666
f 643/526 686/973 682/971 641/524
f 359/670 687/974 683/972 357/668
f 645/528 690/975 686/973 643/526
f 361/672 691/976 687/974 359/670
f 647/530 694/977 690/975 645/528
f 363/674 695/978 691/976 361/672
f 649/532 698/979 694/977 647/530
f 365/676 699/980 695/978 363/674
f 651/534 702/981 698/979 649/532
f 367/678 703/982 699/980 365/676
f 653/536 706/983 702/981 651/534
f 369/680 707/984 703/982 367/678
f 655/538 710/985 706/983 653/536
f 371/682 711/986 707/984 369/680
f 657/540 714/987 710/985 655/538
f 373/684 715/988 711/986 371/682
f 659/542 718/989 714/987 657/540
f 660/686 720/990 715/988 373/684
f 631/513 662/962 718/991 659/543
f 634/660 668/964 720/992 660/688
f 664/961 663/993 661/994 662/962
f 663/993 347/690 346/689 661/994
f 666/963 665/995 667/996 668/964
f 665/995 348/515 349/514 667/996
f 670/965 669/997 663/993 664/961
f 669/997 350/693 347/690 663/993
f 671/966 672/998 665/995 666/963
f 672/998 636/517 348/515 665/995
f 674/967 673/999 669/997 670/965
f 673/999 352/695 350/693 669/997
f 675/968 676/1000 672/998 671/966
f 676/1000 638/519 636/517 672/998
f 678/969 677/1001 673/999 674/967
f 677/1001 354/697 352/695 673/999
f 679/970 680/1002 676/1000 675/968
f 680/1002 640/521 638/519 676/1000
f 682/971 681/1003 677/1001 678/969
f 681/1003 356/699 354/697 677/1001
f 683/972 684/1004 680/1002 679/970
f 684/1004 642/523 640/521 680/1002
f 686/973 685/1005 681/1003 682/971
f 685/1005 358/701 356/699 681/1003
f 687/974 688/1006 684/1004 683/972
f 688/1006 644/525 642/523 684/1004
f 690/975 689/1007 685/1005 686/973
f 689/1007 360/703 358/701 685/1005
f 691/976 692/1008 688/1006 687/974
f 692/1008 646/527 644/525 688/1006
f 694/977 693/1009 689/1007 690/975
f 693/1009 362/705 360/703 689/1007
f 695/978 696/1010 692/1008 691/976
f 696/1010 648/529 646/527 692/1008
f 698/979 697/1011 693/1009 694/977
f 697/1011 364/707 362/705 693/1009
f 699/980 700/1012 696/1010 695/978
f 700/1012 650/531 648/529 696/1010
f 702/981 701/1013 697/1011 698/979
f 701/1013 366/709 364/707 697/1011
f 703/982 704/1014 700/1012 699/980
f 704/1014 652/533 650/531 700/1012
f 706/983 705/1015 701/1013 702/981
f 705/1015 368/711 366/709 701/1013
f 707/984 708/1016 704/1014 703/982
f 708/1016 654/535 652/533 704/1014
f 710/985 709/1017 705/1015 706/983
f 709/1017 370/713 368/711 705/1015
f 711/986 712/1018 708/1016 707/984
f 712/1018 656/537 654/535 708/1016
f 714/987 713/1019 709/1017 710/985
f 713/1019 372/715 370/713 709/1017
f 715/988 716/1020 712/1018 711/986
f 716/1020 658/539 656/537 712/1018
f 718/989 717/1021 713/1019 714/987
f 717/1021 374/717 372/715 713/1019
f 720/990 719/1022 716/1020 715/988
f 719/1022 375/541 658/539 716/1020
f 662/962 661/994 717/1023 718/991
f 661/994 346/689 374/719 717/1023
f 668/964 667/996 719/1024 720/992
f 667/996 349/514 375/544 719/1024
f 721/691 737/1025 739/1026 722/692
f 321/694 740/1027 737/1025 721/691
f 323/696 742/1028 740/1027 321/694
f 325/698 744/1029 742/1028 323/696
f 327/700 746/1030 744/1029 325/698
f 329/702 748/1031 746/1030 327/700
f 331/704 750/1032 748/1031 329/702
f 333/706 752/1033 750/1032 331/704
f 335/708 754/1034 752/1033 333/706
f 337/710 756/1035 754/1034 335/708
f 339/712 758/1036 756/1035 337/710
f 341/714 760/1037 758/1036 339/712
f 343/716 762/1038 760/1037 341/714
f 735/718 765/1039 762/1038 343/716
f 722/692 739/1026 765/1040 735/720
f 737/1025 736/1041 738/1042 739/1026
f 736/1041 318/1043 319/1044 738/1042
f 740/1027 741/1045 736/1041 737/1025
f 741/1045 723/1046 318/1043 736/1041
f 742/1028 743/1047 741/1045 740/1027
f 743/1047 724/1048 723/1046 741/1045
f 744/1029 745/1049 743/1047 742/1028
f 745/1049 725/1050 724/1048 743/1047
f 746/1030 747/1051 745/1049 744/1029
f 747/1051 726/1052 725/1050 745/1049
f 748/1031 749/1053 747/1051 746/1030
f 749/1053 727/1054 726/1052 747/1051
f 750/1032 751/1055 749/1053 748/1031
f 751/1055 728/1056 727/1054 749/1053
f 752/1033 753/1057 751/1055 750/1032
f 753/1057 729/1058 728/1056 751/1055
f 754/1034 755/1059 753/1057 752/1033
f 755/1059 730/1060 729/1058 753/1057
f 756/1035 757/1061 755/1059 754/1034
f 757/1061 731/1062 730/1060 755/1059
f 758/1036 759/1063 757/1061 756/1035
f 759/1063 732/1064 731/1062 757/1061
f 760/1037 761/1065 759/1063 758/1036
f 761/1065 733/1066 732/1064 759/1063
f 762/1038 763/1067 761/1065 760/1037
f 763/1067 734/1068 733/1066 761/1065
f 765/1039 764/1069 763/1067 762/1038
f 764/1069 345/1070 734/1068 763/1067
f 739/1026 738/1042 764/1071 765/1040
f 738/1042 319/1044 345/1072 764/1071
f 145/210 807/1073 781/1074 26/211
f 26/211 781/1074 784/1075 767/213
f 767/213 784/1075 786/1076 768/215
f 768/215 786/1076 788/1077 769/217
f 769/217 788/1077 790/1078 770/219
f 770/219 790/1078 792/1079 771/221
f 771/221 792/1079 794/1080 772/223
f 772/223 794/1080 796/1081 773/225
f 773/225 796/1081 798/1082 774/227
f 774/227 798/1082 800/1083 775/229
f 775/229 800/1083 802/1084 776/231
f 776/231 802/1084 804/1085 777/233
f 777/233 804/1085 806/1086 778/235
f 778/235 806/1086 810/1087 780/237
f 780/240 810/1088 807/1073 145/210
f 807/1073 808/1089 782/1090 781/1074
f 808/1089 779/36 766/35 782/1090
f 781/1074 782/1090 783/1091 784/1075
f 782/1090 766/35 27/38 783/1091
f 784/1075 783/1091 785/1092 786/1076
f 783/1091 27/38 28/40 785/1092
f 786/1076 785/1092 787/1093 788/1077
f 785/1092 28/40 29/42 787/1093
f 788/1077 787/1093 789/1094 790/1078
f 787/1093 29/42 30/44 789/1094
f 790/1078 789/1094 791/1095 792/1079
f 789/1094 30/44 31/46 791/1095
f 792/1079 791/1095 793/1096 794/1080
f 791/1095 31/46 32/48 793/1096
f 794/1080 793/1096 795/1097 796/1081
f 793/1096 32/48 33/50 795/1097
f 796/1081 795/1097 797/1098 798/1082
f 795/1097 33/50 34/52 797/1098
f 798/1082 797/1098 799/1099 800/1083
f 797/1098 34/52 35/54 799/1099
f 800/1083 799/1099 801/1100 802/1084
f 799/1099 35/54 36/56 801/1100
f 802/1084 801/1100 803/1101 804/1085
f 801/1100 36/56 37/58 803/1101
f 804/1085 803/1101 805/1102 806/1086
f 803/1101 37/58 38/60 805/1102
f 806/1086 805/1102 809/1103 810/1087
f 805/1102 38/60 159/62 809/1103
f 810/1088 809/1104 808/1089 807/1073
f 809/1104 159/64 779/36 808/1089
f 811/386 827/1105 829/1106 812/387
f 812/387 829/1106 831/1107 813/389
f 813/389 831/1107 833/1108 814/391
f 814/391 833/1108 835/1109 815/393
f 815/393 835/1109 837/1110 816/395
f 816/395 837/1110 839/1111 817/397
f 817/397 839/1111 841/1112 818/399
f 818/399 841/1112 843/1113 819/401
f 819/401 843/1113 845/1114 820/403
f 820/403 845/1114 847/1115 821/405
f 821/405 847/1115 849/1116 822/407
f 822/407 849/1116 851/1117 823/409
f 823/409 851/1117 853/1118 824/411
f 824/411 853/1118 855/1119 825/413
f 825/416 855/1120 827/1105 811/386
f 827/1105 826/1121 828/1122 829/1106
f 826/1121 205/324 206/323 828/1122
f 829/1106 828/1122 830/1123 831/1107
f 828/1122 206/323 207/326 830/1123
f 831/1107 830/1123 832/1124 833/1108
f 830/1123 207/326 208/328 832/1124
f 833/1108 832/1124 834/1125 835/1109
f 832/1124 208/328 209/330 834/1125
f 835/1109 834/1125 836/1126 837/1110
f 834/1125 209/330 210/332 836/1126
f 837/1110 836/1126 838/1127 839/1111
f 836/1126 210/332 211/334 838/1127
f 839/1111 838/1127 840/1128 841/1112
f 838/1127 211/334 212/336 840/1128
f 841/1112 840/1128 842/1129 843/1113
f 840/1128 212/336 213/338 842/1129
f 843/1113 842/1129 844/1130 845/1114
f 842/1129 213/338 214/340 844/1130
f 845/1114 844/1130 846/1131 847/1115
f 844/1130 214/340 215/342 846/1131
f 847/1115 846/1131 848/1132 849/1116
f 846/1131 215/342 216/344 848/1132
f 849/1116 848/1132 850/1133 851/1117
f 848/1132 216/344 217/346 850/1133
f 851/1117 850/1133 852/1134 853/1118
f 850/1133 217/346 218/348 852/1134
f 853/1118 852/1134 854/1135 855/1119
f 852/1134 218/348 219/350 854/1135
f 855/1120 854/1136 826/1121 827/1105
f 854/1136 219/352 205/324 826/1121
f 856/289 872/1137 874/1138 857/290
f 857/290 874/1138 876/1139 858/293
f 858/293 876/1139 878/1140 859/295
f 859/295 878/1140 880/1141 860/297
f 860/297 880/1141 882/1142 861/299
f 861/299 882/1142 884/1143 862/301
f 862/301 884/1143 886/1144 863/303
f 863/303 886/1144 888/1145 864/305
f 864/305 888/1145 890/1146 865/307
f 865/307 890/1146 892/1147 866/309
f 866/309 892/1147 894/1148 867/311
f 867/311 894/1148 896/1149 868/313
f 868/313 896/1149 898/1150 869/315
f 869/315 898/1150 900/1151 870/317
f 870/319 900/1152 872/1137 856/289
f 872/1137 871/1153 873/1154 874/1138
f 871/1153 160/244 161/243 873/1154
f 874/1138 873/1154 875/1155 876/1139
f 873/1154 161/243 162/246 875/1155
f 876/1139 875/1155 877/1156 878/1140
f 875/1155 162/246 163/248 877/1156
f 878/1140 877/1156 879/1157 880/1141
f 877/1156 163/248 164/250 879/1157
f 880/1141 879/1157 881/1158 882/1142
f 879/1157 164/250 165/252 881/1158
f 882/1142 881/1158 883/1159 884/1143
f 881/1158 165/252 166/254 883/1159
f 884/1143 883/1159 885/1160 886/1144
f 883/1159 166/254 167/256 885/1160
f 886/1144 885/1160 887/1161 888/1145
f 885/1160 167/256 168/258 887/1161
f 888/1145 887/1161 889/1162 890/1146
f 887/1161 168/258 169/260 889/1162
f 890/1146 889/1162 891/1163 892/1147
f 889/1162 169/260 170/262 891/1163
f 892/1147 891/1163 893/1164 894/1148
f 891/1163 170/262 171/264 893/1164
f 894/1148 893/1164 895/1165 896/1149
f 893/1164 171/264 172/266 895/1165
f 896/1149 895/1165 897/1166 898/1150
f 895/1165 172/266 173/268 897/1166
f 898/1150 897/1166 899/1167 900/1151
f 897/1166 173/268 174/270 899/1167
f 900/1152 899/1168 871/1153 872/1137
f 899/1168 174/272 160/244 871/1153
f 190/321 916/1169 919/1170 902/322
f 902/322 919/1170 921/1171 903/325
f 903/325 921/1171 923/1172 904/327
f 904/327 923/1172 925/1173 905/329
f 905/329 925/1173 927/1174 906/331
f 906/331 927/1174 929/1175 907/333
f 907/333 929/1175 931/1176 908/335
f 908/335 931/1176 933/1177 909/337
f 909/337 933/1177 935/1178 910/339
f 910/339 935/1178 937/1179 911/341
f 911/341 937/1179 939/1180 912/343
f 912/343 939/1180 941/1181 913/345
f 913/345 941/1181 943/1182 914/347
f 914/347 943/1182 944/1183 204/349
f 204/351 944/1184 916/1169 190/321
f 916/1169 917/1185 918/1186 919/1170
f 917/1185 901/292 191/291 918/1186
f 919/1170 918/1186 920/1187 921/1171
f 918/1186 191/291 192/294 920/1187
f 921/1171 920/1187 922/1188 923/1172
f 920/1187 192/294 193/296 922/1188
f 923/1172 922/1188 924/1189 925/1173
f 922/1188 193/296 194/298 924/1189
f 925/1173 924/1189 926/1190 927/1174
f 924/1189 194/298 195/300 926/1190
f 927/1174 926/1190 928/1191 929/1175
f 926/1190 195/300 196/302 928/1191
f 929/1175 928/1191 930/1192 931/1176
f 928/1191 196/302 197/304 930/1192
f 931/1176 930/1192 932/1193 933/1177
f 930/1192 197/304 198/306 932/1193
f 933/1177 932/1193 934/1194 935/1178
f 932/1193 198/306 199/308 934/1194
f 935/1178 934/1194 936/1195 937/1179
f 934/1194 199/308 200/310 936/1195
f 937/1179 936/1195 938/1196 939/1180
f 936/1195 200/310 201/312 938/1196
f 939/1180 938/1196 940/1197 941/1181
f 938/1196 201/312 202/314 940/1197
f 941/1181 940/1197 942/1198 943/1182
f 940/1197 202/314 203/316 942/1198
f 943/1182 942/1198 945/1199 944/1183
f 942/1198 203/316 915/318 945/1199
f 944/1184 945/1200 917/1185 916/1169
f 945/1200 915/320 901/292 917/1185
f 280/1201 970/1202 961/1203 1/1204
f 1/1204 961/1203 962/1205 947/1206
f 947/1206 962/1205 963/1207 948/1208
f 948/1208 963/1207 964/1209 949/1210
f 949/1210 964/1209 965/1211 950/1212
f 950/1212 965/1211 966/1213 951/1214
f 951/1214 966/1213 971/1215 956/1216
f 7/1217 967/1218 972/1219 957/1220
f 293/1221 973/1222 968/1223 8/1224
f 959/1225 974/1226 969/1227 9/1228
f 952/1229 967/1230 971/1231 288/1232
f 958/1233 973/1234 972/1235 291/1236
f 296/1237 974/1238 968/1239 953/1240
f 299/1241 975/1242 969/1243 954/1244
f 955/1245 970/1246 975/1247 299/1248
f 970/1202 955/452 946/451 961/1203
f 961/1203 946/451 2/454 962/1205
f 962/1205 2/454 3/456 963/1207
f 963/1207 3/456 4/458 964/1209
f 964/1209 4/458 5/460 965/1211
f 965/1211 5/460 6/462 966/1213
f 966/1213 6/462 288/464 971/1215
f 967/1218 952/466 291/468 972/1219
f 973/1222 958/470 953/472 968/1223
f 974/1226 296/474 954/476 969/1227
f 967/1230 7/1249 956/1250 971/1231
f 973/1234 293/1251 957/1252 972/1235
f 974/1238 959/1253 8/1254 968/1239
f 975/1242 960/1255 9/1256 969/1243
f 970/1246 280/1257 960/1255 975/1247
f 11/1258 10/1259 977/1260 976/1261
f 12/1262 11/1258 976/1261 978/1263
f 13/1264 12/1262 978/1263 979/1265
f 14/1266 13/1264 979/1265 980/1267
f 15/1268 14/1266 980/1267 981/1269
f 16/1270 15/1268 981/1269 982/1271
f 17/1272 16/1270 982/1271 983/1273
f 18/1274 17/1272 983/1273 984/1275
f 19/1276 18/1274 984/1275 985/1277
f 20/1278 19/1276 985/1277 986/1279
f 21/1280 20/1278 986/1279 987/1281
f 22/1282 21/1280 987/1281 988/1283
f 23/1284 22/1282 988/1283 989/1285
f 24/1286 23/1284 989/1285 990/1287
f 10/1259 24/1288 990/1289 977/1260
f 976/1261 977/1260 1005/1290 991/1291
f 978/1263 976/1261 991/1291 992/1292
f 979/1265 978/1263 992/1292 993/1293
f 980/1267 979/1265 993/1293 994/1294
f 981/1269 980/1267 994/1294 995/1295
f 982/1271 981/1269 995/1295 996/1296
f 983/1273 982/1271 996/1296 997/1297
f 984/1275 983/1273 997/1297 998/1298
f 985/1277 984/1275 998/1298 999/1299
f 986/1279 985/1277 999/1299 1000/1300
f 987/1281 986/1279 1000/1300 1001/1301
f 988/1283 987/1281 1001/1301 1002/1302
f 989/1285 988/1283 1002/1302 1003/1303
f 990/1287 989/1285 1003/1303 1004/1304
f 977/1260 990/1289 1004/1305 1005/1290
f 991/1291 1005/1290 1020/1306 1006/1307
f 992/1292 991/1291 1006/1307 1007/1308
f 993/1293 992/1292 1007/1308 1008/1309
f 994/1294 993/1293 1008/1309 1009/1310
f 995/1295 994/1294 1009/1310 1010/1311
f 996/1296 995/1295 1010/1311 1011/1312
f 997/1297 996/1296 1011/1312 1012/1313
f 998/1298 997/1297 1012/1313 1013/1314
f 999/1299 998/1298 1013/1314 1014/1315
f 1000/1300 999/1299 1014/1315 1015/1316
f 1001/1301 1000/1300 1015/1316 1016/1317
f 1002/1302 1001/1301 1016/1317 1017/1318
f 1003/1303 1002/1302 1017/1318 1018/1319
f 1004/1304 1003/1303 1018/1319 1019/1320
f 1005/1290 1004/1305 1019/1321 1020/1306
f 1006/1307 1020/1306 1035/1322 1021/1323
f 1007/1308 1006/1307 1021/1323 1022/1324
f 1008/1309 1007/1308 1022/1324 1023/1325
f 1009/1310 1008/1309 1023/1325 1024/1326
f 1010/1311 1009/1310 1024/1326 1025/1327
f 1011/1312 1010/1311 1025/1327 1026/1328
f 1012/1313 1011/1312 1026/1328 1027/1329
f 1013/1314 1012/1313 1027/1329 1028/1330
f 1014/1315 1013/1314 1028/1330 1029/1331
f 1015/1316 1014/1315 1029/1331 1030/1332
f 1016/1317 1015/1316 1030/1332 1031/1333
f 1017/1318 1016/1317 1031/1333 1032/1334
f 1018/1319 1017/1318 1032/1334 1033/1335
f 1019/1320 1018/1319 1033/1335 1034/1336
f 1020/1306 1019/1321 1034/1337 1035/1322
f 1021/1338 1035/1339 1050/1340 1036/1341
f 1022/1342 1021/1338 1036/1341 1037/1343
f 1023/1344 1022/1342 1037/1343 1038/1345
f 1024/1346 1023/1344 1038/1345 1039/1347
f 1025/1348 1024/1346 1039/1347 1040/1349
f 1026/1350 1025/1348 1040/1349 1041/1351
f 1027/1352 1026/1350 1041/1351 1042/1353
f 1028/1354 1027/1352 1042/1353 1043/1355
f 1029/1356 1028/1354 1043/1355 1044/1357
f 1030/1358 1029/1356 1044/1357 1045/1359
f 1031/1360 1030/1358 1045/1359 1046/1361
f 1032/1362 1031/1360 1046/1361 1047/1363
f 1033/1364 1032/1362 1047/1363 1048/1365
f 1034/1366 1033/1364 1048/1365 1049/1367
f 1035/1339 1034/1368 1049/1369 1050/1340
f 1036/1341 1050/1340 1065/1370 1051/1371
f 1037/1343 1036/1341 1051/1371 1052/1372
f 1038/1345 1037/1343 1052/1372 1053/1373
f 1039/1347 1038/1345 1053/1373 1054/1374
f 1040/1349 1039/1347 1054/1374 1055/1375
f 1041/1351 1040/1349 1055/1375 1056/1376
f 1042/1353 1041/1351 1056/1376 1057/1377
f 1043/1355 1042/1353 1057/1377 1058/1378
f 1044/1357 1043/1355 1058/1378 1059/1379
f 1045/1359 1044/1357 1059/1379 1060/1380
f 1046/1361 1045/1359 1060/1380 1061/1381
f 1047/1363 1046/1361 1061/1381 1062/1382
f 1048/1365 1047/1363 1062/1382 1063/1383
f 1049/1367 1048/1365 1063/1383 1064/1384
f 1050/1340 1049/1369 1064/1385 1065/1370
f 1051/1371 1065/1370 1080/3 1066/2
f 1052/1372 1051/1371 1066/2 1067/6
f 1053/1373 1052/1372 1067/6 1068/8
f 1054/1374 1053/1373 1068/8 1069/10
f 1055/1375 1054/1374 1069/10 1070/12
f 1056/1376 1055/1375 1070/12 1071/14
f 1057/1377 1056/1376 1071/14 1072/16
f 1058/1378 1057/1377 1072/16 1073/18
f 1059/1379 1058/1378 1073/18 1074/20
f 1060/1380 1059/1379 1074/20 1075/22
f 1061/1381 1060/1380 1075/22 1076/24
f 1062/1382 1061/1381 1076/24 1077/26
f 1063/1383 1062/1382 1077/26 1078/28
f 1064/1384 1063/1383 1078/28 1079/30
f 1065/1370 1064/1385 1079/31 1080/3
f 1110/1386 1096/1387 1081/450 1082/449
f 1096/1387 1097/1388 1083/453 1081/450
f 1097/1388 1098/1389 1084/455 1083/453
f 1098/1389 1099/1390 1085/457 1084/455
f 1099/1390 1100/1391 1086/459 1085/457
f 1100/1391 1101/1392 1087/461 1086/459
f 1101/1392 1102/1393 1088/463 1087/461
f 1102/1393 1103/1394 1089/465 1088/463
f 1103/1394 1104/1395 1090/467 1089/465
f 1104/1395 1105/1396 1091/469 1090/467
f 1105/1396 1106/1397 1092/471 1091/469
f 1106/1397 1107/1398 1093/473 1092/471
f 1107/1398 1108/1399 1094/475 1093/473
f 1108/1399 1109/1400 1095/477 1094/475
f 1109/1401 1110/1386 1082/449 1095/479
f 1125/1402 1111/1403 1096/1404 1110/1405
f 1111/1403 1112/1406 1097/1407 1096/1404
f 1112/1406 1113/1408 1098/1409 1097/1407
f 1113/1408 1114/1410 1099/1411 1098/1409
f 1114/1410 1115/1412 1100/1413 1099/1411
f 1115/1412 1116/1414 1101/1415 1100/1413
f 1116/1414 1117/1416 1102/1417 1101/1415
f 1117/1416 1118/1418 1103/1419 1102/1417
f 1118/1418 1119/1420 1104/1421 1103/1419
f 1119/1420 1120/1422 1105/1423 1104/1421
f 1120/1422 1121/1424 1106/1425 1105/1423
f 1121/1424 1122/1426 1107/1427 1106/1425
f 1122/1426 1123/1428 1108/1429 1107/1427
f 1123/1428 1124/1430 1109/1431 1108/1429
f 1124/1432 1125/1402 1110/1405 1109/1433
f 1140/1434 1126/1435 1111/1403 1125/1402
f 1126/1435 1127/1436 1112/1406 1111/1403
f 1127/1436 1128/1437 1113/1408 1112/1406
f 1128/1437 1129/1438 1114/1410 1113/1408
f 1129/1438 1130/1439 1115/1412 1114/1410
f 1130/1439 1131/1440 1116/1414 1115/1412
f 1131/1440 1132/1441 1117/1416 1116/1414
f 1132/1441 1133/1442 1118/1418 1117/1416
f 1133/1442 1134/1443 1119/1420 1118/1418
f 1134/1443 1135/1444 1120/1422 1119/1420
f 1135/1444 1136/1445 1121/1424 1120/1422
f 1136/1445 1137/1446 1122/1426 1121/1424
f 1137/1446 1138/1447 1123/1428 1122/1426
f 1138/1447 1139/1448 1124/1430 1123/1428
f 1139/1449 1140/1434 1125/1402 1124/1432
f 1155/1450 1141/1451 1126/1452 1140/1453
f 1141/1451 1142/1454 1127/1455 1126/1452
f 1142/1454 1143/1456 1128/1457 1127/1455
f 1143/1456 1144/1458 1129/1459 1128/1457
f 1144/1458 1145/1460 1130/1461 1129/1459
f 1145/1460 1146/1462 1131/1463 1130/1461
f 1146/1462 1147/1464 1132/1465 1131/1463
f 1147/1464 1148/1466 1133/1467 1132/1465
f 1148/1466 1149/1468 1134/1469 1133/1467
f 1149/1468 1150/1470 1135/1471 1134/1469
f 1150/1470 1151/1472 1136/1473 1135/1471
f 1151/1472 1152/1474 1137/1475 1136/1473
f 1152/1474 1153/1476 1138/1477 1137/1475
f 1138/1477 1153/1476 1154/1478 1139/1479
f 1154/1480 1155/1450 1140/1453 1139/1481
f 1170/1482 1156/1483 1141/1451 1155/1450
f 1156/1483 1157/1484 1142/1454 1141/1451
f 1157/1484 1158/1485 1143/1456 1142/1454
f 1158/1485 1159/1486 1144/1458 1143/1456
f 1159/1486 1160/1487 1145/1460 1144/1458
f 1160/1487 1161/1488 1146/1462 1145/1460
f 1161/1488 1162/1489 1147/1464 1146/1462
f 1162/1489 1163/1490 1148/1466 1147/1464
f 1163/1490 1164/1491 1149/1468 1148/1466
f 1164/1491 1165/1492 1150/1470 1149/1468
f 1165/1492 1166/1493 1151/1472 1150/1470
f 1166/1493 1167/1494 1152/1474 1151/1472
f 1152/1474 1167/1494 1168/1495 1153/1476
f 1153/1476 1168/1495 1169/1496 1154/1478
f 1169/1497 1170/1482 1155/1450 1154/1480
f 1185/1498 1171/1499 1156/1483 1170/1482
f 1171/1499 1172/1500 1157/1484 1156/1483
f 1172/1500 1173/1501 1158/1485 1157/1484
f 1173/1501 1174/1502 1159/1486 1158/1485
f 1174/1502 1175/1503 1160/1487 1159/1486
f 1175/1503 1176/1504 1161/1488 1160/1487
f 1176/1504 1177/1505 1162/1489 1161/1488
f 1177/1505 1178/1506 1163/1490 1162/1489
f 1178/1506 1179/1507 1164/1491 1163/1490
f 1179/1507 1180/1508 1165/1492 1164/1491
f 1180/1508 1181/1509 1166/1493 1165/1492
f 1181/1509 1182/1510 1167/1494 1166/1493
f 1182/1510 1183/1511 1168/1495 1167/1494
f 1183/1511 1184/1512 1169/1496 1168/1495
f 1184/1513 1185/1498 1170/1482 1169/1497
f 282/1514 281/1515 1171/1516 1185/1517
f 281/1515 283/1518 1172/1519 1171/1516
f 283/1518 284/1520 1173/1521 1172/1519
f 284/1520 285/1522 1174/1523 1173/1521
f 285/1522 286/1524 1175/1525 1174/1523
f 286/1524 287/1526 1176/1527 1175/1525
f 287/1526 289/1528 1177/1529 1176/1527
f 289/1528 290/1530 1178/1531 1177/1529
f 290/1530 292/1532 1179/1533 1178/1531
f 292/1532 294/1534 1180/1535 1179/1533
f 294/1534 295/1536 1181/1537 1180/1535
f 295/1536 297/1538 1182/1539 1181/1537
f 297/1538 298/1540 1183/1541 1182/1539
f 298/1540 300/1542 1184/1543 1183/1541
f 300/1544 282/1514 1185/1517 1184/1545
f 1236/1546 2541/1547 1862/1548 3139/1549
f 2541/1547 1237/1550 2542/1551 1862/1548
f 1440/1552 3140/1553 1862/1548 2542/1551
f 3140/1553 1492/1554 3139/1549 1862/1548
f 1399/1555 3202/1556 1863/1557 3047/1558
f 3202/1556 1521/1559 3205/1560 1863/1557
f 1523/1561 3203/1562 1863/1557 3205/1560
f 3203/1562 1447/1563 3047/1558 1863/1557
f 1186/1564 2536/1565 1864/1566 2550/1567
f 2536/1565 1187/1568 2548/1569 1864/1566
f 1401/1570 2549/1571 1864/1566 2548/1569
f 2549/1571 1190/1572 2550/1567 1864/1566
f 1399/1555 3047/1558 1865/1573 3007/1574
f 3047/1558 1447/1563 3088/1575 1865/1573
f 1448/1576 3048/1577 1865/1573 3088/1575
f 3048/1577 1191/1578 3007/1574 1865/1573
f 1400/1579 2538/1580 1866/1581 3008/1582
f 2538/1580 1304/1583 2553/1584 1866/1581
f 1306/1585 2554/1586 1866/1581 2553/1584
f 2554/1586 1192/1587 3008/1582 1866/1581
f 1188/1588 3044/1589 1867/1590 2823/1591
f 3044/1589 1445/1592 3089/1593 1867/1590
f 1449/1594 3049/1595 1867/1590 3089/1593
f 3049/1595 1193/1596 2823/1591 1867/1590
f 1190/1572 2549/1571 1868/1597 2558/1598
f 2549/1571 1401/1570 2556/1599 1868/1597
f 1403/1600 2557/1601 1868/1597 2556/1599
f 2557/1601 1194/1602 2558/1598 1868/1597
f 1191/1578 3048/1577 1869/1603 3009/1604
f 3048/1577 1448/1576 3090/1605 1869/1603
f 1450/1606 3050/1607 1869/1603 3090/1605
f 3050/1607 1195/1608 3009/1604 1869/1603
f 1192/1587 2554/1586 1870/1609 3010/1610
f 2554/1586 1306/1585 2561/1611 1870/1609
f 1308/1612 2562/1613 1870/1609 2561/1611
f 2562/1613 1196/1614 3010/1610 1870/1609
f 1193/1596 3049/1595 1871/1615 2825/1616
f 3049/1595 1449/1594 3091/1617 1871/1615
f 1451/1618 3051/1619 1871/1615 3091/1617
f 3051/1619 1197/1620 2825/1616 1871/1615
f 1194/1621 2557/1622 1872/1623 2566/1624
f 2557/1622 1403/1625 2564/1626 1872/1623
f 1405/1627 2565/1628 1872/1623 2564/1626
f 2565/1628 1198/1629 2566/1624 1872/1623
f 1195/1630 3050/1631 1873/1632 3011/1633
f 3050/1631 1450/1634 3092/1635 1873/1632
f 1452/1636 3052/1637 1873/1632 3092/1635
f 3052/1637 1199/1638 3011/1633 1873/1632
f 1196/1639 2562/1640 1874/1641 3012/1642
f 2562/1640 1308/1643 2569/1644 1874/1641
f 1310/1645 2570/1646 1874/1641 2569/1644
f 2570/1646 1200/1647 3012/1642 1874/1641
f 1197/1648 3051/1649 1875/1650 2827/1651
f 3051/1649 1451/1652 3093/1653 1875/1650
f 1453/1654 3053/1655 1875/1650 3093/1653
f 3053/1655 1201/1656 2827/1651 1875/1650
f 1405/1627 2572/1657 1876/1658 2565/1628
f 2572/1657 1427/1659 2573/1660 1876/1658
f 1240/1661 2574/1662 1876/1658 2573/1660
f 2574/1662 1198/1629 2565/1628 1876/1658
f 1406/1663 2575/1664 1877/1665 2568/1666
f 2575/1664 1432/1667 2576/1668 1877/1665
f 1454/1669 3094/1670 1877/1665 2576/1668
f 3094/1670 1452/1636 2568/1666 1877/1665
f 1310/1645 2577/1671 1878/1672 2570/1646
f 2577/1671 1339/1673 2578/1674 1878/1672
f 1252/1675 3014/1676 1878/1672 2578/1674
f 3014/1676 1200/1647 2570/1646 1878/1672
f 1309/1677 2828/1678 1879/1679 2571/1680
f 2828/1678 1332/1681 2579/1682 1879/1679
f 1455/1683 3095/1684 1879/1679 2579/1682
f 3095/1684 1453/1654 2571/1680 1879/1679
f 1334/1685 2580/1686 1880/1687 2583/1688
f 2580/1686 1245/1689 2581/1690 1880/1687
f 1203/1691 2582/1692 1880/1687 2581/1690
f 2582/1692 1202/1693 2583/1688 1880/1687
f 1425/1694 2584/1695 1881/1696 3015/1697
f 2584/1695 1456/1698 3096/1699 1881/1696
f 1457/1700 3057/1701 1881/1696 3096/1699
f 3057/1701 1407/1702 3015/1697 1881/1696
f 1430/1703 2587/1704 1882/1705 3016/1706
f 2587/1704 1255/1707 2588/1708 1882/1705
f 1312/1709 2589/1710 1882/1705 2588/1708
f 2589/1710 1408/1711 3016/1706 1882/1705
f 1337/1712 2590/1713 1883/1714 2831/1715
f 2590/1713 1458/1716 3097/1717 1883/1714
f 1459/1718 3059/1719 1883/1714 3097/1717
f 3059/1719 1205/1720 2831/1715 1883/1714
f 1202/1693 2582/1692 1884/1721 2594/1722
f 2582/1692 1203/1691 2592/1723 1884/1721
f 1409/1724 2593/1725 1884/1721 2592/1723
f 2593/1725 1206/1726 2594/1722 1884/1721
f 1407/1702 3057/1701 1885/1727 3017/1728
f 3057/1701 1457/1700 3098/1729 1885/1727
f 1460/1730 3060/1731 1885/1727 3098/1729
f 3060/1731 1207/1732 3017/1728 1885/1727
f 1408/1711 2589/1710 1886/1733 3018/1734
f 2589/1710 1312/1709 2597/1735 1886/1733
f 1314/1736 2598/1737 1886/1733 2597/1735
f 2598/1737 1208/1738 3018/1734 1886/1733
f 1205/1720 3059/1719 1887/1739 2833/1740
f 3059/1719 1459/1718 3099/1741 1887/1739
f 1461/1742 3061/1743 1887/1739 3099/1741
f 3061/1743 1209/1744 2833/1740 1887/1739
f 1206/1726 2593/1725 1888/1745 2602/1746
f 2593/1725 1409/1724 2600/1747 1888/1745
f 1411/1748 2601/1749 1888/1745 2600/1747
f 2601/1749 1210/1750 2602/1746 1888/1745
f 1207/1732 3060/1731 1889/1751 3019/1752
f 3060/1731 1460/1730 3100/1753 1889/1751
f 1462/1754 3062/1755 1889/1751 3100/1753
f 3062/1755 1211/1756 3019/1752 1889/1751
f 1208/1738 2598/1737 1890/1757 3020/1758
f 2598/1737 1314/1736 2605/1759 1890/1757
f 1316/1760 2606/1761 1890/1757 2605/1759
f 2606/1761 1212/1762 3020/1758 1890/1757
f 1209/1744 3061/1743 1891/1763 2835/1764
f 3061/1743 1461/1742 3101/1765 1891/1763
f 1463/1766 3063/1767 1891/1763 3101/1765
f 3063/1767 1213/1768 2835/1764 1891/1763
f 1210/1750 2601/1749 1892/1769 2610/1770
f 2601/1749 1411/1748 2608/1771 1892/1769
f 1413/1772 2609/1773 1892/1769 2608/1771
f 2609/1773 1214/1774 2610/1770 1892/1769
f 1211/1756 3062/1755 1893/1775 3021/1776
f 3062/1755 1462/1754 3102/1777 1893/1775
f 1464/1778 3064/1779 1893/1775 3102/1777
f 3064/1779 1215/1780 3021/1776 1893/1775
f 1212/1762 2606/1761 1894/1781 3022/1782
f 2606/1761 1316/1760 2613/1783 1894/1781
f 1318/1784 2614/1785 1894/1781 2613/1783
f 2614/1785 1216/1786 3022/1782 1894/1781
f 1213/1768 3063/1767 1895/1787 2837/1788
f 3063/1767 1463/1766 3103/1789 1895/1787
f 1465/1790 3065/1791 1895/1787 3103/1789
f 3065/1791 1217/1792 2837/1788 1895/1787
f 1214/1774 2609/1773 1896/1793 2618/1794
f 2609/1773 1413/1772 2616/1795 1896/1793
f 1415/1796 2617/1797 1896/1793 2616/1795
f 2617/1797 1218/1798 2618/1794 1896/1793
f 1215/1780 3064/1779 1897/1799 3023/1800
f 3064/1779 1464/1778 3104/1801 1897/1799
f 1466/1802 3066/1803 1897/1799 3104/1801
f 3066/1803 1219/1804 3023/1800 1897/1799
f 1216/1786 2614/1785 1898/1805 3024/1806
f 2614/1785 1318/1784 2621/1807 1898/1805
f 1320/1808 2622/1809 1898/1805 2621/1807
f 2622/1809 1220/1810 3024/1806 1898/1805
f 1217/1792 3065/1791 1899/1811 2839/1812
f 3065/1791 1465/1790 3105/1813 1899/1811
f 1467/1814 3067/1815 1899/1811 3105/1813
f 3067/1815 1221/1816 2839/1812 1899/1811
f 1218/1798 2617/1797 1900/1817 2626/1818
f 2617/1797 1415/1796 2624/1819 1900/1817
f 1417/1820 2625/1821 1900/1822 2624/1823
f 2625/1821 1222/1824 2626/1825 1900/1822
f 1219/1804 3066/1803 1901/1826 3025/1827
f 3066/1803 1466/1802 3106/1828 1901/1826
f 1468/1829 3068/1830 1901/1831 3106/1832
f 3068/1830 1223/1833 3025/1834 1901/1831
f 1220/1810 2622/1809 1902/1835 3026/1836
f 2622/1809 1320/1808 2629/1837 1902/1835
f 1322/1838 2630/1839 1902/1840 2629/1841
f 2630/1839 1224/1842 3026/1843 1902/1840
f 1221/1816 3067/1815 1903/1844 2841/1845
f 3067/1815 1467/1814 3107/1846 1903/1844
f 1469/1847 3069/1848 1903/1849 3107/1850
f 3069/1848 1225/1851 2841/1852 1903/1849
f 1222/1824 2625/1821 1904/1853 2634/1854
f 2625/1821 1417/1820 2632/1855 1904/1853
f 1419/1856 2633/1857 1904/1853 2632/1855
f 2633/1857 1226/1858 2634/1854 1904/1853
f 1487/1859 3129/1860 1905/1861 3133/1862
f 3129/1860 1274/1863 2638/1864 1905/1861
f 1276/1865 3134/1866 1905/1861 2638/1864
f 3134/1866 1489/1867 3133/1862 1905/1861
f 1224/1842 2630/1839 1906/1868 3028/1869
f 2630/1839 1322/1838 2640/1870 1906/1868
f 1324/1871 2641/1872 1906/1868 2640/1870
f 2641/1872 1228/1873 3028/1869 1906/1868
f 1225/1851 3069/1848 1907/1874 2843/1875
f 3069/1848 1469/1847 3109/1876 1907/1874
f 1470/1877 3070/1878 1907/1874 3109/1876
f 3070/1878 1229/1879 2843/1875 1907/1874
f 1226/1858 2633/1857 1908/1880 3181/1881
f 2633/1857 1419/1856 2643/1882 1908/1880
f 1504/1883 3184/1884 1908/1880 2643/1882
f 3184/1884 1515/1885 3181/1881 1908/1880
f 1497/1886 3155/1887 1909/1888 3156/1889
f 3155/1887 1349/1890 2649/1891 1909/1888
f 1268/1892 2650/1893 1909/1888 2649/1891
f 2650/1893 1495/1894 3156/1889 1909/1888
f 1229/1879 3070/1878 1910/1895 2845/1896
f 3070/1878 1470/1877 3110/1897 1910/1895
f 1511/1898 3185/1899 1910/1895 3110/1897
f 3185/1899 1508/1900 2845/1896 1910/1895
f 1344/1901 2652/1902 1911/1903 2655/1904
f 2652/1902 1260/1905 2653/1906 1911/1903
f 1231/1907 2654/1908 1911/1903 2653/1906
f 2654/1908 1230/1909 2655/1904 1911/1903
f 1437/1910 2657/1911 1912/1912 2660/1913
f 2657/1911 1270/1914 2658/1915 1912/1912
f 1326/1916 2659/1917 1912/1912 2658/1915
f 2659/1917 1421/1918 2660/1913 1912/1912
f 1347/1919 2661/1920 1913/1921 2847/1922
f 2661/1920 1472/1923 3111/1924 1913/1921
f 1473/1925 3073/1926 1913/1921 3111/1924
f 3073/1926 1232/1927 2847/1922 1913/1921
f 1230/1909 2654/1908 1914/1928 2665/1929
f 2654/1908 1231/1907 2663/1930 1914/1928
f 1422/1931 2664/1932 1914/1928 2663/1930
f 2664/1932 1233/1933 2665/1929 1914/1928
f 1421/1918 2659/1917 1915/1934 2670/1935
f 2659/1917 1326/1916 2668/1936 1915/1934
f 1328/1937 2669/1938 1915/1934 2668/1936
f 2669/1938 1234/1939 2670/1935 1915/1934
f 1232/1927 3073/1926 1916/1940 2849/1941
f 3073/1926 1473/1925 3112/1942 1916/1940
f 1474/1943 3074/1944 1916/1940 3112/1942
f 3074/1944 1235/1945 2849/1941 1916/1940
f 1233/1933 2664/1932 1917/1946 3137/1947
f 2664/1932 1422/1931 2672/1948 1917/1946
f 1441/1949 3138/1950 1917/1946 2672/1948
f 3138/1950 1491/1951 3137/1947 1917/1946
f 1494/1952 3143/1953 1918/1954 3144/1955
f 3143/1953 1330/1956 2545/1957 1918/1954
f 1423/1958 2676/1959 1918/1954 2545/1957
f 2676/1959 1300/1960 3144/1955 1918/1954
f 1235/1945 3074/1944 1919/1961 2851/1962
f 3074/1944 1474/1943 3113/1963 1919/1961
f 1484/1964 2821/1965 1919/1961 3113/1963
f 2821/1965 1238/1966 2851/1962 1919/1961
f 1240/1661 2573/1660 1920/1967 2679/1968
f 2573/1660 1427/1659 2677/1969 1920/1967
f 1248/1970 2678/1971 1920/1967 2677/1969
f 2678/1971 1333/1972 2679/1968 1920/1967
f 1333/1972 2678/1971 1921/1973 2682/1974
f 2678/1971 1248/1970 2680/1975 1921/1973
f 1244/1976 2681/1977 1921/1973 2680/1975
f 2681/1977 1239/1978 2682/1974 1921/1973
f 1247/1979 3054/1980 1922/1981 3029/1982
f 3054/1980 1454/1669 3114/1983 1922/1981
f 1475/1984 3075/1985 1922/1981 3114/1983
f 3075/1985 1428/1986 3029/1982 1922/1981
f 1428/1986 3075/1985 1923/1987 3030/1988
f 3075/1985 1475/1984 3115/1989 1923/1987
f 1476/1990 3076/1991 1923/1987 3115/1989
f 3076/1991 1424/1992 3030/1988 1923/1987
f 1252/1675 2578/1674 1924/1993 3031/1994
f 2578/1674 1339/1673 2687/1995 1924/1993
f 1340/1996 2688/1997 1924/1993 2687/1995
f 2688/1997 1433/1998 3031/1994 1924/1993
f 1433/1998 2688/1997 1925/1999 3032/2000
f 2688/1997 1340/1996 2689/2001 1925/1999
f 1336/2002 2690/2003 1925/1999 2689/2001
f 2690/2003 1429/2004 3032/2000 1925/1999
f 1257/2005 3055/2006 1926/2007 2854/2008
f 3055/2006 1455/1683 3116/2009 1926/2007
f 1477/2010 3077/2011 1926/2007 3116/2009
f 3077/2011 1258/2012 2854/2008 1926/2007
f 1258/2012 3077/2011 1927/2013 2855/2014
f 3077/2011 1477/2010 3117/2015 1927/2013
f 1478/2016 3078/2017 1927/2013 3117/2015
f 3078/2017 1254/2018 2855/2014 1927/2013
f 1245/1689 2580/1686 1928/2019 2695/2020
f 2580/1686 1334/1685 2693/2021 1928/2019
f 1243/2022 2694/2023 1928/2024 2693/2025
f 2694/2023 1246/2026 2695/2027 1928/2024
f 1246/2026 2694/2023 1929/2028 2697/2029
f 2694/2023 1243/2022 2696/2030 1929/2028
f 1239/1978 2681/1977 1929/2028 2696/2030
f 2681/1977 1244/1976 2697/2029 1929/2028
f 1250/2031 3056/2032 1930/2033 2699/2034
f 3056/2032 1456/1698 3118/2035 1930/2033
f 1479/2036 3079/2037 1930/2038 3118/2039
f 3079/2037 1251/2040 2699/2041 1930/2038
f 1251/2040 3079/2037 1931/2042 2700/2043
f 3079/2037 1479/2036 3119/2044 1931/2042
f 1476/1990 2686/2045 1931/2042 3119/2044
f 2686/2045 1249/2046 2700/2043 1931/2042
f 1255/1707 2587/1704 1932/2047 2702/2048
f 2587/1704 1430/1703 3035/2049 1932/2047
f 1431/2050 2701/2051 1932/2052 3035/2053
f 2701/2051 1338/2054 2702/2055 1932/2052
f 1338/2054 2701/2051 1933/2056 2703/2057
f 2701/2051 1431/2050 3036/2058 1933/2056
f 1429/2004 2690/2003 1933/2056 3036/2058
f 2690/2003 1336/2002 2703/2057 1933/2056
f 1242/2059 3058/2060 1934/2061 2856/2062
f 3058/2060 1458/1716 3120/2063 1934/2061
f 1480/2064 3080/2065 1934/2066 3120/2067
f 3080/2065 1335/2068 2856/2069 1934/2066
f 1335/2068 3080/2065 1935/2070 2857/2071
f 3080/2065 1480/2064 3121/2072 1935/2070
f 1478/2016 2692/2073 1935/2070 3121/2072
f 2692/2073 1331/2074 2857/2071 1935/2070
f 1263/2075 2644/2076 1936/2077 2707/2078
f 2644/2076 1435/2079 2705/2080 1936/2077
f 1261/2081 2706/2082 1936/2077 2705/2080
f 2706/2082 1264/2083 2707/2078 1936/2077
f 1264/2083 2706/2082 1937/2084 2710/2085
f 2706/2082 1261/2081 2708/2086 1937/2084
f 1259/2087 2709/2088 1937/2084 2708/2086
f 2709/2088 1262/2089 2710/2085 1937/2084
f 1268/1892 2649/1891 1938/2090 2716/2091
f 2649/1891 1349/1890 2714/2092 1938/2090
f 1350/2093 2715/2094 1938/2090 2714/2092
f 2715/2094 1438/2095 2716/2091 1938/2090
f 1438/2095 2715/2094 1939/2096 2719/2097
f 2715/2094 1350/2093 2717/2098 1939/2096
f 1346/2099 2718/2100 1939/2096 2717/2098
f 2718/2100 1436/2101 2719/2097 1939/2096
f 1272/2102 3071/2103 1940/2104 2862/2105
f 3071/2103 1471/2106 3122/2107 1940/2104
f 1481/2108 3081/2109 1940/2104 3122/2107
f 3081/2109 1273/2110 2862/2105 1940/2104
f 1273/2110 3081/2109 1941/2111 2863/2112
f 3081/2109 1481/2108 3123/2113 1941/2111
f 1482/2114 3082/2115 1941/2111 3123/2113
f 3082/2115 1269/2116 2863/2112 1941/2111
f 1260/1905 2652/1902 1942/2117 2724/2118
f 2652/1902 1344/1901 2722/2119 1942/2117
f 1266/2120 2723/2121 1942/2117 2722/2119
f 2723/2121 1434/2122 2724/2118 1942/2117
f 1434/2122 2723/2121 1943/2123 2726/2124
f 2723/2121 1266/2120 2725/2125 1943/2123
f 1262/2089 2709/2088 1943/2123 2725/2125
f 2709/2088 1259/2087 2726/2124 1943/2123
f 1281/2126 2728/2127 1944/2128 2727/2129
f 2728/2127 1297/2130 3002/2131 1944/2128
f 1267/2132 3037/2133 1944/2128 3002/2131
f 3037/2133 1437/1910 2727/2129 1944/2128
f 1297/2130 2729/2134 1945/2135 3002/2131
f 2729/2134 1295/2136 3001/2137 1945/2135
f 1436/2101 3038/2138 1945/2135 3001/2137
f 3038/2138 1267/2132 3002/2131 1945/2135
f 1270/1914 2657/1911 1946/2139 2731/2140
f 2657/1911 1437/1910 3037/2133 1946/2139
f 1267/2132 2730/2141 1946/2139 3037/2133
f 2730/2141 1348/2142 2731/2140 1946/2139
f 1348/2142 2730/2141 1947/2143 2732/2144
f 2730/2141 1267/2132 3038/2138 1947/2143
f 1436/2101 2718/2100 1947/2143 3038/2138
f 2718/2100 1346/2099 2732/2144 1947/2143
f 1265/2145 3072/2146 1948/2147 2864/2148
f 3072/2146 1472/1923 3124/2149 1948/2147
f 1483/2150 3083/2151 1948/2147 3124/2149
f 3083/2151 1345/2152 2864/2148 1948/2147
f 1345/2152 3083/2151 1949/2153 2865/2154
f 3083/2151 1483/2150 3125/2155 1949/2153
f 1482/2114 2721/2156 1949/2153 3125/2155
f 2721/2156 1341/2157 2865/2154 1949/2153
f 1278/2158 3039/2159 1950/2160 2744/2161
f 3039/2159 1442/2162 3042/2163 1950/2160
f 1444/2164 3041/2165 1950/2160 3042/2163
f 3041/2165 1277/2166 2744/2161 1950/2160
f 1284/2167 2656/2168 1951/2169 2747/2170
f 2656/2168 1282/2171 2745/2172 1951/2169
f 1280/2173 2746/2174 1951/2169 2745/2172
f 2746/2174 1283/2175 2747/2170 1951/2169
f 1287/2176 2666/2177 1952/2178 2749/2179
f 2666/2177 1284/2167 2747/2170 1952/2178
f 1283/2175 2748/2180 1952/2178 2747/2170
f 2748/2180 1286/2181 2749/2179 1952/2178
f 1291/2182 2711/2183 1953/2184 2752/2185
f 2711/2183 1278/2158 2744/2161 1953/2184
f 1277/2166 2751/2186 1953/2184 2744/2161
f 2751/2186 1290/2187 2752/2185 1953/2184
f 1294/2188 2713/2189 1954/2190 2754/2191
f 2713/2189 1291/2182 2752/2185 1954/2190
f 1290/2187 2753/2192 1954/2190 2752/2185
f 2753/2192 1293/2193 2754/2191 1954/2190
f 1297/2130 2728/2127 1955/2194 2757/2195
f 2728/2127 1281/2126 2755/2196 1955/2194
f 1280/2173 2756/2197 1955/2194 2755/2196
f 2756/2197 1296/2198 2757/2195 1955/2194
f 1295/2136 2729/2134 1956/2199 2759/2200
f 2729/2134 1297/2130 2757/2195 1956/2199
f 1296/2198 2758/2201 1956/2199 2757/2195
f 2758/2201 1293/2193 2759/2200 1956/2199
f 1275/2202 3176/2203 1957/2204 2637/2205
f 3176/2203 1510/2206 3186/2207 1957/2204
f 1507/2208 2743/2209 1957/2204 3186/2207
f 2743/2209 1274/1863 2637/2205 1957/2204
f 1281/2126 2735/2210 1958/2211 2755/2196
f 2735/2210 1285/2212 2761/2213 1958/2211
f 1283/2175 2746/2174 1958/2211 2761/2213
f 2746/2174 1280/2173 2755/2196 1958/2211
f 1285/2212 2736/2214 1959/2215 2761/2213
f 2736/2214 1288/2216 2762/2217 1959/2215
f 1286/2181 2748/2180 1959/2215 2762/2217
f 2748/2180 1283/2175 2761/2213 1959/2215
f 1288/2216 2767/2218 1960/2219 2762/2217
f 2767/2218 1301/2220 2771/2221 1960/2219
f 1302/2222 2750/2223 1960/2219 2771/2221
f 2750/2223 1286/2181 2762/2217 1960/2219
f 1279/2224 2738/2225 1961/2226 2760/2227
f 2738/2225 1292/2228 2763/2229 1961/2226
f 1290/2187 2751/2186 1961/2226 2763/2229
f 2751/2186 1277/2166 2760/2227 1961/2226
f 1292/2228 2739/2230 1962/2231 2763/2229
f 2739/2230 1295/2136 2759/2200 1962/2231
f 1293/2193 2753/2192 1962/2231 2759/2200
f 2753/2192 1290/2187 2763/2229 1962/2231
f 1282/2171 2741/2232 1963/2233 2745/2172
f 2741/2232 1298/2234 2764/2235 1963/2233
f 1296/2198 2756/2197 1963/2233 2764/2235
f 2756/2197 1280/2173 2745/2172 1963/2233
f 1298/2234 2742/2236 1964/2237 2764/2235
f 2742/2236 1294/2188 2754/2191 1964/2237
f 1293/2193 2758/2201 1964/2237 2754/2191
f 2758/2201 1296/2198 2764/2235 1964/2237
f 1299/2238 2674/2239 1965/2240 2770/2241
f 2674/2239 1287/2176 2749/2179 1965/2240
f 1286/2181 2750/2223 1965/2240 2749/2179
f 2750/2223 1302/2222 2770/2241 1965/2240
f 1186/1564 2868/2242 1966/2243 2537/2244
f 2868/2242 1351/2245 2916/2246 1966/2243
f 1754/2247 3536/2248 1966/2243 2916/2246
f 3536/2248 1755/2249 2537/2244 1966/2243
f 1330/1956 2799/2250 1967/2251 2546/2252
f 2799/2253 1378/2254 2917/2255 1967/2256
f 1485/2257 3126/2258 1967/2256 2917/2255
f 3126/2259 1446/2260 3141/2261 1967/2251
f 1493/2262 2546/2252 1967/2251 3141/2261
f 1190/1572 2870/2263 1968/2264 2550/1567
f 2870/2263 1353/2265 2918/2266 1968/2264
f 1351/2245 2868/2242 1968/2264 2918/2266
f 2868/2242 1186/1564 2550/1567 1968/2264
f 1304/1583 2773/2267 1969/2268 2553/1584
f 2773/2269 1352/2270 2919/2271 1969/2272
f 1354/2273 2775/2274 1969/2272 2919/2271
f 2775/2275 1306/1585 2553/1584 1969/2268
f 1194/1602 2872/2276 1970/2277 2558/1598
f 2872/2276 1355/2278 2920/2279 1970/2277
f 1353/2265 2870/2263 1970/2277 2920/2279
f 2870/2263 1190/1572 2558/1598 1970/2277
f 1306/1585 2775/2275 1971/2280 2561/1611
f 2775/2274 1354/2273 2921/2281 1971/2282
f 1356/2283 2777/2284 1971/2282 2921/2281
f 2777/2285 1308/1612 2561/1611 1971/2280
f 1198/1629 2874/2286 1972/2287 2566/1624
f 2874/2286 1357/2288 2922/2289 1972/2287
f 1355/2290 2872/2291 1972/2287 2922/2289
f 2872/2291 1194/1621 2566/1624 1972/2287
f 1308/1643 2777/2292 1973/2293 2569/1644
f 2777/2294 1356/2295 2923/2296 1973/2297
f 1358/2298 2779/2299 1973/2297 2923/2296
f 2779/2300 1310/1645 2569/1644 1973/2293
f 1240/1661 2897/2301 1974/2302 2574/1662
f 2897/2301 1380/2303 2924/2304 1974/2302
f 1357/2288 2874/2286 1974/2302 2924/2304
f 2874/2286 1198/1629 2574/1662 1974/2302
f 1310/1645 2779/2300 1975/2305 2577/1671
f 2779/2299 1358/2298 2925/2306 1975/2307
f 1387/2308 2808/2309 1975/2307 2925/2306
f 2808/2310 1339/1673 2577/1671 1975/2305
f 1202/1693 2876/2311 1976/2312 2583/1688
f 2876/2311 1359/2313 2926/2314 1976/2312
f 1382/2315 2803/2316 1976/2312 2926/2314
f 2803/2316 1334/1685 2583/1688 1976/2312
f 1255/1707 2902/2317 1977/2318 2588/1708
f 2902/2319 1385/2320 2927/2321 1977/2322
f 1360/2323 2781/2324 1977/2322 2927/2321
f 2781/2325 1312/1709 2588/1708 1977/2318
f 1206/1726 2878/2326 1978/2327 2594/1722
f 2878/2326 1361/2328 2928/2329 1978/2327
f 1359/2313 2876/2311 1978/2327 2928/2329
f 2876/2311 1202/1693 2594/1722 1978/2327
f 1312/1709 2781/2325 1979/2330 2597/1735
f 2781/2324 1360/2323 2929/2331 1979/2332
f 1362/2333 2783/2334 1979/2332 2929/2331
f 2783/2335 1314/1736 2597/1735 1979/2330
f 1210/1750 2880/2336 1980/2337 2602/1746
f 2880/2336 1363/2338 2930/2339 1980/2337
f 1361/2328 2878/2326 1980/2337 2930/2339
f 2878/2326 1206/1726 2602/1746 1980/2337
f 1314/1736 2783/2335 1981/2340 2605/1759
f 2783/2334 1362/2333 2931/2341 1981/2342
f 1364/2343 2785/2344 1981/2342 2931/2341
f 2785/2345 1316/1760 2605/1759 1981/2340
f 1214/1774 2882/2346 1982/2347 2610/1770
f 2882/2346 1365/2348 2932/2349 1982/2347
f 1363/2338 2880/2336 1982/2347 2932/2349
f 2880/2336 1210/1750 2610/1770 1982/2347
f 1316/1760 2785/2345 1983/2350 2613/1783
f 2785/2344 1364/2343 2933/2351 1983/2352
f 1366/2353 2787/2354 1983/2352 2933/2351
f 2787/2355 1318/1784 2613/1783 1983/2350
f 1218/1798 2884/2356 1984/2357 2618/1794
f 2884/2356 1367/2358 2934/2359 1984/2357
f 1365/2348 2882/2346 1984/2357 2934/2359
f 2882/2346 1214/1774 2618/1794 1984/2357
f 1318/1784 2787/2355 1985/2360 2621/1807
f 2787/2354 1366/2353 2935/2361 1985/2362
f 1368/2363 2789/2364 1985/2362 2935/2361
f 2789/2365 1320/1808 2621/1807 1985/2360
f 1222/1824 2886/2366 1986/2367 2626/1825
f 2886/2366 1369/2368 2936/2369 1986/2367
f 1367/2358 2884/2356 1986/2370 2936/2371
f 2884/2356 1218/1798 2626/1818 1986/2370
f 1320/1808 2789/2365 1987/2372 2629/1837
f 2789/2364 1368/2363 2937/2373 1987/2374
f 1370/2375 2791/2376 1987/2377 2937/2378
f 2791/2379 1322/1838 2629/1841 1987/2380
f 1226/1858 2888/2381 1988/2382 2634/1854
f 2888/2381 1371/2383 2938/2384 1988/2382
f 1369/2368 2886/2366 1988/2382 2938/2384
f 2886/2366 1222/1824 2634/1854 1988/2382
f 1322/1838 2791/2379 1989/2385 2640/1870
f 2791/2376 1370/2375 2939/2386 1989/2387
f 1372/2388 2793/2389 1989/2387 2939/2386
f 2793/2390 1324/1871 2640/1870 1989/2385
f 1499/2391 3159/2392 1990/2393 3160/2394
f 3159/2392 1516/2395 3187/2396 1990/2393
f 1515/2397 3157/2398 1990/2393 3187/2396
f 3157/2398 1498/2399 3160/2394 1990/2393
f 1324/1871 2793/2390 1991/2400 2648/2401
f 2793/2389 1372/2388 2941/2402 1991/2403
f 1509/2404 3188/2405 1991/2403 2941/2402
f 3188/2406 1506/2407 2648/2401 1991/2400
f 1230/1909 2890/2408 1992/2409 2655/1904
f 2890/2408 1373/2410 2942/2411 1992/2409
f 1392/2412 2813/2413 1992/2409 2942/2411
f 2813/2413 1344/1901 2655/1904 1992/2409
f 1270/1914 2912/2414 1993/2415 2658/1915
f 2912/2416 1395/2417 2943/2418 1993/2419
f 1374/2420 2795/2421 1993/2419 2943/2418
f 2795/2422 1326/1916 2658/1915 1993/2415
f 1233/1933 2892/2423 1994/2424 2665/1929
f 2892/2423 1375/2425 2944/2426 1994/2424
f 1373/2410 2890/2408 1994/2424 2944/2426
f 2890/2408 1230/1909 2665/1929 1994/2424
f 1326/1916 2795/2422 1995/2427 2668/1936
f 2795/2421 1374/2420 2945/2428 1995/2429
f 1376/2430 2797/2431 1995/2429 2945/2428
f 2797/2432 1328/1937 2668/1936 1995/2427
f 1236/1546 2894/2433 1996/2434 2673/2435
f 2894/2433 1377/2436 2946/2437 1996/2434
f 1375/2425 2892/2423 1996/2434 2946/2437
f 2892/2423 1233/1933 3137/1947 1996/2434
f 1491/1951 2673/2435 1996/2434 3137/1947
f 1328/1937 2797/2432 1997/2438 2675/2439
f 2797/2431 1376/2430 2947/2440 1997/2441
f 1378/2254 2799/2253 1997/2441 2947/2440
f 2799/2250 1330/1956 3143/1953 1997/2438
f 1494/1952 2675/2439 1997/2438 3143/1953
f 1333/1972 2802/2442 1998/2443 2679/1968
f 2802/2442 1381/2444 2948/2445 1998/2443
f 1380/2303 2897/2301 1998/2443 2948/2445
f 2897/2301 1240/1661 2679/1968 1998/2443
f 1239/1978 2896/2446 1999/2447 2682/1974
f 2896/2446 1379/2448 2949/2449 1999/2447
f 1381/2444 2802/2442 1999/2447 2949/2449
f 2802/2442 1333/1972 2682/1974 1999/2447
f 1339/1673 2808/2310 2000/2450 2687/1995
f 2808/2309 1387/2308 2950/2451 2000/2452
f 1388/2453 2809/2454 2000/2452 2950/2451
f 2809/2455 1340/1996 2687/1995 2000/2450
f 1340/1996 2809/2455 2001/2456 2689/2001
f 2809/2454 1388/2453 2951/2457 2001/2458
f 1384/2459 2805/2460 2001/2458 2951/2457
f 2805/2461 1336/2002 2689/2001 2001/2456
f 1334/1685 2803/2316 2002/2462 2693/2021
f 2803/2316 1382/2315 2952/2463 2002/2462
f 1383/2464 2900/2465 2002/2466 2952/2467
f 2900/2465 1243/2022 2693/2025 2002/2466
f 1243/2022 2900/2465 2003/2468 2696/2030
f 2900/2465 1383/2464 2953/2469 2003/2468
f 1379/2448 2896/2446 2003/2468 2953/2469
f 2896/2446 1239/1978 2696/2030 2003/2468
f 1338/2054 2807/2470 2004/2471 2702/2055
f 2807/2472 1386/2473 2954/2474 2004/2475
f 1385/2320 2902/2319 2004/2476 2954/2477
f 2902/2317 1255/1707 2702/2048 2004/2478
f 1336/2002 2805/2461 2005/2479 2703/2057
f 2805/2460 1384/2459 2955/2480 2005/2481
f 1386/2473 2807/2472 2005/2481 2955/2480
f 2807/2470 1338/2054 2703/2057 2005/2479
f 1264/2083 2908/2482 2006/2483 2707/2078
f 2908/2482 1391/2484 2956/2485 2006/2483
f 1390/2486 2907/2487 2006/2483 2956/2485
f 2907/2487 1263/2075 2707/2078 2006/2483
f 1262/2089 2906/2488 2007/2489 2710/2085
f 2906/2488 1389/2490 2957/2491 2007/2489
f 1391/2484 2908/2482 2007/2489 2957/2491
f 2908/2482 1264/2083 2710/2085 2007/2489
f 1349/1890 2818/2492 2008/2493 2714/2092
f 2818/2494 1397/2495 2958/2496 2008/2497
f 1398/2498 2819/2499 2008/2497 2958/2496
f 2819/2500 1350/2093 2714/2092 2008/2493
f 1350/2093 2819/2500 2009/2501 2717/2098
f 2819/2499 1398/2498 2959/2502 2009/2503
f 1394/2504 2815/2505 2009/2503 2959/2502
f 2815/2506 1346/2099 2717/2098 2009/2501
f 1344/1901 2813/2413 2010/2507 2722/2119
f 2813/2413 1392/2412 2960/2508 2010/2507
f 1393/2509 2910/2510 2010/2507 2960/2508
f 2910/2510 1266/2120 2722/2119 2010/2507
f 1266/2120 2910/2510 2011/2511 2725/2125
f 2910/2510 1393/2509 2961/2512 2011/2511
f 1389/2490 2906/2488 2011/2511 2961/2512
f 2906/2488 1262/2089 2725/2125 2011/2511
f 1348/2142 2817/2513 2012/2514 2731/2140
f 2817/2515 1396/2516 2962/2517 2012/2518
f 1395/2417 2912/2416 2012/2518 2962/2517
f 2912/2414 1270/1914 2731/2140 2012/2514
f 1346/2099 2815/2506 2013/2519 2732/2144
f 2815/2505 1394/2504 2963/2520 2013/2521
f 1396/2516 2817/2515 2013/2521 2963/2520
f 2817/2513 1348/2142 2732/2144 2013/2519
f 1351/2245 2772/2522 2014/2523 2916/2246
f 2772/2522 1303/2524 2820/2525 2014/2523
f 1519/2526 3207/2527 2014/2523 2820/2525
f 3207/2527 1754/2247 2916/2246 2014/2523
f 1378/2254 2895/2528 2015/2529 2917/2255
f 2895/2528 1238/1966 2821/1965 2015/2529
f 1484/1964 3127/2530 2015/2529 2821/1965
f 3127/2530 1485/2257 2917/2255 2015/2529
f 1353/2265 2774/2531 2016/2532 2918/2266
f 2774/2531 1305/2533 2822/2534 2016/2532
f 1303/2524 2772/2522 2016/2532 2822/2534
f 2772/2522 1351/2245 2918/2266 2016/2532
f 1352/2270 2869/2535 2017/2536 2919/2271
f 2869/2535 1188/1588 2823/1591 2017/2536
f 1193/1596 2871/2537 2017/2536 2823/1591
f 2871/2537 1354/2273 2919/2271 2017/2536
f 1355/2278 2776/2538 2018/2539 2920/2279
f 2776/2538 1307/2540 2824/2541 2018/2539
f 1305/2533 2774/2531 2018/2539 2824/2541
f 2774/2531 1353/2265 2920/2279 2018/2539
f 1354/2273 2871/2537 2019/2542 2921/2281
f 2871/2537 1193/1596 2825/1616 2019/2542
f 1197/1620 2873/2543 2019/2542 2825/1616
f 2873/2543 1356/2283 2921/2281 2019/2542
f 1357/2288 2778/2544 2020/2545 2922/2289
f 2778/2544 1309/1677 2826/2546 2020/2545
f 1307/2547 2776/2548 2020/2545 2826/2546
f 2776/2548 1355/2290 2922/2289 2020/2545
f 1356/2295 2873/2549 2021/2550 2923/2296
f 2873/2549 1197/1648 2827/1651 2021/2550
f 1201/1656 2875/2551 2021/2550 2827/1651
f 2875/2551 1358/2298 2923/2296 2021/2550
f 1380/2303 2801/2552 2022/2553 2924/2304
f 2801/2552 1332/1681 2828/1678 2022/2553
f 1309/1677 2778/2544 2022/2553 2828/1678
f 2778/2544 1357/2288 2924/2304 2022/2553
f 1358/2298 2875/2551 2023/2554 2925/2306
f 2875/2551 1201/1656 2829/2555 2023/2554
f 1257/2005 2904/2556 2023/2554 2829/2555
f 2904/2556 1387/2308 2925/2306 2023/2554
f 1359/2313 2780/2557 2024/2558 2926/2314
f 2780/2557 1311/2559 2830/2560 2024/2558
f 1242/2059 2899/2561 2024/2558 2830/2560
f 2899/2561 1382/2315 2926/2314 2024/2558
f 1385/2320 2806/2562 2025/2563 2927/2321
f 2806/2562 1337/1712 2831/1715 2025/2563
f 1205/1720 2877/2564 2025/2563 2831/1715
f 2877/2564 1360/2323 2927/2321 2025/2563
f 1361/2328 2782/2565 2026/2566 2928/2329
f 2782/2565 1313/2567 2832/2568 2026/2566
f 1311/2559 2780/2557 2026/2566 2832/2568
f 2780/2557 1359/2313 2928/2329 2026/2566
f 1360/2323 2877/2564 2027/2569 2929/2331
f 2877/2564 1205/1720 2833/1740 2027/2569
f 1209/1744 2879/2570 2027/2569 2833/1740
f 2879/2570 1362/2333 2929/2331 2027/2569
f 1363/2338 2784/2571 2028/2572 2930/2339
f 2784/2571 1315/2573 2834/2574 2028/2572
f 1313/2567 2782/2565 2028/2572 2834/2574
f 2782/2565 1361/2328 2930/2339 2028/2572
f 1362/2333 2879/2570 2029/2575 2931/2341
f 2879/2570 1209/1744 2835/1764 2029/2575
f 1213/1768 2881/2576 2029/2575 2835/1764
f 2881/2576 1364/2343 2931/2341 2029/2575
f 1365/2348 2786/2577 2030/2578 2932/2349
f 2786/2577 1317/2579 2836/2580 2030/2578
f 1315/2573 2784/2571 2030/2578 2836/2580
f 2784/2571 1363/2338 2932/2349 2030/2578
f 1364/2343 2881/2576 2031/2581 2933/2351
f 2881/2576 1213/1768 2837/1788 2031/2581
f 1217/1792 2883/2582 2031/2581 2837/1788
f 2883/2582 1366/2353 2933/2351 2031/2581
f 1367/2358 2788/2583 2032/2584 2934/2359
f 2788/2583 1319/2585 2838/2586 2032/2584
f 1317/2579 2786/2577 2032/2584 2838/2586
f 2786/2577 1365/2348 2934/2359 2032/2584
f 1366/2353 2883/2582 2033/2587 2935/2361
f 2883/2582 1217/1792 2839/1812 2033/2587
f 1221/1816 2885/2588 2033/2587 2839/1812
f 2885/2588 1368/2363 2935/2361 2033/2587
f 1369/2368 2790/2589 2034/2590 2936/2369
f 2790/2589 1321/2591 2840/2592 2034/2590
f 1319/2585 2788/2583 2034/2593 2840/2594
f 2788/2583 1367/2358 2936/2371 2034/2593
f 1368/2363 2885/2588 2035/2595 2937/2373
f 2885/2588 1221/1816 2841/1845 2035/2595
f 1225/1851 2887/2596 2035/2597 2841/1852
f 2887/2596 1370/2375 2937/2378 2035/2597
f 1371/2383 2792/2598 2036/2599 2938/2384
f 2792/2598 1323/2600 2842/2601 2036/2599
f 1321/2591 2790/2589 2036/2599 2842/2601
f 2790/2589 1369/2368 2938/2384 2036/2599
f 1370/2375 2887/2596 2037/2602 2939/2386
f 2887/2596 1225/1851 2843/1875 2037/2602
f 1229/1879 2889/2603 2037/2602 2843/1875
f 2889/2603 1372/2388 2939/2386 2037/2602
f 1500/2604 3161/2605 2038/2606 3162/2607
f 3161/2605 1517/2608 3189/2609 2038/2606
f 1516/2395 3159/2392 2038/2606 3189/2609
f 3159/2392 1499/2391 3162/2607 2038/2606
f 1372/2388 2889/2603 2039/2610 2941/2402
f 2889/2603 1229/1879 2845/1896 2039/2610
f 1508/1900 3190/2611 2039/2610 2845/1896
f 3190/2611 1509/2404 2941/2402 2039/2610
f 1373/2410 2794/2612 2040/2613 2942/2411
f 2794/2612 1325/2614 2846/2615 2040/2613
f 1265/2145 2909/2616 2040/2613 2846/2615
f 2909/2616 1392/2412 2942/2411 2040/2613
f 1395/2417 2816/2617 2041/2618 2943/2418
f 2816/2617 1347/1919 2847/1922 2041/2618
f 1232/1927 2891/2619 2041/2618 2847/1922
f 2891/2619 1374/2420 2943/2418 2041/2618
f 1375/2425 2796/2620 2042/2621 2944/2426
f 2796/2620 1327/2622 2848/2623 2042/2621
f 1325/2614 2794/2612 2042/2621 2848/2623
f 2794/2612 1373/2410 2944/2426 2042/2621
f 1374/2420 2891/2619 2043/2624 2945/2428
f 2891/2619 1232/1927 2849/1941 2043/2624
f 1235/1945 2893/2625 2043/2624 2849/1941
f 2893/2625 1376/2430 2945/2428 2043/2624
f 1377/2436 2798/2626 2044/2627 2946/2437
f 2798/2626 1329/2628 2850/2629 2044/2627
f 1327/2622 2796/2620 2044/2627 2850/2629
f 2796/2620 1375/2425 2946/2437 2044/2627
f 1376/2430 2893/2625 2045/2630 2947/2440
f 2893/2625 1235/1945 2851/1962 2045/2630
f 1238/1966 2895/2528 2045/2630 2851/1962
f 2895/2528 1378/2254 2947/2440 2045/2630
f 1381/2444 2898/2631 2046/2632 2948/2445
f 2898/2631 1241/2633 2852/2634 2046/2632
f 1332/1681 2801/2552 2046/2632 2852/2634
f 2801/2552 1380/2303 2948/2445 2046/2632
f 1379/2448 2800/2635 2047/2636 2949/2449
f 2800/2635 1331/2074 2853/2637 2047/2636
f 1241/2633 2898/2631 2047/2636 2853/2637
f 2898/2631 1381/2444 2949/2449 2047/2636
f 1387/2308 2904/2556 2048/2638 2950/2451
f 2904/2556 1257/2005 2854/2008 2048/2638
f 1258/2012 2905/2639 2048/2638 2854/2008
f 2905/2639 1388/2453 2950/2451 2048/2638
f 1388/2453 2905/2639 2049/2640 2951/2457
f 2905/2639 1258/2012 2855/2014 2049/2640
f 1254/2018 2901/2641 2049/2640 2855/2014
f 2901/2641 1384/2459 2951/2457 2049/2640
f 1382/2315 2899/2561 2050/2642 2952/2463
f 2899/2561 1242/2059 2856/2062 2050/2642
f 1335/2068 2804/2643 2050/2644 2856/2069
f 2804/2643 1383/2464 2952/2467 2050/2644
f 1383/2464 2804/2643 2051/2645 2953/2469
f 2804/2643 1335/2068 2857/2071 2051/2645
f 1331/2074 2800/2635 2051/2645 2857/2071
f 2800/2635 1379/2448 2953/2469 2051/2645
f 1386/2473 2903/2646 2052/2647 2954/2474
f 2903/2646 1256/2648 2858/2649 2052/2647
f 1337/1712 2806/2562 2052/2650 2858/2651
f 2806/2562 1385/2320 2954/2477 2052/2650
f 1384/2459 2901/2641 2053/2652 2955/2480
f 2901/2641 1254/2018 2859/2653 2053/2652
f 1256/2648 2903/2646 2053/2652 2859/2653
f 2903/2646 1386/2473 2955/2480 2053/2652
f 1391/2484 2812/2654 2054/2655 2956/2485
f 2812/2654 1343/2656 2860/2657 2054/2655
f 1342/2658 2811/2659 2054/2655 2860/2657
f 2811/2659 1390/2486 2956/2485 2054/2655
f 1389/2490 2810/2660 2055/2661 2957/2491
f 2810/2660 1341/2157 2861/2662 2055/2661
f 1343/2656 2812/2654 2055/2661 2861/2662
f 2812/2654 1391/2484 2957/2491 2055/2661
f 1397/2495 2914/2663 2056/2664 2958/2496
f 2914/2663 1272/2102 2862/2105 2056/2664
f 1273/2110 2915/2665 2056/2664 2862/2105
f 2915/2665 1398/2498 2958/2496 2056/2664
f 1398/2498 2915/2665 2057/2666 2959/2502
f 2915/2665 1273/2110 2863/2112 2057/2666
f 1269/2116 2911/2667 2057/2666 2863/2112
f 2911/2667 1394/2504 2959/2502 2057/2666
f 1392/2412 2909/2616 2058/2668 2960/2508
f 2909/2616 1265/2145 2864/2148 2058/2668
f 1345/2152 2814/2669 2058/2668 2864/2148
f 2814/2669 1393/2509 2960/2508 2058/2668
f 1393/2509 2814/2669 2059/2670 2961/2512
f 2814/2669 1345/2152 2865/2154 2059/2670
f 1341/2157 2810/2660 2059/2670 2865/2154
f 2810/2660 1389/2490 2961/2512 2059/2670
f 1396/2516 2913/2671 2060/2672 2962/2517
f 2913/2671 1271/2673 2866/2674 2060/2672
f 1347/1919 2816/2617 2060/2672 2866/2674
f 2816/2617 1395/2417 2962/2517 2060/2672
f 1394/2504 2911/2667 2061/2675 2963/2520
f 2911/2667 1269/2116 2867/2676 2061/2675
f 1271/2673 2913/2671 2061/2675 2867/2676
f 2913/2671 1396/2516 2963/2520 2061/2675
f 1400/1579 2965/2677 2062/2678 2539/2679
f 2965/2677 1189/2680 3006/2681 2062/2678
f 1832/2682 3720/2683 2062/2678 3006/2681
f 3720/2683 1833/2684 2539/2679 2062/2678
f 1187/1568 2964/2685 2063/2686 2548/1569
f 2964/2685 1399/1555 3007/1574 2063/2686
f 1191/1578 2966/2687 2063/2686 3007/1574
f 2966/2687 1401/1570 2548/1569 2063/2686
f 1189/2680 2965/2677 2064/2688 2551/2689
f 2965/2677 1400/1579 3008/1582 2064/2688
f 1192/1587 2967/2690 2064/2688 3008/1582
f 2967/2690 1402/2691 2551/2689 2064/2688
f 1401/1570 2966/2687 2065/2692 2556/1599
f 2966/2687 1191/1578 3009/1604 2065/2692
f 1195/1608 2968/2693 2065/2692 3009/1604
f 2968/2693 1403/1600 2556/1599 2065/2692
f 1402/2691 2967/2690 2066/2694 2559/2695
f 2967/2690 1192/1587 3010/1610 2066/2694
f 1196/1614 2969/2696 2066/2694 3010/1610
f 2969/2696 1404/2697 2559/2695 2066/2694
f 1403/1625 2968/2698 2067/2699 2564/1626
f 2968/2698 1195/1630 3011/1633 2067/2699
f 1199/1638 2970/2700 2067/2699 3011/1633
f 2970/2700 1405/1627 2564/1626 2067/2699
f 1404/2701 2969/2702 2068/2703 2567/2704
f 2969/2702 1196/1639 3012/1642 2068/2703
f 1200/1647 2971/2705 2068/2703 3012/1642
f 2971/2705 1406/1663 2567/2704 2068/2703
f 1405/1627 2970/2700 2069/2706 2572/1657
f 2970/2700 1199/1638 3013/2707 2069/2706
f 1247/1979 2992/2708 2069/2706 3013/2707
f 2992/2708 1427/1659 2572/1657 2069/2706
f 1406/1663 2971/2705 2070/2709 2575/1664
f 2971/2705 1200/1647 3014/1676 2070/2709
f 1252/1675 2997/2710 2070/2709 3014/1676
f 2997/2710 1432/1667 2575/1664 2070/2709
f 1245/1689 2990/2711 2071/2712 2581/1690
f 2990/2711 1425/1694 3015/1697 2071/2712
f 1407/1702 2972/2713 2071/2712 3015/1697
f 2972/2713 1203/1691 2581/1690 2071/2712
f 1250/2031 2995/2714 2072/2715 2585/2716
f 2995/2714 1430/1703 3016/1706 2072/2715
f 1408/1711 2973/2717 2072/2715 3016/1706
f 2973/2717 1204/2718 2585/2716 2072/2715
f 1203/1691 2972/2713 2073/2719 2592/1723
f 2972/2713 1407/1702 3017/1728 2073/2719
f 1207/1732 2974/2720 2073/2719 3017/1728
f 2974/2720 1409/1724 2592/1723 2073/2719
f 1204/2718 2973/2717 2074/2721 2595/2722
f 2973/2717 1408/1711 3018/1734 2074/2721
f 1208/1738 2975/2723 2074/2721 3018/1734
f 2975/2723 1410/2724 2595/2722 2074/2721
f 1409/1724 2974/2720 2075/2725 2600/1747
f 2974/2720 1207/1732 3019/1752 2075/2725
f 1211/1756 2976/2726 2075/2725 3019/1752
f 2976/2726 1411/1748 2600/1747 2075/2725
f 1410/2724 2975/2723 2076/2727 2603/2728
f 2975/2723 1208/1738 3020/1758 2076/2727
f 1212/1762 2977/2729 2076/2727 3020/1758
f 2977/2729 1412/2730 2603/2728 2076/2727
f 1411/1748 2976/2726 2077/2731 2608/1771
f 2976/2726 1211/1756 3021/1776 2077/2731
f 1215/1780 2978/2732 2077/2731 3021/1776
f 2978/2732 1413/1772 2608/1771 2077/2731
f 1412/2730 2977/2729 2078/2733 2611/2734
f 2977/2729 1212/1762 3022/1782 2078/2733
f 1216/1786 2979/2735 2078/2733 3022/1782
f 2979/2735 1414/2736 2611/2734 2078/2733
f 1413/1772 2978/2732 2079/2737 2616/1795
f 2978/2732 1215/1780 3023/1800 2079/2737
f 1219/1804 2980/2738 2079/2737 3023/1800
f 2980/2738 1415/1796 2616/1795 2079/2737
f 1414/2736 2979/2735 2080/2739 2619/2740
f 2979/2735 1216/1786 3024/1806 2080/2739
f 1220/1810 2981/2741 2080/2739 3024/1806
f 2981/2741 1416/2742 2619/2740 2080/2739
f 1415/1796 2980/2738 2081/2743 2624/1819
f 2980/2738 1219/1804 3025/1827 2081/2743
f 1223/1833 2982/2744 2081/2745 3025/1834
f 2982/2744 1417/1820 2624/1823 2081/2745
f 1416/2742 2981/2741 2082/2746 2627/2747
f 2981/2741 1220/1810 3026/1836 2082/2746
f 1224/1842 2983/2748 2082/2749 3026/1843
f 2983/2748 1418/2750 2627/2751 2082/2749
f 1417/1820 2982/2744 2083/2752 2632/1855
f 2982/2744 1223/1833 3027/2753 2083/2752
f 1486/2754 3128/2755 2083/2752 3027/2753
f 3128/2755 1227/2756 2984/2757 2083/2752
f 1419/1856 2632/1855 2083/2752 2984/2757
f 1418/2750 2983/2748 2084/2758 2635/2759
f 2983/2748 1224/1842 3028/1869 2084/2758
f 1228/1873 2985/2760 2084/2758 3028/1869
f 2985/2760 1420/2761 3131/2762 2084/2758
f 1488/2763 2635/2759 2084/2758 3131/2762
f 1419/1856 2984/2757 2085/2764 2643/1882
f 2984/2757 1227/2756 3151/2765 2085/2764
f 1513/2766 3191/2767 2085/2764 3151/2765
f 3191/2767 1504/1883 2643/1882 2085/2764
f 1268/1892 3003/2768 2086/2769 2650/1893
f 3003/2768 1279/2224 2734/2770 2086/2769
f 1443/2771 3148/2772 2086/2769 2734/2770
f 3148/2772 1495/1894 2650/1893 2086/2769
f 1260/1905 3000/2773 2087/2774 2653/1906
f 3000/2773 1282/2171 2656/2168 2087/2774
f 1284/2167 2986/2775 2087/2774 2656/2168
f 2986/2775 1231/1907 2653/1906 2087/2774
f 1421/1918 2987/2776 2088/2777 2660/1913
f 2987/2776 1285/2212 2735/2210 2088/2777
f 1281/2126 2727/2129 2088/2777 2735/2210
f 2727/2129 1437/1910 2660/1913 2088/2777
f 1231/1907 2986/2775 2089/2778 2663/1930
f 2986/2775 1284/2167 2666/2177 2089/2778
f 1287/2176 2667/2779 2089/2778 2666/2177
f 2667/2779 1422/1931 2663/1930 2089/2778
f 1234/1939 2988/2780 2090/2781 2670/1935
f 2988/2780 1288/2216 2736/2214 2090/2781
f 1285/2212 2987/2776 2090/2781 2736/2214
f 2987/2776 1421/1918 2670/1935 2090/2781
f 1422/1931 2667/2779 2091/2782 2672/1948
f 2667/2779 1287/2176 2674/2239 2091/2782
f 1299/2238 2768/2783 2091/2782 2674/2239
f 2768/2783 1441/1949 2672/1948 2091/2782
f 1423/1958 2544/2784 2092/2785 2676/1959
f 2544/2784 1289/2786 3005/2787 2092/2785
f 1301/2220 2769/2788 2092/2785 3005/2787
f 2769/2788 1300/1960 2676/1959 2092/2785
f 1427/1659 2992/2708 2093/2789 2677/1969
f 2992/2708 1247/1979 3029/1982 2093/2789
f 1428/1986 2993/2790 2093/2789 3029/1982
f 2993/2790 1248/1970 2677/1969 2093/2789
f 1248/1970 2993/2790 2094/2791 2680/1975
f 2993/2790 1428/1986 3030/1988 2094/2791
f 1424/1992 2989/2792 2094/2791 3030/1988
f 2989/2792 1244/1976 2680/1975 2094/2791
f 1432/1667 2997/2710 2095/2793 2683/2794
f 2997/2710 1252/1675 3031/1994 2095/2793
f 1433/1998 2998/2795 2095/2793 3031/1994
f 2998/2795 1253/2796 2683/2794 2095/2793
f 1253/2796 2998/2795 2096/2797 2685/2798
f 2998/2795 1433/1998 3032/2000 2096/2797
f 1429/2004 2994/2799 2096/2797 3032/2000
f 2994/2799 1249/2046 2685/2798 2096/2797
f 1246/2026 2991/2800 2097/2801 2695/2027
f 2991/2800 1426/2802 3033/2803 2097/2801
f 1425/1694 2990/2711 2097/2804 3033/2805
f 2990/2711 1245/1689 2695/2020 2097/2804
f 1244/1976 2989/2792 2098/2806 2697/2029
f 2989/2792 1424/1992 3034/2807 2098/2806
f 1426/2802 2991/2800 2098/2806 3034/2807
f 2991/2800 1246/2026 2697/2029 2098/2806
f 1251/2040 2996/2808 2099/2809 2699/2041
f 2996/2808 1431/2050 3035/2053 2099/2809
f 1430/1703 2995/2714 2099/2810 3035/2049
f 2995/2714 1250/2031 2699/2034 2099/2810
f 1249/2046 2994/2799 2100/2811 2700/2043
f 2994/2799 1429/2004 3036/2058 2100/2811
f 1431/2050 2996/2808 2100/2811 3036/2058
f 2996/2808 1251/2040 2700/2043 2100/2811
f 1435/2079 2647/2812 2101/2813 2705/2080
f 2647/2812 1278/2158 2711/2183 2101/2813
f 1291/2182 2712/2814 2101/2813 2711/2183
f 2712/2814 1261/2081 2705/2080 2101/2813
f 1261/2081 2712/2814 2102/2815 2708/2086
f 2712/2814 1291/2182 2713/2189 2102/2815
f 1294/2188 2999/2816 2102/2815 2713/2189
f 2999/2816 1259/2087 2708/2086 2102/2815
f 1438/2095 2737/2817 2103/2818 2716/2091
f 2737/2817 1292/2228 2738/2225 2103/2818
f 1279/2224 3003/2768 2103/2818 2738/2225
f 3003/2768 1268/1892 2716/2091 2103/2818
f 1436/2101 3001/2137 2104/2819 2719/2097
f 3001/2137 1295/2136 2739/2230 2104/2819
f 1292/2228 2737/2817 2104/2819 2739/2230
f 2737/2817 1438/2095 2719/2097 2104/2819
f 1434/2122 2740/2820 2105/2821 2724/2118
f 2740/2820 1298/2234 2741/2232 2105/2821
f 1282/2171 3000/2773 2105/2821 2741/2232
f 3000/2773 1260/1905 2724/2118 2105/2821
f 1259/2087 2999/2816 2106/2822 2726/2124
f 2999/2816 1294/2188 2742/2236 2106/2822
f 1298/2234 2740/2820 2106/2822 2742/2236
f 2740/2820 1434/2122 2726/2124 2106/2822
f 1441/1949 2768/2783 2107/2823 2765/2824
f 2768/2783 1299/2238 3146/2825 2107/2823
f 1237/1550 2765/2824 2107/2823 3146/2825
f 1300/1960 2769/2788 2108/2826 2766/2827
f 2769/2788 1301/2220 2767/2218 2108/2826
f 1288/2216 2988/2780 2108/2826 2767/2218
f 2988/2780 1234/1939 2766/2827 2108/2826
f 1442/2162 3171/2828 2109/2829 3042/2163
f 3171/2828 1505/2830 3192/2831 2109/2829
f 1507/2832 3173/2833 2109/2829 3192/2831
f 3173/2833 1444/2164 3042/2163 2109/2829
f 1443/2771 2734/2770 2110/2834 3043/2835
f 2734/2770 1279/2224 2760/2227 2110/2834
f 1277/2166 3041/2165 2110/2834 2760/2227
f 3041/2165 1444/2164 3043/2835 2110/2834
f 1445/1592 3044/1589 2111/2836 3086/2837
f 3044/1589 1188/1588 3200/2838 2111/2836
f 1852/2839 3798/2840 2111/2836 3200/2838
f 3798/2840 1522/2841 3086/2837 2111/2836
f 1439/2842 3045/2843 2112/2844 3087/2845
f 3045/2843 1289/2786 3142/2846 2112/2844
f 1493/2262 3141/2261 2112/2844 3142/2846
f 3141/2261 1446/2260 3087/2845 2112/2844
f 1447/1563 2547/2847 2113/2848 3088/1575
f 2547/2847 1189/2680 2551/2689 2113/2848
f 1402/2691 2552/2849 2113/2848 2551/2689
f 2552/2849 1448/1576 3088/1575 2113/2848
f 1445/1592 2540/2850 2114/2851 3089/1593
f 2540/2850 1303/2524 2822/2534 2114/2851
f 1305/2533 2555/2852 2114/2851 2822/2534
f 2555/2852 1449/1594 3089/1593 2114/2851
f 1448/1576 2552/2849 2115/2853 3090/1605
f 2552/2849 1402/2691 2559/2695 2115/2853
f 1404/2697 2560/2854 2115/2853 2559/2695
f 2560/2854 1450/1606 3090/1605 2115/2853
f 1449/1594 2555/2852 2116/2855 3091/1617
f 2555/2852 1305/2533 2824/2541 2116/2855
f 1307/2540 2563/2856 2116/2855 2824/2541
f 2563/2856 1451/1618 3091/1617 2116/2855
f 1450/1634 2560/2857 2117/2858 3092/1635
f 2560/2857 1404/2701 2567/2704 2117/2858
f 1406/1663 2568/1666 2117/2858 2567/2704
f 2568/1666 1452/1636 3092/1635 2117/2858
f 1451/1652 2563/2859 2118/2860 3093/1653
f 2563/2859 1307/2547 2826/2546 2118/2860
f 1309/1677 2571/1680 2118/2860 2826/2546
f 2571/1680 1453/1654 3093/1653 2118/2860
f 1454/1669 3054/1980 2119/2861 3094/1670
f 3054/1980 1247/1979 3013/2707 2119/2861
f 1199/1638 3052/1637 2119/2861 3013/2707
f 3052/1637 1452/1636 3094/1670 2119/2861
f 1455/1683 3055/2006 2120/2862 3095/1684
f 3055/2006 1257/2005 2829/2555 2120/2862
f 1201/1656 3053/1655 2120/2862 2829/2555
f 3053/1655 1453/1654 3095/1684 2120/2862
f 1456/1698 3056/2032 2121/2863 3096/1699
f 3056/2032 1250/2031 2585/2716 2121/2863
f 1204/2718 2586/2864 2121/2863 2585/2716
f 2586/2864 1457/1700 3096/1699 2121/2863
f 1458/1716 3058/2060 2122/2865 3097/1717
f 3058/2060 1242/2059 2830/2560 2122/2865
f 1311/2559 2591/2866 2122/2865 2830/2560
f 2591/2866 1459/1718 3097/1717 2122/2865
f 1457/1700 2586/2864 2123/2867 3098/1729
f 2586/2864 1204/2718 2595/2722 2123/2867
f 1410/2724 2596/2868 2123/2867 2595/2722
f 2596/2868 1460/1730 3098/1729 2123/2867
f 1459/1718 2591/2866 2124/2869 3099/1741
f 2591/2866 1311/2559 2832/2568 2124/2869
f 1313/2567 2599/2870 2124/2869 2832/2568
f 2599/2870 1461/1742 3099/1741 2124/2869
f 1460/1730 2596/2868 2125/2871 3100/1753
f 2596/2868 1410/2724 2603/2728 2125/2871
f 1412/2730 2604/2872 2125/2871 2603/2728
f 2604/2872 1462/1754 3100/1753 2125/2871
f 1461/1742 2599/2870 2126/2873 3101/1765
f 2599/2870 1313/2567 2834/2574 2126/2873
f 1315/2573 2607/2874 2126/2873 2834/2574
f 2607/2874 1463/1766 3101/1765 2126/2873
f 1462/1754 2604/2872 2127/2875 3102/1777
f 2604/2872 1412/2730 2611/2734 2127/2875
f 1414/2736 2612/2876 2127/2875 2611/2734
f 2612/2876 1464/1778 3102/1777 2127/2875
f 1463/1766 2607/2874 2128/2877 3103/1789
f 2607/2874 1315/2573 2836/2580 2128/2877
f 1317/2579 2615/2878 2128/2877 2836/2580
f 2615/2878 1465/1790 3103/1789 2128/2877
f 1464/1778 2612/2876 2129/2879 3104/1801
f 2612/2876 1414/2736 2619/2740 2129/2879
f 1416/2742 2620/2880 2129/2879 2619/2740
f 2620/2880 1466/1802 3104/1801 2129/2879
f 1465/1790 2615/2878 2130/2881 3105/1813
f 2615/2878 1317/2579 2838/2586 2130/2881
f 1319/2585 2623/2882 2130/2881 2838/2586
f 2623/2882 1467/1814 3105/1813 2130/2881
f 1466/1802 2620/2880 2131/2883 3106/1828
f 2620/2880 1416/2742 2627/2747 2131/2883
f 1418/2750 2628/2884 2131/2885 2627/2751
f 2628/2884 1468/1829 3106/1832 2131/2885
f 1467/1814 2623/2882 2132/2886 3107/1846
f 2623/2882 1319/2585 2840/2594 2132/2886
f 1321/2591 2631/2887 2132/2888 2840/2592
f 2631/2887 1469/1847 3107/1850 2132/2888
f 1488/2763 3131/2762 2133/2889 3135/2890
f 3131/2762 1420/2761 2636/2891 2133/2889
f 1275/2202 3136/2892 2133/2889 2636/2891
f 3136/2892 1490/2893 3135/2890 2133/2889
f 1469/1847 2631/2887 2134/2894 3109/1876
f 2631/2887 1321/2591 2842/2601 2134/2894
f 1323/2600 2642/2895 2134/2894 2842/2601
f 2642/2895 1470/1877 3109/1876 2134/2894
f 1470/1877 2642/2895 2135/2896 3110/1897
f 2642/2895 1323/2600 3183/2897 2135/2896
f 1517/2898 3193/2899 2135/2896 3183/2897
f 3193/2899 1511/1898 3110/1897 2135/2896
f 1472/1923 3072/2146 2136/2900 3111/1924
f 3072/2146 1265/2145 2846/2615 2136/2900
f 1325/2614 2662/2901 2136/2900 2846/2615
f 2662/2901 1473/1925 3111/1924 2136/2900
f 1473/1925 2662/2901 2137/2902 3112/1942
f 2662/2901 1325/2614 2848/2623 2137/2902
f 1327/2622 2671/2903 2137/2902 2848/2623
f 2671/2903 1474/1943 3112/1942 2137/2902
f 1474/1943 2671/2903 2138/2904 3113/1963
f 2671/2903 1327/2622 2850/2629 2138/2904
f 1329/2628 3084/2905 2138/2904 2850/2629
f 3084/2905 1484/1964 3113/1963 2138/2904
f 1454/1669 2576/1668 2139/2906 3114/1983
f 2576/1668 1432/1667 2683/2794 2139/2906
f 1253/2796 2684/2907 2139/2906 2683/2794
f 2684/2907 1475/1984 3114/1983 2139/2906
f 1475/1984 2684/2907 2140/2908 3115/1989
f 2684/2907 1253/2796 2685/2798 2140/2908
f 1249/2046 2686/2045 2140/2908 2685/2798
f 2686/2045 1476/1990 3115/1989 2140/2908
f 1455/1683 2579/1682 2141/2909 3116/2009
f 2579/1682 1332/1681 2852/2634 2141/2909
f 1241/2633 2691/2910 2141/2909 2852/2634
f 2691/2910 1477/2010 3116/2009 2141/2909
f 1477/2010 2691/2910 2142/2911 3117/2015
f 2691/2910 1241/2633 2853/2637 2142/2911
f 1331/2074 2692/2073 2142/2911 2853/2637
f 2692/2073 1478/2016 3117/2015 2142/2911
f 1456/1698 2584/1695 2143/2912 3118/2035
f 2584/1695 1425/1694 3033/2805 2143/2912
f 1426/2802 2698/2913 2143/2914 3033/2803
f 2698/2913 1479/2036 3118/2039 2143/2914
f 1479/2036 2698/2913 2144/2915 3119/2044
f 2698/2913 1426/2802 3034/2807 2144/2915
f 1424/1992 3076/1991 2144/2915 3034/2807
f 3076/1991 1476/1990 3119/2044 2144/2915
f 1458/1716 2590/1713 2145/2916 3120/2063
f 2590/1713 1337/1712 2858/2651 2145/2916
f 1256/2648 2704/2917 2145/2918 2858/2649
f 2704/2917 1480/2064 3120/2067 2145/2918
f 1480/2064 2704/2917 2146/2919 3121/2072
f 2704/2917 1256/2648 2859/2653 2146/2919
f 1254/2018 3078/2017 2146/2919 2859/2653
f 3078/2017 1478/2016 3121/2072 2146/2919
f 1471/2106 2651/2920 2147/2921 3122/2107
f 2651/2920 1342/2658 2860/2657 2147/2921
f 1343/2656 2720/2922 2147/2921 2860/2657
f 2720/2922 1481/2108 3122/2107 2147/2921
f 1481/2108 2720/2922 2148/2923 3123/2113
f 2720/2922 1343/2656 2861/2662 2148/2923
f 1341/2157 2721/2156 2148/2923 2861/2662
f 2721/2156 1482/2114 3123/2113 2148/2923
f 1472/1923 2661/1920 2149/2924 3124/2149
f 2661/1920 1347/1919 2866/2674 2149/2924
f 1271/2673 2733/2925 2149/2924 2866/2674
f 2733/2925 1483/2150 3124/2149 2149/2924
f 1483/2150 2733/2925 2150/2926 3125/2155
f 2733/2925 1271/2673 2867/2676 2150/2926
f 1269/2116 3082/2115 2150/2926 2867/2676
f 3082/2115 1482/2114 3125/2155 2150/2926
f 1485/2257 3085/2927 2151/2928 3126/2258
f 3085/2927 1377/2436 2894/2433 2151/2928
f 1236/1546 3139/1549 2151/2928 2894/2433
f 3139/1549 1492/1554 3046/2929 2151/2928
f 1446/2260 3126/2259 2151/2928 3046/2929
f 1484/1964 3084/2905 2152/2930 3127/2530
f 3084/2905 1329/2628 2798/2626 2152/2930
f 1377/2436 3085/2927 2152/2930 2798/2626
f 3085/2927 1485/2257 3127/2530 2152/2930
f 1302/2222 3145/2931 2153/2932 2770/2241
f 3145/2931 1439/2842 2543/2933 2153/2932
f 1440/1552 3004/2934 2153/2932 2543/2933
f 3004/2934 1299/2238 2770/2241 2153/2932
f 1486/2754 3027/2753 2154/2935 3130/2936
f 3027/2753 1223/1833 3068/1830 2154/2935
f 1468/1829 3154/2937 2154/2935 3068/1830
f 3154/2937 1489/1867 3130/2936 2154/2935
f 1468/1829 2628/2884 2155/2938 3153/2939
f 2628/2884 1418/2750 2635/2759 2155/2938
f 1488/2763 3135/2890 2155/2938 2635/2759
f 3135/2890 1490/2893 3153/2939 2155/2938
f 1276/1865 2639/2940 2156/2941 3134/1866
f 2639/2940 1227/2756 3128/2755 2156/2941
f 1486/2754 3130/2936 2156/2941 3128/2755
f 3130/2936 1489/1867 3134/1866 2156/2941
f 1275/2202 2637/2205 2157/2942 3136/2892
f 2637/2205 1274/1863 3129/1860 2157/2942
f 1487/1859 3132/2943 2157/2942 3129/1860
f 3132/2943 1490/2893 3136/2892 2157/2942
f 1441/1949 2765/2824 2158/2944 3138/1950
f 2765/2824 1237/1550 2541/1547 2158/2944
f 1236/1546 2673/2435 2158/2944 2541/1547
f 2673/2435 1491/1951 3138/1950 2158/2944
f 1440/1552 2543/2933 2159/2945 3140/1553
f 2543/2933 1439/2842 3087/2845 2159/2945
f 1446/2260 3046/2929 2159/2945 3087/2845
f 3046/2929 1492/1554 3140/1553 2159/2945
f 1289/2786 2544/2784 2160/2946 3142/2846
f 2544/2784 1423/1958 2545/1957 2160/2946
f 1330/1956 2546/2252 2160/2946 2545/1957
f 2546/2252 1493/2262 3142/2846 2160/2946
f 1300/1960 2766/2827 2161/2947 3144/1955
f 2766/2827 1234/1939 2669/1938 2161/2947
f 1328/1937 2675/2439 2161/2947 2669/1938
f 2675/2439 1494/1952 3144/1955 2161/2947
f 1302/2222 2771/2221 2162/2948 3145/2931
f 2771/2221 1301/2220 3005/2787 2162/2948
f 1289/2786 3045/2843 2162/2948 3005/2787
f 3045/2843 1439/2842 3145/2931 2162/2948
f 1299/2238 3004/2934 2163/2949 3146/2825
f 3004/2934 1440/1552 2542/1551 2163/2949
f 1237/1550 3146/2825 2163/2949 2542/1551
f 1443/2771 3040/2950 2164/2951 3148/2772
f 3040/2950 1510/2952 3194/2953 2164/2951
f 1514/2954 3180/2955 2164/2951 3194/2953
f 3180/2955 1495/1894 3148/2772 2164/2951
f 1442/2162 3039/2159 2165/2956 3150/2957
f 3039/2159 1278/2158 2647/2812 2165/2956
f 1435/2079 3149/2958 2165/2956 2647/2812
f 3149/2958 1496/2959 3150/2957 2165/2956
f 1227/2756 2639/2940 2166/2960 3151/2765
f 2639/2940 1276/1865 2646/2961 2166/2960
f 1505/2962 3195/2963 2166/2960 2646/2961
f 3195/2963 1513/2766 3151/2765 2166/2960
f 1420/2761 2985/2760 2167/2964 3152/2965
f 2985/2760 1228/1873 3178/2966 2167/2964
f 1512/2967 3196/2968 2167/2964 3178/2966
f 3196/2968 1514/2969 3152/2965 2167/2964
f 1490/2893 3132/2943 2168/2970 3153/2939
f 3132/2943 1487/1859 3108/2971 2168/2970
f 1468/1829 3153/2939 2168/2970 3108/2971
f 1468/1829 3108/2971 2169/2972 3154/2937
f 3108/2971 1487/1859 3133/1862 2169/2972
f 1489/1867 3154/2937 2169/2972 3133/1862
f 1495/1894 3147/2973 2170/2974 3156/1889
f 3147/2973 1512/2975 3197/2976 2170/2974
f 1506/2977 3172/2978 2170/2974 3197/2976
f 3172/2978 1497/1886 3156/1889 2170/2974
f 1496/2959 3149/2958 2171/2979 3158/2980
f 3149/2958 1435/2079 2644/2076 2171/2979
f 1263/2075 2645/2981 2171/2979 2644/2076
f 2645/2981 1498/2399 3158/2980 2171/2979
f 1498/2399 2645/2981 2172/2982 3160/2394
f 2645/2981 1263/2075 2907/2487 2172/2982
f 1390/2486 2940/2983 2172/2982 2907/2487
f 2940/2983 1499/2391 3160/2394 2172/2982
f 1499/2391 2940/2983 2173/2984 3162/2607
f 2940/2983 1390/2486 2811/2659 2173/2984
f 1342/2658 2844/2985 2173/2984 2811/2659
f 2844/2985 1500/2604 3162/2607 2173/2984
f 1500/2604 2844/2985 2174/2986 3164/2987
f 2844/2985 1342/2658 2651/2920 2174/2986
f 1471/2106 3163/2988 2174/2986 2651/2920
f 3163/2988 1501/2989 3164/2987 2174/2986
f 1501/2989 3163/2988 2175/2990 3166/2991
f 3163/2988 1471/2106 3071/2103 2175/2990
f 1272/2102 3165/2992 2175/2990 3071/2103
f 3165/2992 1502/2993 3166/2991 2175/2990
f 1502/2993 3165/2992 2176/2994 3168/2995
f 3165/2992 1272/2102 2914/2663 2176/2994
f 1397/2495 3167/2996 2176/2994 2914/2663
f 3167/2996 1503/2997 3168/2995 2176/2994
f 1503/2997 3167/2996 2177/2998 3169/2999
f 3167/2996 1397/2495 2818/2494 2177/2998
f 1349/1890 3155/1887 2177/3000 2818/2492
f 3155/1887 1497/1886 3169/3001 2177/3000
f 1504/3002 3170/3003 2178/3004 3184/3005
f 3170/3003 1496/2959 3158/2980 2178/3004
f 1498/2399 3157/2398 2178/3004 3158/2980
f 3157/2398 1515/2397 3184/3005 2178/3004
f 1511/3006 3177/3007 2179/3008 3185/3009
f 3177/3007 1501/2989 3166/2991 2179/3008
f 1502/2993 3174/3010 2179/3008 3166/2991
f 3174/3010 1508/3011 3185/3009 2179/3008
f 1510/2952 3040/2950 2180/3012 3186/3013
f 3040/2950 1443/2771 3043/2835 2180/3012
f 1444/2164 3173/2833 2180/3012 3043/2835
f 3173/2833 1507/2832 3186/3013 2180/3012
f 1516/3014 3182/3015 2181/3016 3187/3017
f 3182/3015 1371/2383 2888/2381 2181/3016
f 1226/1858 3181/1881 2181/3016 2888/2381
f 3181/1881 1515/1885 3187/3017 2181/3016
f 1509/3018 3175/3019 2182/3020 3188/3021
f 3175/3019 1503/2997 3169/2999 2182/3020
f 1497/1886 3172/2978 2182/3022 3169/3001
f 3172/2978 1506/2977 3188/3023 2182/3022
f 1517/2898 3183/2897 2183/3024 3189/3025
f 3183/2897 1323/2600 2792/2598 2183/3024
f 1371/2383 3182/3015 2183/3024 2792/2598
f 3182/3015 1516/3014 3189/3025 2183/3024
f 1508/3011 3174/3010 2184/3026 3190/3027
f 3174/3010 1502/2993 3168/2995 2184/3026
f 1503/2997 3175/3019 2184/3026 3168/2995
f 3175/3019 1509/3018 3190/3027 2184/3026
f 1513/3028 3179/3029 2185/3030 3191/3031
f 3179/3029 1496/2959 3170/3003 2185/3030
f 1504/3002 3191/3031 2185/3030 3170/3003
f 1505/2962 2646/2961 2186/3032 3192/3033
f 2646/2961 1276/1865 2638/1864 2186/3032
f 1274/1863 2743/2209 2186/3032 2638/1864
f 2743/2209 1507/2208 3192/3033 2186/3032
f 1517/2608 3161/2605 2187/3034 3193/3035
f 3161/2605 1500/2604 3164/2987 2187/3034
f 1501/2989 3177/3007 2187/3034 3164/2987
f 3177/3007 1511/3006 3193/3035 2187/3034
f 1510/2206 3176/2203 2188/3036 3194/3037
f 3176/2203 1275/2202 2636/2891 2188/3036
f 1420/2761 3152/2965 2188/3036 2636/2891
f 3152/2965 1514/2969 3194/3037 2188/3036
f 1505/2830 3171/2828 2189/3038 3195/3039
f 3171/2828 1442/2162 3150/2957 2189/3038
f 1496/2959 3179/3029 2189/3038 3150/2957
f 3179/3029 1513/3028 3195/3039 2189/3038
f 1512/2975 3147/2973 2190/3040 3196/3041
f 3147/2973 1495/1894 3180/2955 2190/3040
f 1514/2954 3196/3041 2190/3040 3180/2955
f 1512/2967 3178/2966 2191/3042 3197/3043
f 3178/2966 1228/1873 2641/1872 2191/3042
f 1324/1871 2648/2401 2191/3042 2641/1872
f 2648/2401 1506/2407 3197/3043 2191/3042
f 1861/3044 3198/3045 2192/3046 3879/3047
f 3198/3045 1187/1568 2536/1565 2192/3046
f 1186/1564 2537/2244 2192/3046 2536/1565
f 2537/2244 1755/2249 3879/3047 2192/3046
f 1518/3048 3199/3049 2193/3050 3881/3051
f 3199/3049 1304/1583 2538/1580 2193/3050
f 1400/1579 2539/2679 2193/3050 2538/1580
f 2539/2679 1833/2684 3881/3051 2193/3050
f 1519/2526 2820/2525 2194/3052 3204/3053
f 2820/2525 1303/2524 2540/2850 2194/3052
f 1445/1592 3086/2837 2194/3052 2540/2850
f 3086/2837 1522/2841 3204/3053 2194/3052
f 1520/3054 3201/3055 2195/3056 3206/3057
f 3201/3055 1352/2270 2773/2269 2195/3056
f 1304/1583 3199/3049 2195/3058 2773/2267
f 3199/3049 1518/3048 3206/3059 2195/3058
f 1852/2839 3200/2838 2196/3060 3208/3061
f 3200/2838 1188/1588 2869/2535 2196/3060
f 1352/2270 3201/3055 2196/3060 2869/2535
f 3201/3055 1520/3054 3208/3061 2196/3060
f 1521/1559 3202/1556 2197/3062 3209/3063
f 3202/1556 1399/1555 2964/2685 2197/3062
f 1187/1568 3198/3045 2197/3062 2964/2685
f 3198/3045 1861/3044 3209/3063 2197/3062
f 1832/2682 3006/2681 2198/3064 3883/3065
f 3006/2681 1189/2680 2547/2847 2198/3064
f 1447/1563 3203/1562 2198/3064 2547/2847
f 3203/1562 1523/1561 3883/3065 2198/3064
f 1524/3066 3213/3067 2199/3068 3210/3069
f 3213/3067 1527/3070 3212/3071 2199/3068
f 1526/3072 3211/3073 2199/3068 3212/3071
f 3211/3073 1525/3074 3210/3069 2199/3068
f 1528/3075 3216/3076 2200/3077 3214/3078
f 3216/3076 1529/3079 3215/3080 2200/3077
f 1523/1561 3205/1560 2200/3077 3215/3080
f 3205/1560 1521/1559 3214/3078 2200/3077
f 1530/3081 3220/3082 2201/3083 3217/3084
f 3220/3082 1533/3085 3219/3086 2201/3083
f 1532/3087 3218/3088 2201/3083 3219/3086
f 3218/3088 1531/3089 3217/3084 2201/3083
f 1528/3075 3223/3090 2202/3091 3216/3076
f 3223/3090 1535/3092 3222/3093 2202/3091
f 1534/3094 3221/3095 2202/3091 3222/3093
f 3221/3095 1529/3079 3216/3076 2202/3091
f 1536/3096 3227/3097 2203/3098 3224/3099
f 3227/3097 1539/3100 3226/3101 2203/3098
f 1538/3102 3225/3103 2203/3098 3226/3101
f 3225/3103 1537/3104 3224/3099 2203/3098
f 1540/3105 3231/3106 2204/3107 3228/3108
f 3231/3106 1543/3109 3230/3110 2204/3107
f 1542/3111 3229/3112 2204/3107 3230/3110
f 3229/3112 1541/3113 3228/3108 2204/3107
f 1533/3085 3234/3114 2205/3115 3219/3086
f 3234/3114 1545/3116 3233/3117 2205/3115
f 1544/3118 3232/3119 2205/3115 3233/3117
f 3232/3119 1532/3087 3219/3086 2205/3115
f 1535/3092 3237/3120 2206/3121 3222/3093
f 3237/3120 1547/3122 3236/3123 2206/3121
f 1546/3124 3235/3125 2206/3121 3236/3123
f 3235/3125 1534/3094 3222/3093 2206/3121
f 1539/3100 3240/3126 2207/3127 3226/3101
f 3240/3126 1549/3128 3239/3129 2207/3127
f 1548/3130 3238/3131 2207/3127 3239/3129
f 3238/3131 1538/3102 3226/3101 2207/3127
f 1543/3109 3243/3132 2208/3133 3230/3110
f 3243/3132 1551/3134 3242/3135 2208/3133
f 1550/3136 3241/3137 2208/3133 3242/3135
f 3241/3137 1542/3111 3230/3110 2208/3133
f 1545/3138 3246/3139 2209/3140 3233/3141
f 3246/3139 1553/3142 3245/3143 2209/3140
f 1552/3144 3244/3145 2209/3140 3245/3143
f 3244/3145 1544/3146 3233/3141 2209/3140
f 1547/3147 3249/3148 2210/3149 3236/3150
f 3249/3148 1555/3151 3248/3152 2210/3149
f 1554/3153 3247/3154 2210/3149 3248/3152
f 3247/3154 1546/3155 3236/3150 2210/3149
f 1549/3156 3252/3157 2211/3158 3239/3159
f 3252/3157 1557/3160 3251/3161 2211/3158
f 1556/3162 3250/3163 2211/3158 3251/3161
f 3250/3163 1548/3164 3239/3159 2211/3158
f 1551/3165 3255/3166 2212/3167 3242/3168
f 3255/3166 1559/3169 3254/3170 2212/3167
f 1558/3171 3253/3172 2212/3167 3254/3170
f 3253/3172 1550/3173 3242/3168 2212/3167
f 1552/3144 3245/3143 2213/3174 3256/3175
f 3245/3143 1553/3142 3258/3176 2213/3174
f 1561/3177 3257/3178 2213/3174 3258/3176
f 3257/3178 1560/3179 3256/3175 2213/3174
f 1562/3180 3262/3181 2214/3182 3259/3183
f 3262/3181 1554/3153 3261/3184 2214/3182
f 1564/3185 3260/3186 2214/3182 3261/3184
f 3260/3186 1563/3187 3259/3183 2214/3182
f 1556/3162 3251/3161 2215/3188 3263/3189
f 3251/3161 1557/3160 3265/3190 2215/3188
f 1566/3191 3264/3192 2215/3188 3265/3190
f 3264/3192 1565/3193 3263/3189 2215/3188
f 1567/3194 3269/3195 2216/3196 3266/3197
f 3269/3195 1558/3171 3268/3198 2216/3196
f 1569/3199 3267/3200 2216/3196 3268/3198
f 3267/3200 1568/3201 3266/3197 2216/3196
f 1570/3202 3273/3203 2217/3204 3270/3205
f 3273/3203 1573/3206 3272/3207 2217/3204
f 1572/3208 3271/3209 2217/3204 3272/3207
f 3271/3209 1571/3210 3270/3205 2217/3204
f 1574/3211 3277/3212 2218/3213 3274/3214
f 3277/3212 1577/3215 3276/3216 2218/3213
f 1576/3217 3275/3218 2218/3213 3276/3216
f 3275/3218 1575/3219 3274/3214 2218/3213
f 1578/3220 3281/3221 2219/3222 3278/3223
f 3281/3221 1581/3224 3280/3225 2219/3222
f 1580/3226 3279/3227 2219/3222 3280/3225
f 3279/3227 1579/3228 3278/3223 2219/3222
f 1582/3229 3285/3230 2220/3231 3282/3232
f 3285/3230 1585/3233 3284/3234 2220/3231
f 1584/3235 3283/3236 2220/3231 3284/3234
f 3283/3236 1583/3237 3282/3232 2220/3231
f 1573/3206 3288/3238 2221/3239 3272/3207
f 3288/3238 1587/3240 3287/3241 2221/3239
f 1586/3242 3286/3243 2221/3239 3287/3241
f 3286/3243 1572/3208 3272/3207 2221/3239
f 1577/3215 3291/3244 2222/3245 3276/3216
f 3291/3244 1589/3246 3290/3247 2222/3245
f 1588/3248 3289/3249 2222/3245 3290/3247
f 3289/3249 1576/3217 3276/3216 2222/3245
f 1581/3224 3294/3250 2223/3251 3280/3225
f 3294/3250 1591/3252 3293/3253 2223/3251
f 1590/3254 3292/3255 2223/3251 3293/3253
f 3292/3255 1580/3226 3280/3225 2223/3251
f 1585/3233 3297/3256 2224/3257 3284/3234
f 3297/3256 1593/3258 3296/3259 2224/3257
f 1592/3260 3295/3261 2224/3257 3296/3259
f 3295/3261 1584/3235 3284/3234 2224/3257
f 1587/3240 3300/3262 2225/3263 3287/3241
f 3300/3262 1595/3264 3299/3265 2225/3263
f 1594/3266 3298/3267 2225/3263 3299/3265
f 3298/3267 1586/3242 3287/3241 2225/3263
f 1589/3246 3303/3268 2226/3269 3290/3247
f 3303/3268 1597/3270 3302/3271 2226/3269
f 1596/3272 3301/3273 2226/3269 3302/3271
f 3301/3273 1588/3248 3290/3247 2226/3269
f 1591/3252 3306/3274 2227/3275 3293/3253
f 3306/3274 1599/3276 3305/3277 2227/3275
f 1598/3278 3304/3279 2227/3275 3305/3277
f 3304/3279 1590/3254 3293/3253 2227/3275
f 1593/3258 3309/3280 2228/3281 3296/3259
f 3309/3280 1601/3282 3308/3283 2228/3281
f 1600/3284 3307/3285 2228/3281 3308/3283
f 3307/3285 1592/3260 3296/3259 2228/3281
f 1595/3264 3312/3286 2229/3287 3299/3265
f 3312/3286 1603/3288 3311/3289 2229/3287
f 1602/3290 3310/3291 2229/3287 3311/3289
f 3310/3291 1594/3266 3299/3265 2229/3287
f 1597/3270 3315/3292 2230/3293 3302/3271
f 3315/3292 1605/3294 3314/3295 2230/3293
f 1604/3296 3313/3297 2230/3293 3314/3295
f 3313/3297 1596/3272 3302/3271 2230/3293
f 1599/3276 3318/3298 2231/3299 3305/3277
f 3318/3298 1607/3300 3317/3301 2231/3299
f 1606/3302 3316/3303 2231/3299 3317/3301
f 3316/3303 1598/3278 3305/3277 2231/3299
f 1601/3282 3321/3304 2232/3305 3308/3283
f 3321/3304 1609/3306 3320/3307 2232/3305
f 1608/3308 3319/3309 2232/3305 3320/3307
f 3319/3309 1600/3284 3308/3283 2232/3305
f 1603/3288 3324/3310 2233/3311 3311/3289
f 3324/3310 1611/3312 3323/3313 2233/3311
f 1610/3314 3322/3315 2233/3311 3323/3313
f 3322/3315 1602/3290 3311/3289 2233/3311
f 1605/3294 3327/3316 2234/3317 3314/3295
f 3327/3316 1613/3318 3326/3319 2234/3317
f 1612/3320 3325/3321 2234/3317 3326/3319
f 3325/3321 1604/3296 3314/3295 2234/3317
f 1607/3300 3330/3322 2235/3323 3317/3301
f 3330/3322 1615/3324 3329/3325 2235/3323
f 1614/3326 3328/3327 2235/3323 3329/3325
f 3328/3327 1606/3302 3317/3301 2235/3323
f 1609/3306 3333/3328 2236/3329 3320/3307
f 3333/3328 1617/3330 3332/3331 2236/3329
f 1616/3332 3331/3333 2236/3329 3332/3331
f 3331/3333 1608/3308 3320/3307 2236/3329
f 1611/3312 3336/3334 2237/3335 3323/3313
f 3336/3336 1619/3337 3335/3338 2237/3339
f 1618/3340 3334/3341 2237/3339 3335/3338
f 3334/3342 1610/3314 3323/3313 2237/3335
f 1613/3318 3339/3343 2238/3344 3326/3319
f 3339/3345 1621/3346 3338/3347 2238/3348
f 1620/3349 3337/3350 2238/3348 3338/3347
f 3337/3351 1612/3320 3326/3319 2238/3344
f 1615/3324 3342/3352 2239/3353 3329/3325
f 3342/3354 1623/3355 3341/3356 2239/3357
f 1622/3358 3340/3359 2239/3357 3341/3356
f 3340/3360 1614/3326 3329/3325 2239/3353
f 1617/3330 3345/3361 2240/3362 3332/3331
f 3345/3363 1625/3364 3344/3365 2240/3366
f 1624/3367 3343/3368 2240/3366 3344/3365
f 3343/3369 1616/3332 3332/3331 2240/3362
f 1619/3337 3348/3370 2241/3371 3335/3338
f 3348/3370 1627/3372 3347/3373 2241/3371
f 1626/3374 3346/3375 2241/3371 3347/3373
f 3346/3375 1618/3340 3335/3338 2241/3371
f 1628/3376 3352/3377 2242/3378 3349/3379
f 3352/3377 1631/3380 3351/3381 2242/3378
f 1630/3382 3350/3383 2242/3378 3351/3381
f 3350/3383 1629/3384 3349/3379 2242/3378
f 1623/3355 3355/3385 2243/3386 3341/3356
f 3355/3385 1633/3387 3354/3388 2243/3386
f 1632/3389 3353/3390 2243/3386 3354/3388
f 3353/3390 1622/3358 3341/3356 2243/3386
f 1625/3364 3358/3391 2244/3392 3344/3365
f 3358/3391 1635/3393 3357/3394 2244/3392
f 1634/3395 3356/3396 2244/3392 3357/3394
f 3356/3396 1624/3367 3344/3365 2244/3392
f 1627/3372 3361/3397 2245/3398 3347/3373
f 3361/3397 1637/3399 3360/3400 2245/3398
f 1636/3401 3359/3402 2245/3398 3360/3400
f 3359/3402 1626/3374 3347/3373 2245/3398
f 1638/3403 3365/3404 2246/3405 3362/3406
f 3365/3404 1641/3407 3364/3408 2246/3405
f 1640/3409 3363/3410 2246/3405 3364/3408
f 3363/3410 1639/3411 3362/3406 2246/3405
f 1635/3393 3368/3412 2247/3413 3357/3394
f 3368/3412 1643/3414 3367/3415 2247/3413
f 1642/3416 3366/3417 2247/3413 3367/3415
f 3366/3417 1634/3395 3357/3394 2247/3413
f 1644/3418 3372/3419 2248/3420 3369/3421
f 3372/3419 1647/3422 3371/3423 2248/3420
f 1646/3424 3370/3425 2248/3420 3371/3423
f 3370/3425 1645/3426 3369/3421 2248/3420
f 1648/3427 3376/3428 2249/3429 3373/3430
f 3376/3428 1651/3431 3375/3432 2249/3429
f 1650/3433 3374/3434 2249/3429 3375/3432
f 3374/3434 1649/3435 3373/3430 2249/3429
f 1652/3436 3380/3437 2250/3438 3377/3439
f 3380/3437 1655/3440 3379/3441 2250/3438
f 1654/3442 3378/3443 2250/3438 3379/3441
f 3378/3443 1653/3444 3377/3439 2250/3438
f 1647/3422 3383/3445 2251/3446 3371/3423
f 3383/3445 1657/3447 3382/3448 2251/3446
f 1656/3449 3381/3450 2251/3446 3382/3448
f 3381/3450 1646/3424 3371/3423 2251/3446
f 1651/3431 3386/3451 2252/3452 3375/3432
f 3386/3451 1659/3453 3385/3454 2252/3452
f 1658/3455 3384/3456 2252/3452 3385/3454
f 3384/3456 1650/3433 3375/3432 2252/3452
f 1655/3440 3389/3457 2253/3458 3379/3441
f 3389/3457 1661/3459 3388/3460 2253/3458
f 1660/3461 3387/3462 2253/3458 3388/3460
f 3387/3462 1654/3442 3379/3441 2253/3458
f 1657/3447 3392/3463 2254/3464 3382/3448
f 3392/3463 1663/3465 3391/3466 2254/3464
f 1662/3467 3390/3468 2254/3464 3391/3466
f 3390/3468 1656/3449 3382/3448 2254/3464
f 1664/3469 3396/3470 2255/3471 3393/3472
f 3396/3470 1667/3473 3395/3474 2255/3471
f 1666/3475 3394/3476 2255/3471 3395/3474
f 3394/3476 1665/3477 3393/3472 2255/3471
f 1661/3459 3399/3478 2256/3479 3388/3460
f 3399/3478 1669/3480 3398/3481 2256/3479
f 1668/3482 3397/3483 2256/3479 3398/3481
f 3397/3483 1660/3461 3388/3460 2256/3479
f 1561/3177 3402/3484 2257/3485 3257/3178
f 3402/3484 1671/3486 3401/3487 2257/3485
f 1670/3488 3400/3489 2257/3485 3401/3487
f 3400/3489 1560/3179 3257/3178 2257/3485
f 1671/3486 3405/3490 2258/3491 3401/3487
f 3405/3490 1673/3492 3404/3493 2258/3491
f 1672/3494 3403/3495 2258/3491 3404/3493
f 3403/3495 1670/3488 3401/3487 2258/3491
f 1674/3496 3409/3497 2259/3498 3406/3499
f 3409/3497 1676/3500 3408/3501 2259/3498
f 1675/3502 3407/3503 2259/3498 3408/3501
f 3407/3503 1564/3185 3406/3499 2259/3498
f 1676/3500 3412/3504 2260/3505 3408/3501
f 3412/3504 1678/3506 3411/3507 2260/3505
f 1677/3508 3410/3509 2260/3505 3411/3507
f 3410/3509 1675/3502 3408/3501 2260/3505
f 1566/3191 3415/3510 2261/3511 3264/3192
f 3415/3510 1680/3512 3414/3513 2261/3511
f 1679/3514 3413/3515 2261/3511 3414/3513
f 3413/3515 1565/3193 3264/3192 2261/3511
f 1680/3512 3418/3516 2262/3517 3414/3513
f 3418/3516 1682/3518 3417/3519 2262/3517
f 1681/3520 3416/3521 2262/3517 3417/3519
f 3416/3521 1679/3514 3414/3513 2262/3517
f 1683/3522 3422/3523 2263/3524 3419/3525
f 3422/3523 1685/3526 3421/3527 2263/3524
f 1684/3528 3420/3529 2263/3524 3421/3527
f 3420/3529 1569/3199 3419/3525 2263/3524
f 1685/3526 3425/3530 2264/3531 3421/3527
f 3425/3530 1687/3532 3424/3533 2264/3531
f 1686/3534 3423/3535 2264/3531 3424/3533
f 3423/3535 1684/3528 3421/3527 2264/3531
f 1571/3210 3428/3536 2265/3537 3270/3205
f 3428/3538 1689/3539 3427/3540 2265/3541
f 1688/3542 3426/3543 2265/3541 3427/3540
f 3426/3544 1570/3202 3270/3205 2265/3537
f 1689/3539 3430/3545 2266/3546 3427/3540
f 3430/3545 1672/3494 3404/3493 2266/3546
f 1673/3492 3429/3547 2266/3546 3404/3493
f 3429/3547 1688/3542 3427/3540 2266/3546
f 1690/3548 3434/3549 2267/3550 3431/3551
f 3434/3552 1692/3553 3433/3554 2267/3555
f 1691/3556 3432/3557 2267/3555 3433/3554
f 3432/3558 1575/3219 3431/3551 2267/3550
f 1692/3553 3437/3559 2268/3560 3433/3554
f 3437/3559 1693/3561 3436/3562 2268/3560
f 1677/3508 3435/3563 2268/3560 3436/3562
f 3435/3563 1691/3556 3433/3554 2268/3560
f 1579/3228 3440/3564 2269/3565 3278/3223
f 3440/3566 1695/3567 3439/3568 2269/3569
f 1694/3570 3438/3571 2269/3569 3439/3568
f 3438/3572 1578/3220 3278/3223 2269/3565
f 1695/3567 3442/3573 2270/3574 3439/3568
f 3442/3573 1681/3520 3417/3519 2270/3574
f 1682/3518 3441/3575 2270/3574 3417/3519
f 3441/3575 1694/3570 3439/3568 2270/3574
f 1696/3576 3446/3577 2271/3578 3443/3579
f 3446/3580 1698/3581 3445/3582 2271/3583
f 1697/3584 3444/3585 2271/3583 3445/3582
f 3444/3586 1583/3237 3443/3579 2271/3578
f 1698/3581 3449/3587 2272/3588 3445/3582
f 3449/3587 1699/3589 3448/3590 2272/3588
f 1686/3534 3447/3591 2272/3588 3448/3590
f 3447/3591 1697/3584 3445/3582 2272/3588
f 1700/3592 3453/3593 2273/3594 3450/3595
f 3453/3593 1703/3596 3452/3597 2273/3594
f 1702/3598 3451/3599 2273/3594 3452/3597
f 3451/3599 1701/3600 3450/3595 2273/3594
f 1703/3596 3456/3601 2274/3602 3452/3597
f 3456/3601 1705/3603 3455/3604 2274/3602
f 1704/3605 3454/3606 2274/3602 3455/3604
f 3454/3606 1702/3598 3452/3597 2274/3602
f 1640/3409 3459/3607 2275/3608 3363/3410
f 3459/3607 1707/3609 3458/3610 2275/3608
f 1706/3611 3457/3612 2275/3608 3458/3610
f 3457/3612 1639/3411 3363/3410 2275/3608
f 1707/3609 3462/3613 2276/3614 3458/3610
f 3462/3613 1709/3615 3461/3616 2276/3614
f 1708/3617 3460/3618 2276/3614 3461/3616
f 3460/3618 1706/3611 3458/3610 2276/3614
f 1710/3619 3466/3620 2277/3621 3463/3622
f 3466/3620 1713/3623 3465/3624 2277/3621
f 1712/3625 3464/3626 2277/3621 3465/3624
f 3464/3626 1711/3627 3463/3622 2277/3621
f 1713/3623 3469/3628 2278/3629 3465/3624
f 3469/3628 1715/3630 3468/3631 2278/3629
f 1714/3632 3467/3633 2278/3629 3468/3631
f 3467/3633 1712/3625 3465/3624 2278/3629
f 1645/3426 3472/3634 2279/3635 3369/3421
f 3472/3634 1717/3636 3471/3637 2279/3635
f 1716/3638 3470/3639 2279/3635 3471/3637
f 3470/3639 1644/3418 3369/3421 2279/3635
f 1717/3636 3474/3640 2280/3641 3471/3637
f 3474/3640 1704/3605 3455/3604 2280/3641
f 1705/3603 3473/3642 2280/3641 3455/3604
f 3473/3642 1716/3638 3471/3637 2280/3641
f 1718/3643 3478/3644 2281/3645 3475/3646
f 3478/3644 1648/3427 3477/3647 2281/3645
f 1720/3648 3476/3649 2281/3645 3477/3647
f 3476/3649 1719/3650 3475/3646 2281/3645
f 1719/3650 3476/3649 2282/3651 3479/3652
f 3476/3649 1720/3648 3481/3653 2282/3651
f 1709/3615 3480/3654 2282/3651 3481/3653
f 3480/3654 1721/3655 3479/3652 2282/3651
f 1649/3435 3483/3656 2283/3657 3373/3430
f 3483/3656 1722/3658 3482/3659 2283/3657
f 1720/3648 3477/3647 2283/3657 3482/3659
f 3477/3647 1648/3427 3373/3430 2283/3657
f 1722/3658 3484/3660 2284/3661 3482/3659
f 3484/3660 1708/3617 3461/3616 2284/3661
f 1709/3615 3481/3653 2284/3661 3461/3616
f 3481/3653 1720/3648 3482/3659 2284/3661
f 1723/3662 3488/3663 2285/3664 3485/3665
f 3488/3663 1725/3666 3487/3667 2285/3664
f 1724/3668 3486/3669 2285/3664 3487/3667
f 3486/3669 1653/3444 3485/3665 2285/3664
f 1725/3666 3491/3670 2286/3671 3487/3667
f 3491/3670 1726/3672 3490/3673 2286/3671
f 1714/3632 3489/3674 2286/3671 3490/3673
f 3489/3674 1724/3668 3487/3667 2286/3671
f 1727/3675 3495/3676 2287/3677 3492/3678
f 3495/3676 1730/3679 3494/3680 2287/3677
f 1729/3681 3493/3682 2287/3677 3494/3680
f 3493/3682 1728/3683 3492/3678 2287/3677
f 1731/3684 3499/3685 2288/3686 3496/3687
f 3499/3685 1734/3688 3498/3689 2288/3686
f 1733/3690 3497/3691 2288/3686 3498/3689
f 3497/3691 1732/3692 3496/3687 2288/3686
f 1735/3693 3502/3694 2289/3695 3500/3696
f 3502/3694 1736/3697 3501/3698 2289/3695
f 1734/3688 3499/3685 2289/3695 3501/3698
f 3499/3685 1731/3684 3500/3696 2289/3695
f 1737/3699 3505/3700 2290/3701 3503/3702
f 3505/3700 1738/3703 3504/3704 2290/3701
f 1730/3679 3495/3676 2290/3701 3504/3704
f 3495/3676 1727/3675 3503/3702 2290/3701
f 1739/3705 3508/3706 2291/3707 3506/3708
f 3508/3706 1740/3709 3507/3710 2291/3707
f 1738/3703 3505/3700 2291/3707 3507/3710
f 3505/3700 1737/3699 3506/3708 2291/3707
f 1719/3650 3511/3711 2292/3712 3475/3646
f 3511/3711 1741/3713 3510/3714 2292/3712
f 1733/3690 3509/3715 2292/3712 3510/3714
f 3509/3715 1718/3643 3475/3646 2292/3712
f 1721/3655 3513/3716 2293/3717 3479/3652
f 3513/3716 1740/3709 3512/3718 2293/3717
f 1741/3713 3511/3711 2293/3717 3512/3718
f 3511/3711 1719/3650 3479/3652 2293/3717
f 1742/3719 3517/3720 2294/3721 3514/3722
f 3517/3720 1629/3384 3516/3723 2294/3721
f 1744/3724 3515/3725 2294/3721 3516/3723
f 3515/3725 1743/3726 3514/3722 2294/3721
f 1718/3643 3509/3715 2295/3727 3518/3728
f 3509/3715 1733/3690 3498/3689 2295/3727
f 1734/3688 3519/3729 2295/3727 3498/3689
f 3519/3729 1745/3730 3518/3728 2295/3727
f 1745/3730 3519/3729 2296/3731 3520/3732
f 3519/3729 1734/3688 3501/3698 2296/3731
f 1736/3697 3521/3733 2296/3731 3501/3698
f 3521/3733 1746/3734 3520/3732 2296/3731
f 1746/3734 3521/3733 2297/3735 3522/3736
f 3521/3733 1736/3697 3524/3737 2297/3735
f 1748/3738 3523/3739 2297/3735 3524/3737
f 3523/3739 1747/3740 3522/3736 2297/3735
f 1749/3741 3527/3742 2298/3743 3525/3744
f 3527/3742 1730/3679 3504/3704 2298/3743
f 1738/3703 3526/3745 2298/3743 3504/3704
f 3526/3745 1750/3746 3525/3744 2298/3743
f 1750/3746 3526/3745 2299/3747 3528/3748
f 3526/3745 1738/3703 3507/3710 2299/3747
f 1740/3709 3513/3716 2299/3747 3507/3710
f 3513/3716 1721/3655 3528/3748 2299/3747
f 1732/3692 3497/3691 2300/3749 3529/3750
f 3497/3691 1733/3690 3510/3714 2300/3749
f 1741/3713 3530/3751 2300/3749 3510/3714
f 3530/3751 1751/3752 3529/3750 2300/3749
f 1751/3752 3530/3751 2301/3753 3531/3754
f 3530/3751 1741/3713 3512/3718 2301/3753
f 1740/3709 3508/3706 2301/3753 3512/3718
f 3508/3706 1739/3705 3531/3754 2301/3753
f 1752/3755 3533/3756 2302/3757 3532/3758
f 3533/3756 1748/3738 3524/3737 2302/3757
f 1736/3697 3502/3694 2302/3757 3524/3737
f 3502/3694 1735/3693 3532/3758 2302/3757
f 1530/3081 3537/3759 2303/3760 3534/3761
f 3537/3759 1755/2249 3536/2248 2303/3760
f 1754/2247 3535/3762 2303/3760 3536/2248
f 3535/3762 1753/3763 3534/3761 2303/3760
f 1665/3477 3542/3764 2304/3765 3538/3766
f 3542/3764 1759/3767 3541/3768 2304/3765
f 1758/3769 3540/3770 2304/3765 3541/3768
f 3540/3771 1757/3772 3539/3773 2304/3774
f 1756/3775 3538/3776 2304/3774 3539/3773
f 1533/3085 3220/3082 2305/3777 3543/3778
f 3220/3082 1530/3081 3534/3761 2305/3777
f 1753/3763 3544/3779 2305/3777 3534/3761
f 3544/3779 1760/3780 3543/3778 2305/3777
f 1537/3104 3225/3103 2306/3781 3545/3782
f 3225/3103 1538/3102 3547/3783 2306/3781
f 1762/3784 3546/3785 2306/3786 3547/3787
f 3546/3785 1761/3788 3545/3789 2306/3786
f 1545/3116 3234/3114 2307/3790 3548/3791
f 3234/3114 1533/3085 3543/3778 2307/3790
f 1760/3780 3549/3792 2307/3790 3543/3778
f 3549/3792 1763/3793 3548/3791 2307/3790
f 1538/3102 3238/3131 2308/3794 3547/3783
f 3238/3131 1548/3130 3551/3795 2308/3794
f 1764/3796 3550/3797 2308/3798 3551/3799
f 3550/3797 1762/3784 3547/3787 2308/3798
f 1553/3142 3246/3139 2309/3800 3552/3801
f 3246/3139 1545/3138 3548/3802 2309/3800
f 1763/3803 3553/3804 2309/3800 3548/3802
f 3553/3804 1765/3805 3552/3801 2309/3800
f 1548/3164 3250/3163 2310/3806 3551/3807
f 3250/3163 1556/3162 3555/3808 2310/3806
f 1766/3809 3554/3810 2310/3811 3555/3812
f 3554/3810 1764/3813 3551/3814 2310/3811
f 1561/3177 3258/3176 2311/3815 3556/3816
f 3258/3176 1553/3142 3552/3801 2311/3815
f 1765/3805 3557/3817 2311/3815 3552/3801
f 3557/3817 1767/3818 3556/3816 2311/3815
f 1556/3162 3263/3189 2312/3819 3555/3808
f 3263/3189 1565/3193 3559/3820 2312/3819
f 1768/3821 3558/3822 2312/3823 3559/3824
f 3558/3822 1766/3809 3555/3812 2312/3823
f 1573/3206 3273/3203 2313/3825 3560/3826
f 3273/3203 1570/3202 3562/3827 2313/3825
f 1770/3828 3561/3829 2313/3825 3562/3827
f 3561/3829 1769/3830 3560/3826 2313/3825
f 1579/3228 3279/3227 2314/3831 3563/3832
f 3279/3227 1580/3226 3565/3833 2314/3831
f 1772/3834 3564/3835 2314/3836 3565/3837
f 3564/3835 1771/3838 3563/3839 2314/3836
f 1587/3240 3288/3238 2315/3840 3566/3841
f 3288/3238 1573/3206 3560/3826 2315/3840
f 1769/3830 3567/3842 2315/3840 3560/3826
f 3567/3842 1773/3843 3566/3841 2315/3840
f 1580/3226 3292/3255 2316/3844 3565/3833
f 3292/3255 1590/3254 3569/3845 2316/3844
f 1774/3846 3568/3847 2316/3848 3569/3849
f 3568/3847 1772/3834 3565/3837 2316/3848
f 1595/3264 3300/3262 2317/3850 3570/3851
f 3300/3262 1587/3240 3566/3841 2317/3850
f 1773/3843 3571/3852 2317/3850 3566/3841
f 3571/3852 1775/3853 3570/3851 2317/3850
f 1590/3254 3304/3279 2318/3854 3569/3845
f 3304/3279 1598/3278 3573/3855 2318/3854
f 1776/3856 3572/3857 2318/3858 3573/3859
f 3572/3857 1774/3846 3569/3849 2318/3858
f 1603/3288 3312/3286 2319/3860 3574/3861
f 3312/3286 1595/3264 3570/3851 2319/3860
f 1775/3853 3575/3862 2319/3860 3570/3851
f 3575/3862 1777/3863 3574/3861 2319/3860
f 1598/3278 3316/3303 2320/3864 3573/3855
f 3316/3303 1606/3302 3577/3865 2320/3864
f 1778/3866 3576/3867 2320/3868 3577/3869
f 3576/3867 1776/3856 3573/3859 2320/3868
f 1611/3312 3324/3310 2321/3870 3578/3871
f 3324/3310 1603/3288 3574/3861 2321/3870
f 1777/3863 3579/3872 2321/3870 3574/3861
f 3579/3872 1779/3873 3578/3871 2321/3870
f 1606/3302 3328/3327 2322/3874 3577/3865
f 3328/3327 1614/3326 3581/3875 2322/3874
f 1780/3876 3580/3877 2322/3878 3581/3879
f 3580/3877 1778/3866 3577/3869 2322/3878
f 1619/3337 3336/3336 2323/3880 3582/3881
f 3336/3334 1611/3312 3578/3871 2323/3882
f 1779/3873 3583/3883 2323/3882 3578/3871
f 3583/3884 1781/3885 3582/3881 2323/3880
f 1614/3326 3340/3360 2324/3886 3581/3875
f 3340/3359 1622/3358 3585/3887 2324/3888
f 1782/3889 3584/3890 2324/3891 3585/3892
f 3584/3893 1780/3876 3581/3879 2324/3894
f 1627/3372 3348/3370 2325/3895 3586/3896
f 3348/3370 1619/3337 3582/3881 2325/3895
f 1781/3885 3587/3897 2325/3895 3582/3881
f 3587/3897 1783/3898 3586/3896 2325/3895
f 1622/3358 3353/3390 2326/3899 3585/3887
f 3353/3390 1632/3389 3589/3900 2326/3899
f 1784/3901 3588/3902 2326/3903 3589/3904
f 3588/3902 1782/3889 3585/3892 2326/3903
f 1785/3905 3593/3906 2327/3907 3590/3908
f 3593/3906 1787/3909 3592/3910 2327/3907
f 1637/3911 3591/3912 2327/3907 3592/3910
f 3591/3912 1786/3913 3590/3908 2327/3907
f 1632/3389 3596/3914 2328/3915 3589/3900
f 3596/3914 1789/3916 3595/3917 2328/3915
f 1788/3918 3594/3919 2328/3920 3595/3921
f 3594/3919 1784/3901 3589/3904 2328/3920
f 1647/3422 3372/3419 2329/3922 3597/3923
f 3372/3419 1644/3418 3599/3924 2329/3922
f 1791/3925 3598/3926 2329/3922 3599/3924
f 3598/3926 1790/3927 3597/3923 2329/3922
f 1649/3435 3374/3434 2330/3928 3600/3929
f 3374/3434 1650/3433 3602/3930 2330/3928
f 1793/3931 3601/3932 2330/3933 3602/3934
f 3601/3932 1792/3935 3600/3936 2330/3933
f 1657/3447 3383/3445 2331/3937 3603/3938
f 3383/3445 1647/3422 3597/3923 2331/3937
f 1790/3927 3604/3939 2331/3937 3597/3923
f 3604/3939 1794/3940 3603/3938 2331/3937
f 1650/3433 3384/3456 2332/3941 3602/3930
f 3384/3456 1658/3455 3606/3942 2332/3941
f 1795/3943 3605/3944 2332/3945 3606/3946
f 3605/3944 1793/3931 3602/3934 2332/3945
f 1524/3066 3609/3947 2333/3948 3607/3949
f 3609/3947 1663/3465 3392/3463 2333/3948
f 1657/3447 3603/3938 2333/3948 3392/3463
f 3603/3938 1794/3940 3608/3950 2333/3948
f 1796/3951 3607/3949 2333/3948 3608/3950
f 1658/3455 3611/3952 2334/3953 3606/3942
f 3611/3952 1664/3469 3393/3472 2334/3953
f 1665/3477 3538/3766 2334/3953 3393/3472
f 3538/3776 1756/3775 3610/3954 2334/3955
f 1795/3943 3606/3946 2334/3955 3610/3954
f 1671/3486 3402/3484 2335/3956 3612/3957
f 3402/3484 1561/3177 3556/3816 2335/3956
f 1767/3818 3613/3958 2335/3956 3556/3816
f 3613/3958 1797/3959 3612/3957 2335/3956
f 1673/3492 3405/3490 2336/3960 3614/3961
f 3405/3490 1671/3486 3612/3957 2336/3960
f 1797/3959 3615/3962 2336/3960 3612/3957
f 3615/3962 1798/3963 3614/3961 2336/3960
f 1565/3193 3413/3515 2337/3964 3559/3820
f 3413/3515 1679/3514 3617/3965 2337/3964
f 1799/3966 3616/3967 2337/3968 3617/3969
f 3616/3967 1768/3821 3559/3824 2337/3968
f 1679/3514 3416/3521 2338/3970 3617/3965
f 3416/3521 1681/3520 3619/3971 2338/3970
f 1800/3972 3618/3973 2338/3974 3619/3975
f 3618/3973 1799/3966 3617/3969 2338/3974
f 1570/3202 3426/3544 2339/3976 3562/3827
f 3426/3543 1688/3542 3621/3977 2339/3978
f 1801/3979 3620/3980 2339/3978 3621/3977
f 3620/3981 1770/3828 3562/3827 2339/3976
f 1688/3542 3429/3547 2340/3982 3621/3977
f 3429/3547 1673/3492 3614/3961 2340/3982
f 1798/3963 3622/3983 2340/3982 3614/3961
f 3622/3983 1801/3979 3621/3977 2340/3982
f 1695/3567 3440/3566 2341/3984 3623/3985
f 3440/3564 1579/3228 3563/3832 2341/3986
f 1771/3838 3624/3987 2341/3988 3563/3839
f 3624/3989 1802/3990 3623/3991 2341/3992
f 1681/3520 3442/3573 2342/3993 3619/3971
f 3442/3573 1695/3567 3623/3985 2342/3993
f 1802/3990 3625/3994 2342/3995 3623/3991
f 3625/3994 1800/3972 3619/3975 2342/3995
f 1703/3596 3453/3593 2343/3996 3626/3997
f 3453/3593 1700/3592 3628/3998 2343/3996
f 1804/3999 3627/4000 2343/3996 3628/3998
f 3627/4000 1803/4001 3626/3997 2343/3996
f 1705/3603 3456/3601 2344/4002 3629/4003
f 3456/3601 1703/3596 3626/3997 2344/4002
f 1803/4001 3630/4004 2344/4002 3626/3997
f 3630/4004 1805/4005 3629/4003 2344/4002
f 1639/3411 3457/3612 2345/4006 3631/4007
f 3457/3612 1706/3611 3633/4008 2345/4006
f 1807/4009 3632/4010 2345/4011 3633/4012
f 3632/4010 1806/4013 3631/4014 2345/4011
f 1706/3611 3460/3618 2346/4015 3633/4008
f 3460/3618 1708/3617 3635/4016 2346/4015
f 1808/4017 3634/4018 2346/4019 3635/4020
f 3634/4018 1807/4009 3633/4012 2346/4019
f 1644/3418 3470/3639 2347/4021 3599/3924
f 3470/3639 1716/3638 3637/4022 2347/4021
f 1809/4023 3636/4024 2347/4021 3637/4022
f 3636/4024 1791/3925 3599/3924 2347/4021
f 1716/3638 3473/3642 2348/4025 3637/4022
f 3473/3642 1705/3603 3629/4003 2348/4025
f 1805/4005 3638/4026 2348/4025 3629/4003
f 3638/4026 1809/4023 3637/4022 2348/4025
f 1722/3658 3483/3656 2349/4027 3639/4028
f 3483/3656 1649/3435 3600/3929 2349/4027
f 1792/3935 3640/4029 2349/4030 3600/3936
f 3640/4029 1810/4031 3639/4032 2349/4030
f 1708/3617 3484/3660 2350/4033 3635/4016
f 3484/3660 1722/3658 3639/4028 2350/4033
f 1810/4031 3641/4034 2350/4035 3639/4032
f 3641/4034 1808/4017 3635/4020 2350/4035
f 1753/3763 3535/3762 2351/4036 3642/4037
f 3535/3762 1754/2247 3207/2527 2351/4036
f 1519/2526 3643/4038 2351/4036 3207/2527
f 3643/4038 1811/4039 3642/4037 2351/4036
f 1756/3775 3539/3773 2352/4040 3644/4041
f 3539/3773 1757/3772 3645/4042 2352/4040
f 1668/3482 3398/3481 2352/4040 3645/4042
f 3398/3481 1669/3480 3644/4041 2352/4040
f 1760/3780 3544/3779 2353/4043 3646/4044
f 3544/3779 1753/3763 3642/4037 2353/4043
f 1811/4039 3647/4045 2353/4043 3642/4037
f 3647/4045 1812/4046 3646/4044 2353/4043
f 1761/3788 3546/3785 2354/4047 3648/4048
f 3546/3785 1762/3784 3649/4049 2354/4047
f 1543/3109 3231/3106 2354/4047 3649/4049
f 3231/3106 1540/3105 3648/4048 2354/4047
f 1763/3793 3549/3792 2355/4050 3650/4051
f 3549/3792 1760/3780 3646/4044 2355/4050
f 1812/4046 3651/4052 2355/4050 3646/4044
f 3651/4052 1813/4053 3650/4051 2355/4050
f 1762/3784 3550/3797 2356/4054 3649/4049
f 3550/3797 1764/3796 3652/4055 2356/4054
f 1551/3134 3243/3132 2356/4054 3652/4055
f 3243/3132 1543/3109 3649/4049 2356/4054
f 1765/3805 3553/3804 2357/4056 3653/4057
f 3553/3804 1763/3803 3650/4058 2357/4056
f 1813/4059 3654/4060 2357/4056 3650/4058
f 3654/4060 1567/3194 3653/4057 2357/4056
f 1764/3813 3554/3810 2358/4061 3652/4062
f 3554/3810 1766/3809 3655/4063 2358/4061
f 1559/3169 3255/3166 2358/4061 3655/4063
f 3255/3166 1551/3165 3652/4062 2358/4061
f 1767/3818 3557/3817 2359/4064 3656/4065
f 3557/3817 1765/3805 3653/4057 2359/4064
f 1567/3194 3266/3197 2359/4064 3653/4057
f 3266/3197 1568/3201 3656/4065 2359/4064
f 1766/3809 3558/3822 2360/4066 3655/4063
f 3558/3822 1768/3821 3658/4067 2360/4066
f 1683/3522 3657/4068 2360/4066 3658/4067
f 3657/4068 1559/3169 3655/4063 2360/4066
f 1769/3830 3561/3829 2361/4069 3659/4070
f 3561/3829 1770/3828 3661/4071 2361/4069
f 1696/3576 3660/4072 2361/4069 3661/4071
f 3660/4072 1814/4073 3659/4070 2361/4069
f 1771/3838 3564/3835 2362/4074 3662/4075
f 3564/3835 1772/3834 3663/4076 2362/4074
f 1585/3233 3285/3230 2362/4074 3663/4076
f 3285/3230 1582/3229 3662/4075 2362/4074
f 1773/3843 3567/3842 2363/4077 3664/4078
f 3567/3842 1769/3830 3659/4070 2363/4077
f 1814/4073 3665/4079 2363/4077 3659/4070
f 3665/4079 1815/4080 3664/4078 2363/4077
f 1772/3834 3568/3847 2364/4081 3663/4076
f 3568/3847 1774/3846 3666/4082 2364/4081
f 1593/3258 3297/3256 2364/4081 3666/4082
f 3297/3256 1585/3233 3663/4076 2364/4081
f 1775/3853 3571/3852 2365/4083 3667/4084
f 3571/3852 1773/3843 3664/4078 2365/4083
f 1815/4080 3668/4085 2365/4083 3664/4078
f 3668/4085 1816/4086 3667/4084 2365/4083
f 1774/3846 3572/3857 2366/4087 3666/4082
f 3572/3857 1776/3856 3669/4088 2366/4087
f 1601/3282 3309/3280 2366/4087 3669/4088
f 3309/3280 1593/3258 3666/4082 2366/4087
f 1777/3863 3575/3862 2367/4089 3670/4090
f 3575/3862 1775/3853 3667/4084 2367/4089
f 1816/4086 3671/4091 2367/4089 3667/4084
f 3671/4091 1817/4092 3670/4090 2367/4089
f 1776/3856 3576/3867 2368/4093 3669/4088
f 3576/3867 1778/3866 3672/4094 2368/4093
f 1609/3306 3321/3304 2368/4093 3672/4094
f 3321/3304 1601/3282 3669/4088 2368/4093
f 1779/3873 3579/3872 2369/4095 3673/4096
f 3579/3872 1777/3863 3670/4090 2369/4095
f 1817/4092 3674/4097 2369/4095 3670/4090
f 3674/4097 1818/4098 3673/4096 2369/4095
f 1778/3866 3580/3877 2370/4099 3672/4094
f 3580/3877 1780/3876 3675/4100 2370/4099
f 1617/3330 3333/3328 2370/4099 3675/4100
f 3333/3328 1609/3306 3672/4094 2370/4099
f 1781/3885 3583/3884 2371/4101 3676/4102
f 3583/3883 1779/3873 3673/4096 2371/4103
f 1818/4098 3677/4104 2371/4103 3673/4096
f 3677/4105 1819/4106 3676/4102 2371/4101
f 1780/3876 3584/3893 2372/4107 3675/4100
f 3584/3890 1782/3889 3678/4108 2372/4109
f 1625/3364 3345/3363 2372/4109 3678/4108
f 3345/3361 1617/3330 3675/4100 2372/4107
f 1783/3898 3587/3897 2373/4110 3679/4111
f 3587/3897 1781/3885 3676/4102 2373/4110
f 1819/4106 3680/4112 2373/4110 3676/4102
f 3680/4112 1820/4113 3679/4111 2373/4110
f 1782/3889 3588/3902 2374/4114 3678/4108
f 3588/3902 1784/3901 3681/4115 2374/4114
f 1635/3393 3358/3391 2374/4114 3681/4115
f 3358/3391 1625/3364 3678/4108 2374/4114
f 1821/4116 3684/4117 2375/4118 3682/4119
f 3684/4117 1785/3905 3590/3908 2375/4118
f 1786/3913 3683/4120 2375/4118 3590/3908
f 3683/4120 1822/4121 3682/4119 2375/4118
f 1784/3901 3594/3919 2376/4122 3681/4115
f 3594/3919 1788/3918 3685/4123 2376/4122
f 1643/3414 3368/3412 2376/4122 3685/4123
f 3368/3412 1635/3393 3681/4115 2376/4122
f 1790/3927 3598/3926 2377/4124 3686/4125
f 3598/3926 1791/3925 3688/4126 2377/4124
f 1723/3662 3687/4127 2377/4124 3688/4126
f 3687/4127 1823/4128 3686/4125 2377/4124
f 1792/3935 3601/3932 2378/4129 3689/4130
f 3601/3932 1793/3931 3690/4131 2378/4129
f 1655/3440 3380/3437 2378/4129 3690/4131
f 3380/3437 1652/3436 3689/4130 2378/4129
f 1794/3940 3604/3939 2379/4132 3691/4133
f 3604/3939 1790/3927 3686/4125 2379/4132
f 1823/4128 3692/4134 2379/4132 3686/4125
f 3692/4134 1824/4135 3691/4133 2379/4132
f 1793/3931 3605/3944 2380/4136 3690/4131
f 3605/3944 1795/3943 3693/4137 2380/4136
f 1661/3459 3389/3457 2380/4136 3693/4137
f 3389/3457 1655/3440 3690/4131 2380/4136
f 1796/3951 3608/3950 2381/4138 3694/4139
f 3608/3950 1794/3940 3691/4133 2381/4138
f 1824/4135 3695/4140 2381/4138 3691/4133
f 3695/4140 1825/4141 3694/4139 2381/4138
f 1795/3943 3610/3954 2382/4142 3693/4137
f 3610/3954 1756/3775 3644/4041 2382/4142
f 1669/3480 3399/3478 2382/4142 3644/4041
f 3399/3478 1661/3459 3693/4137 2382/4142
f 1797/3959 3613/3958 2383/4143 3696/4144
f 3613/3958 1767/3818 3656/4065 2383/4143
f 1568/3201 3697/4145 2383/4143 3656/4065
f 3697/4145 1826/4146 3696/4144 2383/4143
f 1798/3963 3615/3962 2384/4147 3698/4148
f 3615/3962 1797/3959 3696/4144 2384/4147
f 1826/4146 3699/4149 2384/4147 3696/4144
f 3699/4149 1699/3589 3698/4148 2384/4147
f 1768/3821 3616/3967 2385/4150 3658/4067
f 3616/3967 1799/3966 3700/4151 2385/4150
f 1685/3526 3422/3523 2385/4150 3700/4151
f 3422/3523 1683/3522 3658/4067 2385/4150
f 1799/3966 3618/3973 2386/4152 3700/4151
f 3618/3973 1800/3972 3701/4153 2386/4152
f 1687/3532 3425/3530 2386/4152 3701/4153
f 3425/3530 1685/3526 3700/4151 2386/4152
f 1770/3828 3620/3981 2387/4154 3661/4071
f 3620/3980 1801/3979 3702/4155 2387/4156
f 1698/3581 3446/3580 2387/4156 3702/4155
f 3446/3577 1696/3576 3661/4071 2387/4154
f 1801/3979 3622/3983 2388/4157 3702/4155
f 3622/3983 1798/3963 3698/4148 2388/4157
f 1699/3589 3449/3587 2388/4157 3698/4148
f 3449/3587 1698/3581 3702/4155 2388/4157
f 1802/3990 3624/3989 2389/4158 3703/4159
f 3624/3987 1771/3838 3662/4075 2389/4160
f 1582/3229 3704/4161 2389/4160 3662/4075
f 3704/4162 1827/4163 3703/4159 2389/4158
f 1800/3972 3625/3994 2390/4164 3701/4153
f 3625/3994 1802/3990 3703/4159 2390/4164
f 1827/4163 3705/4165 2390/4164 3703/4159
f 3705/4165 1687/3532 3701/4153 2390/4164
f 1803/4001 3627/4000 2391/4166 3706/4167
f 3627/4000 1804/3999 3708/4168 2391/4166
f 1829/4169 3707/4170 2391/4166 3708/4168
f 3707/4170 1828/4171 3706/4167 2391/4166
f 1805/4005 3630/4004 2392/4172 3709/4173
f 3630/4004 1803/4001 3706/4167 2392/4172
f 1828/4171 3710/4174 2392/4172 3706/4167
f 3710/4174 1726/3672 3709/4173 2392/4172
f 1806/4013 3632/4010 2393/4175 3711/4176
f 3632/4010 1807/4009 3712/4177 2393/4175
f 1713/3623 3466/3620 2393/4175 3712/4177
f 3466/3620 1710/3619 3711/4176 2393/4175
f 1807/4009 3634/4018 2394/4178 3712/4177
f 3634/4018 1808/4017 3713/4179 2394/4178
f 1715/3630 3469/3628 2394/4178 3713/4179
f 3469/3628 1713/3623 3712/4177 2394/4178
f 1791/3925 3636/4024 2395/4180 3688/4126
f 3636/4024 1809/4023 3714/4181 2395/4180
f 1725/3666 3488/3663 2395/4180 3714/4181
f 3488/3663 1723/3662 3688/4126 2395/4180
f 1809/4023 3638/4026 2396/4182 3714/4181
f 3638/4026 1805/4005 3709/4173 2396/4182
f 1726/3672 3491/3670 2396/4182 3709/4173
f 3491/3670 1725/3666 3714/4181 2396/4182
f 1810/4031 3640/4029 2397/4183 3715/4184
f 3640/4029 1792/3935 3689/4130 2397/4183
f 1652/3436 3716/4185 2397/4183 3689/4130
f 3716/4185 1830/4186 3715/4184 2397/4183
f 1808/4017 3641/4034 2398/4187 3713/4179
f 3641/4034 1810/4031 3715/4184 2398/4187
f 1830/4186 3717/4188 2398/4187 3715/4184
f 3717/4188 1715/3630 3713/4179 2398/4187
f 1536/3096 3721/4189 2399/4190 3718/4191
f 3721/4189 1833/2684 3720/2683 2399/4190
f 1832/2682 3719/4192 2399/4190 3720/2683
f 3719/4192 1831/4193 3718/4191 2399/4190
f 1531/3089 3218/3088 2400/4194 3722/4195
f 3218/3088 1532/3087 3723/4196 2400/4194
f 1535/3092 3223/3090 2400/4194 3723/4196
f 3223/3090 1528/3075 3722/4195 2400/4194
f 1831/4193 3725/4197 2401/4198 3718/4191
f 3725/4197 1834/4199 3724/4200 2401/4198
f 1539/3100 3227/3097 2401/4198 3724/4200
f 3227/3097 1536/3096 3718/4191 2401/4198
f 1532/3087 3232/3119 2402/4201 3723/4196
f 3232/3119 1544/3118 3726/4202 2402/4201
f 1547/3122 3237/3120 2402/4201 3726/4202
f 3237/3120 1535/3092 3723/4196 2402/4201
f 1834/4199 3728/4203 2403/4204 3724/4200
f 3728/4203 1835/4205 3727/4206 2403/4204
f 1549/3128 3240/3126 2403/4204 3727/4206
f 3240/3126 1539/3100 3724/4200 2403/4204
f 1544/3146 3244/3145 2404/4207 3726/4208
f 3244/3145 1552/3144 3729/4209 2404/4207
f 1555/3151 3249/3148 2404/4207 3729/4209
f 3249/3148 1547/3147 3726/4208 2404/4207
f 1835/4210 3731/4211 2405/4212 3727/4213
f 3731/4211 1562/3180 3730/4214 2405/4212
f 1557/3160 3252/3157 2405/4212 3730/4214
f 3252/3157 1549/3156 3727/4213 2405/4212
f 1552/3144 3256/3175 2406/4215 3729/4209
f 3256/3175 1560/3179 3733/4216 2406/4215
f 1674/3496 3732/4217 2406/4215 3733/4216
f 3732/4217 1555/3151 3729/4209 2406/4215
f 1562/3180 3259/3183 2407/4218 3730/4214
f 3259/3183 1563/3187 3734/4219 2407/4218
f 1566/3191 3265/3190 2407/4218 3734/4219
f 3265/3190 1557/3160 3730/4214 2407/4218
f 1571/3210 3271/3209 2408/4220 3735/4221
f 3271/3209 1572/3208 3736/4222 2408/4220
f 1577/3215 3277/3212 2408/4220 3736/4222
f 3277/3212 1574/3211 3735/4221 2408/4220
f 1690/3548 3739/4223 2409/4224 3737/4225
f 3739/4223 1836/4226 3738/4227 2409/4224
f 1581/3224 3281/3221 2409/4224 3738/4227
f 3281/3221 1578/3220 3737/4225 2409/4224
f 1572/3208 3286/3243 2410/4228 3736/4222
f 3286/3243 1586/3242 3740/4229 2410/4228
f 1589/3246 3291/3244 2410/4228 3740/4229
f 3291/3244 1577/3215 3736/4222 2410/4228
f 1836/4226 3742/4230 2411/4231 3738/4227
f 3742/4230 1837/4232 3741/4233 2411/4231
f 1591/3252 3294/3250 2411/4231 3741/4233
f 3294/3250 1581/3224 3738/4227 2411/4231
f 1586/3242 3298/3267 2412/4234 3740/4229
f 3298/3267 1594/3266 3743/4235 2412/4234
f 1597/3270 3303/3268 2412/4234 3743/4235
f 3303/3268 1589/3246 3740/4229 2412/4234
f 1837/4232 3745/4236 2413/4237 3741/4233
f 3745/4236 1838/4238 3744/4239 2413/4237
f 1599/3276 3306/3274 2413/4237 3744/4239
f 3306/3274 1591/3252 3741/4233 2413/4237
f 1594/3266 3310/3291 2414/4240 3743/4235
f 3310/3291 1602/3290 3746/4241 2414/4240
f 1605/3294 3315/3292 2414/4240 3746/4241
f 3315/3292 1597/3270 3743/4235 2414/4240
f 1838/4238 3748/4242 2415/4243 3744/4239
f 3748/4242 1839/4244 3747/4245 2415/4243
f 1607/3300 3318/3298 2415/4243 3747/4245
f 3318/3298 1599/3276 3744/4239 2415/4243
f 1602/3290 3322/3315 2416/4246 3746/4241
f 3322/3315 1610/3314 3749/4247 2416/4246
f 1613/3318 3327/3316 2416/4246 3749/4247
f 3327/3316 1605/3294 3746/4241 2416/4246
f 1839/4244 3751/4248 2417/4249 3747/4245
f 3751/4248 1840/4250 3750/4251 2417/4249
f 1615/3324 3330/3322 2417/4249 3750/4251
f 3330/3322 1607/3300 3747/4245 2417/4249
f 1610/3314 3334/3342 2418/4252 3749/4247
f 3334/3341 1618/3340 3752/4253 2418/4254
f 1621/3346 3339/3345 2418/4254 3752/4253
f 3339/3343 1613/3318 3749/4247 2418/4252
f 1840/4250 3754/4255 2419/4256 3750/4251
f 3754/4257 1841/4258 3753/4259 2419/4260
f 1623/3355 3342/3354 2419/4260 3753/4259
f 3342/3352 1615/3324 3750/4251 2419/4256
f 1618/3340 3346/3375 2420/4261 3752/4253
f 3346/3375 1626/3374 3757/4262 2420/4261
f 1843/4263 3756/4264 2420/4261 3757/4262
f 3756/4264 1842/4265 3755/4266 2420/4261
f 1621/3346 3752/4253 2420/4261 3755/4266
f 1841/4258 3760/4267 2421/4268 3753/4259
f 3760/4267 1845/4269 3759/4270 2421/4268
f 1844/4271 3758/4272 2421/4268 3759/4270
f 3758/4272 1633/3387 3355/3385 2421/4268
f 1623/3355 3753/4259 2421/4268 3355/3385
f 1626/3374 3359/3402 2422/4273 3757/4262
f 3359/3402 1636/3401 3762/4274 2422/4273
f 1846/4275 3761/4276 2422/4273 3762/4274
f 3761/4276 1843/4263 3757/4262 2422/4273
f 1640/3409 3364/3408 2423/4277 3763/4278
f 3364/3408 1641/3407 3765/4279 2423/4277
f 1847/4280 3764/4281 2423/4277 3765/4279
f 3764/4281 1749/3741 3763/4278 2423/4277
f 1645/3426 3370/3425 2424/4282 3766/4283
f 3370/3425 1646/3424 3767/4284 2424/4282
f 1731/3684 3496/3687 2424/4282 3767/4284
f 3496/3687 1732/3692 3766/4283 2424/4282
f 1651/3431 3376/3428 2425/4285 3768/4286
f 3376/3428 1648/3427 3478/3644 2425/4285
f 1718/3643 3518/3728 2425/4285 3478/3644
f 3518/3728 1745/3730 3768/4286 2425/4285
f 1646/3424 3381/3450 2426/4287 3767/4284
f 3381/3450 1656/3449 3769/4288 2426/4287
f 1735/3693 3500/3696 2426/4287 3769/4288
f 3500/3696 1731/3684 3767/4284 2426/4287
f 1659/3453 3386/3451 2427/4289 3770/4290
f 3386/3451 1651/3431 3768/4286 2427/4289
f 1745/3730 3520/3732 2427/4289 3768/4286
f 3520/3732 1746/3734 3770/4290 2427/4289
f 1656/3449 3390/3468 2428/4291 3769/4288
f 3390/3468 1662/3467 3771/4292 2428/4291
f 1752/3755 3532/3758 2428/4291 3771/4292
f 3532/3758 1735/3693 3769/4288 2428/4291
f 1666/3475 3395/3474 2429/4293 3772/4294
f 3395/3474 1667/3473 3774/4295 2429/4293
f 1747/3740 3773/4296 2429/4293 3774/4295
f 3773/4296 1848/4297 3772/4294 2429/4293
f 1560/3179 3400/3489 2430/4298 3733/4216
f 3400/3489 1670/3488 3775/4299 2430/4298
f 1676/3500 3409/3497 2430/4298 3775/4299
f 3409/3497 1674/3496 3733/4216 2430/4298
f 1670/3488 3403/3495 2431/4300 3775/4299
f 3403/3495 1672/3494 3776/4301 2431/4300
f 1678/3506 3412/3504 2431/4300 3776/4301
f 3412/3504 1676/3500 3775/4299 2431/4300
f 1563/3187 3778/4302 2432/4303 3734/4219
f 3778/4302 1849/4304 3777/4305 2432/4303
f 1680/3512 3415/3510 2432/4303 3777/4305
f 3415/3510 1566/3191 3734/4219 2432/4303
f 1849/4304 3780/4306 2433/4307 3777/4305
f 3780/4306 1693/3561 3779/4308 2433/4307
f 1682/3518 3418/3516 2433/4307 3779/4308
f 3418/3516 1680/3512 3777/4305 2433/4307
f 1689/3539 3428/3538 2434/4309 3781/4310
f 3428/3536 1571/3210 3735/4221 2434/4311
f 1574/3211 3782/4312 2434/4311 3735/4221
f 3782/4313 1850/4314 3781/4310 2434/4309
f 1672/3494 3430/3545 2435/4315 3776/4301
f 3430/3545 1689/3539 3781/4310 2435/4315
f 1850/4314 3783/4316 2435/4315 3781/4310
f 3783/4316 1678/3506 3776/4301 2435/4315
f 1692/3553 3434/3552 2436/4317 3784/4318
f 3434/3549 1690/3548 3737/4225 2436/4319
f 1578/3220 3438/3572 2436/4319 3737/4225
f 3438/3571 1694/3570 3784/4318 2436/4317
f 1693/3561 3437/3559 2437/4320 3779/4308
f 3437/3559 1692/3553 3784/4318 2437/4320
f 1694/3570 3441/3575 2437/4320 3784/4318
f 3441/3575 1682/3518 3779/4308 2437/4320
f 1701/3600 3451/3599 2438/4321 3785/4322
f 3451/3599 1702/3598 3786/4323 2438/4321
f 1737/3699 3503/3702 2438/4321 3786/4323
f 3503/3702 1727/3675 3785/4322 2438/4321
f 1702/3598 3454/3606 2439/4324 3786/4323
f 3454/3606 1704/3605 3787/4325 2439/4324
f 1739/3705 3506/3708 2439/4324 3787/4325
f 3506/3708 1737/3699 3786/4323 2439/4324
f 1707/3609 3459/3607 2440/4326 3788/4327
f 3459/3607 1640/3409 3763/4278 2440/4326
f 1749/3741 3525/3744 2440/4326 3763/4278
f 3525/3744 1750/3746 3788/4327 2440/4326
f 1709/3615 3462/3613 2441/4328 3480/3654
f 3462/3613 1707/3609 3788/4327 2441/4328
f 1750/3746 3528/3748 2441/4328 3788/4327
f 3528/3748 1721/3655 3480/3654 2441/4328
f 1717/3636 3472/3634 2442/4329 3789/4330
f 3472/3634 1645/3426 3766/4283 2442/4329
f 1732/3692 3529/3750 2442/4329 3766/4283
f 3529/3750 1751/3752 3789/4330 2442/4329
f 1704/3605 3474/3640 2443/4331 3787/4325
f 3474/3640 1717/3636 3789/4330 2443/4331
f 1751/3752 3531/3754 2443/4331 3789/4330
f 3531/3754 1739/3705 3787/4325 2443/4331
f 1662/3467 3791/4332 2444/4333 3771/4292
f 3791/4332 1525/3074 3790/4334 2444/4333
f 1752/3755 3771/4292 2444/4333 3790/4334
f 1667/3473 3792/4335 2445/4336 3774/4295
f 3792/4335 1659/3453 3770/4290 2445/4336
f 1746/3734 3522/3736 2445/4336 3770/4290
f 3522/3736 1747/3740 3774/4295 2445/4336
f 1728/3683 3493/3682 2446/4337 3793/4338
f 3493/3682 1729/3681 3795/4339 2446/4337
f 1744/4340 3794/4341 2446/4337 3795/4339
f 3794/4341 1851/4342 3793/4338 2446/4337
f 1847/4280 3796/4343 2447/4344 3764/4281
f 3796/4343 1729/3681 3494/3680 2447/4344
f 1730/3679 3527/3742 2447/4344 3494/3680
f 3527/3742 1749/3741 3764/4281 2447/4344
f 1541/3113 3799/4345 2448/4346 3228/3108
f 3799/4345 1522/2841 3798/2840 2448/4346
f 1852/2839 3797/4347 2448/4346 3798/2840
f 3797/4347 1540/3105 3228/3108 2448/4346
f 1853/4348 3802/4349 2449/4350 3800/4351
f 3802/4349 1758/3769 3541/3768 2449/4350
f 1759/3767 3801/4352 2449/4350 3541/3768
f 3801/4352 1848/4297 3800/4351 2449/4350
f 1529/3079 3221/3095 2450/4353 3803/4354
f 3221/3095 1534/3094 3804/4355 2450/4353
f 1834/4199 3725/4197 2450/4353 3804/4355
f 3725/4197 1831/4193 3803/4354 2450/4353
f 1541/3113 3229/3112 2451/4356 3805/4357
f 3229/3112 1542/3111 3806/4358 2451/4356
f 1812/4046 3647/4045 2451/4356 3806/4358
f 3647/4045 1811/4039 3805/4357 2451/4356
f 1534/3094 3235/3125 2452/4359 3804/4355
f 3235/3125 1546/3124 3807/4360 2452/4359
f 1835/4205 3728/4203 2452/4359 3807/4360
f 3728/4203 1834/4199 3804/4355 2452/4359
f 1542/3111 3241/3137 2453/4361 3806/4358
f 3241/3137 1550/3136 3808/4362 2453/4361
f 1813/4053 3651/4052 2453/4361 3808/4362
f 3651/4052 1812/4046 3806/4358 2453/4361
f 1546/3155 3247/3154 2454/4363 3807/4364
f 3247/3154 1554/3153 3262/3181 2454/4363
f 1562/3180 3731/4211 2454/4363 3262/3181
f 3731/4211 1835/4210 3807/4364 2454/4363
f 1550/3173 3253/3172 2455/4365 3808/4366
f 3253/3172 1558/3171 3269/3195 2455/4365
f 1567/3194 3654/4060 2455/4365 3269/3195
f 3654/4060 1813/4059 3808/4366 2455/4365
f 1564/3185 3261/3184 2456/4367 3406/3499
f 3261/3184 1554/3153 3248/3152 2456/4367
f 1555/3151 3732/4217 2456/4367 3248/3152
f 3732/4217 1674/3496 3406/3499 2456/4367
f 1569/3199 3268/3198 2457/4368 3419/3525
f 3268/3198 1558/3171 3254/3170 2457/4368
f 1559/3169 3657/4068 2457/4368 3254/3170
f 3657/4068 1683/3522 3419/3525 2457/4368
f 1575/3219 3275/3218 2458/4369 3431/3551
f 3275/3218 1576/3217 3809/4370 2458/4369
f 1836/4226 3739/4223 2458/4369 3809/4370
f 3739/4223 1690/3548 3431/3551 2458/4369
f 1583/3237 3283/3236 2459/4371 3443/3579
f 3283/3236 1584/3235 3810/4372 2459/4371
f 1814/4073 3660/4072 2459/4371 3810/4372
f 3660/4072 1696/3576 3443/3579 2459/4371
f 1576/3217 3289/3249 2460/4373 3809/4370
f 3289/3249 1588/3248 3811/4374 2460/4373
f 1837/4232 3742/4230 2460/4373 3811/4374
f 3742/4230 1836/4226 3809/4370 2460/4373
f 1584/3235 3295/3261 2461/4375 3810/4372
f 3295/3261 1592/3260 3812/4376 2461/4375
f 1815/4080 3665/4079 2461/4375 3812/4376
f 3665/4079 1814/4073 3810/4372 2461/4375
f 1588/3248 3301/3273 2462/4377 3811/4374
f 3301/3273 1596/3272 3813/4378 2462/4377
f 1838/4238 3745/4236 2462/4377 3813/4378
f 3745/4236 1837/4232 3811/4374 2462/4377
f 1592/3260 3307/3285 2463/4379 3812/4376
f 3307/3285 1600/3284 3814/4380 2463/4379
f 1816/4086 3668/4085 2463/4379 3814/4380
f 3668/4085 1815/4080 3812/4376 2463/4379
f 1596/3272 3313/3297 2464/4381 3813/4378
f 3313/3297 1604/3296 3815/4382 2464/4381
f 1839/4244 3748/4242 2464/4381 3815/4382
f 3748/4242 1838/4238 3813/4378 2464/4381
f 1600/3284 3319/3309 2465/4383 3814/4380
f 3319/3309 1608/3308 3816/4384 2465/4383
f 1817/4092 3671/4091 2465/4383 3816/4384
f 3671/4091 1816/4086 3814/4380 2465/4383
f 1604/3296 3325/3321 2466/4385 3815/4382
f 3325/3321 1612/3320 3817/4386 2466/4385
f 1840/4250 3751/4248 2466/4385 3817/4386
f 3751/4248 1839/4244 3815/4382 2466/4385
f 1608/3308 3331/3333 2467/4387 3816/4384
f 3331/3333 1616/3332 3818/4388 2467/4387
f 1818/4098 3674/4097 2467/4387 3818/4388
f 3674/4097 1817/4092 3816/4384 2467/4387
f 1612/3320 3337/3351 2468/4389 3817/4386
f 3337/3350 1620/3349 3819/4390 2468/4391
f 1841/4258 3754/4257 2468/4391 3819/4390
f 3754/4255 1840/4250 3817/4386 2468/4389
f 1616/3332 3343/3369 2469/4392 3818/4388
f 3343/3368 1624/3367 3820/4393 2469/4394
f 1819/4106 3677/4105 2469/4394 3820/4393
f 3677/4104 1818/4098 3818/4388 2469/4392
f 1845/4269 3823/4395 2470/4396 3759/4270
f 3823/4395 1854/4397 3822/4398 2470/4396
f 1742/3719 3821/4399 2470/4396 3822/4398
f 3821/4399 1844/4271 3759/4270 2470/4396
f 1624/3367 3356/3396 2471/4400 3820/4393
f 3356/3396 1634/3395 3824/4401 2471/4400
f 1820/4113 3680/4112 2471/4400 3824/4401
f 3680/4112 1819/4106 3820/4393 2471/4400
f 1634/3395 3366/3417 2472/4402 3824/4401
f 3366/3417 1642/3416 3826/4403 2472/4402
f 1822/4404 3825/4405 2472/4402 3826/4403
f 3825/4405 1820/4113 3824/4401 2472/4402
f 1653/3444 3378/3443 2473/4406 3485/3665
f 3378/3443 1654/3442 3827/4407 2473/4406
f 1823/4128 3687/4127 2473/4406 3827/4407
f 3687/4127 1723/3662 3485/3665 2473/4406
f 1654/3442 3387/3462 2474/4408 3827/4407
f 3387/3462 1660/3461 3828/4409 2474/4408
f 1824/4135 3692/4134 2474/4408 3828/4409
f 3692/4134 1823/4128 3827/4407 2474/4408
f 1660/3461 3397/3483 2475/4410 3828/4409
f 3397/3483 1668/3482 3829/4411 2475/4410
f 1825/4141 3695/4140 2475/4410 3829/4411
f 3695/4140 1824/4135 3828/4409 2475/4410
f 1564/3185 3407/3503 2476/4412 3260/3186
f 3407/3503 1675/3502 3830/4413 2476/4412
f 1849/4304 3778/4302 2476/4412 3830/4413
f 3778/4302 1563/3187 3260/3186 2476/4412
f 1675/3502 3410/3509 2477/4414 3830/4413
f 3410/3509 1677/3508 3436/3562 2477/4414
f 1693/3561 3780/4306 2477/4414 3436/3562
f 3780/4306 1849/4304 3830/4413 2477/4414
f 1569/3199 3420/3529 2478/4415 3267/3200
f 3420/3529 1684/3528 3831/4416 2478/4415
f 1826/4146 3697/4145 2478/4415 3831/4416
f 3697/4145 1568/3201 3267/3200 2478/4415
f 1684/3528 3423/3535 2479/4417 3831/4416
f 3423/3535 1686/3534 3448/3590 2479/4417
f 1699/3589 3699/4149 2479/4417 3448/3590
f 3699/4149 1826/4146 3831/4416 2479/4417
f 1575/3219 3432/3558 2480/4418 3274/3214
f 3432/3557 1691/3556 3832/4419 2480/4420
f 1850/4314 3782/4313 2480/4420 3832/4419
f 3782/4312 1574/3211 3274/3214 2480/4418
f 1691/3556 3435/3563 2481/4421 3832/4419
f 3435/3563 1677/3508 3411/3507 2481/4421
f 1678/3506 3783/4316 2481/4421 3411/3507
f 3783/4316 1850/4314 3832/4419 2481/4421
f 1583/3237 3444/3586 2482/4422 3282/3232
f 3444/3585 1697/3584 3833/4423 2482/4424
f 1827/4163 3704/4162 2482/4424 3833/4423
f 3704/4161 1582/3229 3282/3232 2482/4422
f 1697/3584 3447/3591 2483/4425 3833/4423
f 3447/3591 1686/3534 3424/3533 2483/4425
f 1687/3532 3705/4165 2483/4425 3424/3533
f 3705/4165 1827/4163 3833/4423 2483/4425
f 1711/3627 3464/3626 2484/4426 3834/4427
f 3464/3626 1712/3625 3835/4428 2484/4426
f 1828/4171 3707/4170 2484/4426 3835/4428
f 3707/4170 1829/4169 3834/4427 2484/4426
f 1712/3625 3467/3633 2485/4429 3835/4428
f 3467/3633 1714/3632 3490/3673 2485/4429
f 1726/3672 3710/4174 2485/4429 3490/3673
f 3710/4174 1828/4171 3835/4428 2485/4429
f 1653/3444 3486/3669 2486/4430 3377/3439
f 3486/3669 1724/3668 3836/4431 2486/4430
f 1830/4186 3716/4185 2486/4430 3836/4431
f 3716/4185 1652/3436 3377/3439 2486/4430
f 1724/3668 3489/3674 2487/4432 3836/4431
f 3489/3674 1714/3632 3468/3631 2487/4432
f 1715/3630 3717/4188 2487/4432 3468/3631
f 3717/4188 1830/4186 3836/4431 2487/4432
f 1757/3772 3540/3771 2488/4433 3837/4434
f 3540/3770 1758/3769 3838/4435 2488/4436
f 1527/3070 3213/3067 2488/4436 3838/4435
f 3213/3067 1524/3066 3607/3949 2488/4436
f 1796/3951 3837/4434 2488/4433 3607/3949
f 1668/3482 3645/4042 2489/4437 3829/4411
f 3645/4042 1757/3772 3837/4434 2489/4437
f 1796/3951 3694/4139 2489/4437 3837/4434
f 3694/4139 1825/4141 3829/4411 2489/4437
f 1748/3738 3533/3756 2490/4438 3839/4439
f 3533/3756 1752/3755 3841/4440 2490/4438
f 1526/3072 3840/4441 2490/4438 3841/4440
f 3840/4441 1853/4348 3839/4439 2490/4438
f 1842/4265 3843/4442 2491/4443 3755/4266
f 3843/4442 1631/3380 3842/4444 2491/4443
f 1620/3349 3338/3347 2491/4443 3842/4444
f 3338/3347 1621/3346 3755/4266 2491/4443
f 1620/3349 3844/4445 2492/4446 3819/4390
f 3844/4445 1854/4397 3823/4395 2492/4446
f 1845/4269 3760/4267 2492/4446 3823/4395
f 3760/4267 1841/4258 3819/4390 2492/4446
f 1630/3382 3351/3381 2493/4447 3845/4448
f 3351/3381 1631/3380 3843/4442 2493/4447
f 1842/4265 3756/4264 2493/4447 3843/4442
f 3756/4264 1843/4263 3845/4448 2493/4447
f 1742/3719 3822/4398 2494/4449 3517/3720
f 3822/4398 1854/4397 3846/4450 2494/4449
f 1628/3376 3349/3379 2494/4449 3846/4450
f 3349/3379 1629/3384 3517/3720 2494/4449
f 1662/3467 3391/3466 2495/4451 3791/4332
f 3391/3466 1663/3465 3609/3947 2495/4451
f 1524/3066 3210/3069 2495/4451 3609/3947
f 3210/3069 1525/3074 3791/4332 2495/4451
f 1526/3072 3212/3071 2496/4452 3840/4441
f 3212/3071 1527/3070 3838/4435 2496/4452
f 1758/3769 3802/4349 2496/4452 3838/4435
f 3802/4349 1853/4348 3840/4441 2496/4452
f 1848/4297 3801/4352 2497/4453 3772/4294
f 3801/4352 1759/3767 3542/3764 2497/4453
f 1665/3477 3394/3476 2497/4453 3542/3764
f 3394/3476 1666/3475 3772/4294 2497/4453
f 1667/3473 3396/3470 2498/4454 3792/4335
f 3396/3470 1664/3469 3611/3952 2498/4454
f 1658/3455 3385/3454 2498/4454 3611/3952
f 3385/3454 1659/3453 3792/4335 2498/4454
f 1748/3738 3839/4439 2499/4455 3523/3739
f 3839/4439 1853/4348 3800/4351 2499/4455
f 1848/4297 3773/4296 2499/4455 3800/4351
f 3773/4296 1747/3740 3523/3739 2499/4455
f 1752/3755 3790/4334 2500/4456 3841/4440
f 3790/4334 1525/3074 3211/3073 2500/4456
f 1526/3072 3841/4440 2500/4456 3211/3073
f 1847/4280 3765/4279 2501/4457 3847/4458
f 3765/4279 1641/3407 3849/4459 2501/4457
f 1855/4460 3848/4461 2501/4457 3849/4459
f 3848/4461 1743/4462 3847/4458 2501/4457
f 1728/3683 3851/4463 2502/4464 3492/3678
f 3851/4463 1856/4465 3850/4466 2502/4464
f 1701/3600 3785/4322 2502/4464 3850/4466
f 3785/4322 1727/3675 3492/3678 2502/4464
f 1843/4263 3761/4276 2503/4467 3845/4448
f 3761/4276 1846/4275 3853/4468 2503/4467
f 1851/4469 3852/4470 2503/4467 3853/4468
f 3852/4470 1630/3382 3845/4448 2503/4467
f 1844/4271 3856/4471 2504/4472 3758/4272
f 3856/4471 1855/4473 3855/4474 2504/4472
f 1857/4475 3854/4476 2504/4472 3855/4474
f 3854/4476 1633/3387 3758/4272 2504/4472
f 1854/4397 3844/4445 2505/4477 3846/4450
f 3844/4445 1620/3349 3857/4478 2505/4477
f 1628/3376 3846/4450 2505/4477 3857/4478
f 1620/3349 3842/4444 2506/4479 3857/4478
f 3842/4444 1631/3380 3352/3377 2506/4479
f 1628/3376 3857/4478 2506/4479 3352/3377
f 1641/3407 3365/3404 2507/4480 3858/4481
f 3365/3404 1638/3403 3860/4482 2507/4480
f 1789/4483 3859/4484 2507/4480 3860/4482
f 3859/4484 1857/4485 3858/4481 2507/4480
f 1856/4465 3862/4486 2508/4487 3850/4466
f 3862/4486 1787/3909 3861/4488 2508/4487
f 1700/3592 3450/3595 2508/4487 3861/4488
f 3450/3595 1701/3600 3850/4466 2508/4487
f 1787/3909 3593/3906 2509/4489 3861/4488
f 3593/3906 1785/3905 3863/4490 2509/4489
f 1804/3999 3628/3998 2509/4489 3863/4490
f 3628/3998 1700/3592 3861/4488 2509/4489
f 1785/3905 3684/4117 2510/4491 3863/4490
f 3684/4117 1821/4116 3864/4492 2510/4491
f 1829/4169 3708/4168 2510/4491 3864/4492
f 3708/4168 1804/3999 3863/4490 2510/4491
f 1821/4116 3866/4493 2511/4494 3864/4492
f 3866/4493 1858/4495 3865/4496 2511/4494
f 1711/3627 3834/4427 2511/4494 3865/4496
f 3834/4427 1829/4169 3864/4492 2511/4494
f 1858/4495 3868/4497 2512/4498 3865/4496
f 3868/4497 1859/4499 3867/4500 2512/4498
f 1710/3619 3463/3622 2512/4498 3867/4500
f 3463/3622 1711/3627 3865/4496 2512/4498
f 1859/4499 3870/4501 2513/4502 3867/4500
f 3870/4501 1860/4503 3869/4504 2513/4502
f 1806/4013 3711/4176 2513/4502 3869/4504
f 3711/4176 1710/3619 3867/4500 2513/4502
f 1860/4503 3871/4505 2514/4506 3869/4504
f 3871/4507 1638/3403 3362/3406 2514/4508
f 1639/3411 3631/4007 2514/4508 3362/3406
f 3631/4014 1806/4013 3869/4504 2514/4506
f 1636/4509 3360/4510 2515/4511 3872/4512
f 3360/4510 1637/3911 3592/3910 2515/4511
f 1787/3909 3862/4486 2515/4511 3592/3910
f 3862/4486 1856/4465 3872/4512 2515/4511
f 1642/4513 3367/4514 2516/4515 3873/4516
f 3367/4514 1643/4517 3874/4518 2516/4515
f 1859/4499 3868/4497 2516/4515 3874/4518
f 3868/4497 1858/4495 3873/4516 2516/4515
f 1743/4462 3515/4519 2517/4520 3847/4458
f 3515/4519 1744/4340 3795/4339 2517/4520
f 1729/3681 3796/4343 2517/4520 3795/4339
f 3796/4343 1847/4280 3847/4458 2517/4520
f 1786/4521 3591/4522 2518/4523 3875/4524
f 3591/4522 1637/3399 3361/3397 2518/4523
f 1627/3372 3586/3896 2518/4523 3361/3397
f 3586/3896 1783/3898 3875/4524 2518/4523
f 1788/4525 3595/4526 2519/4527 3876/4528
f 3595/4529 1789/4483 3860/4482 2519/4530
f 1638/3403 3871/4507 2519/4530 3860/4482
f 3871/4505 1860/4503 3876/4528 2519/4527
f 1822/4404 3683/4531 2520/4532 3825/4405
f 3683/4531 1786/4521 3875/4524 2520/4532
f 1783/3898 3679/4111 2520/4532 3875/4524
f 3679/4111 1820/4113 3825/4405 2520/4532
f 1643/4517 3685/4533 2521/4534 3874/4518
f 3685/4533 1788/4525 3876/4528 2521/4534
f 1860/4503 3870/4501 2521/4534 3876/4528
f 3870/4501 1859/4499 3874/4518 2521/4534
f 1846/4535 3762/4536 2522/4537 3877/4538
f 3762/4536 1636/4509 3872/4512 2522/4537
f 1856/4465 3877/4538 2522/4537 3872/4512
f 1851/4469 3794/4539 2523/4540 3852/4470
f 3794/4539 1744/3724 3516/3723 2523/4540
f 1629/3384 3350/3383 2523/4540 3516/3723
f 3350/3383 1630/3382 3852/4470 2523/4540
f 1822/4121 3826/4541 2524/4542 3682/4119
f 3826/4541 1642/4513 3873/4516 2524/4542
f 1858/4495 3866/4493 2524/4542 3873/4516
f 3866/4493 1821/4116 3682/4119 2524/4542
f 1743/3726 3848/4543 2525/4544 3514/3722
f 3848/4543 1855/4473 3856/4471 2525/4544
f 1844/4271 3821/4399 2525/4544 3856/4471
f 3821/4399 1742/3719 3514/3722 2525/4544
f 1851/4342 3853/4545 2526/4546 3793/4338
f 3853/4545 1846/4535 3877/4538 2526/4546
f 1856/4465 3851/4463 2526/4546 3877/4538
f 3851/4463 1728/3683 3793/4338 2526/4546
f 1857/4485 3855/4547 2527/4548 3858/4481
f 3855/4547 1855/4460 3849/4459 2527/4548
f 1641/3407 3858/4481 2527/4548 3849/4459
f 1857/4475 3859/4549 2528/4550 3854/4476
f 3859/4549 1789/3916 3596/3914 2528/4550
f 1632/3389 3354/3388 2528/4550 3596/3914
f 3354/3388 1633/3387 3854/4476 2528/4550
f 1861/3044 3879/3047 2529/4551 3878/4552
f 3879/3047 1755/2249 3537/3759 2529/4551
f 1530/3081 3217/3084 2529/4551 3537/3759
f 3217/3084 1531/3089 3878/4552 2529/4551
f 1518/3048 3881/3051 2530/4553 3880/4554
f 3881/3051 1833/2684 3721/4189 2530/4553
f 1536/3096 3224/3099 2530/4553 3721/4189
f 3224/3099 1537/3104 3880/4554 2530/4553
f 1519/2526 3204/3053 2531/4555 3643/4038
f 3204/3053 1522/2841 3799/4345 2531/4555
f 1541/3113 3805/4357 2531/4555 3799/4345
f 3805/4357 1811/4039 3643/4038 2531/4555
f 1520/3054 3206/3057 2532/4556 3882/4557
f 3206/3059 1518/3048 3880/4554 2532/4558
f 1537/3104 3545/3782 2532/4558 3880/4554
f 3545/3789 1761/3788 3882/4557 2532/4556
f 1852/2839 3208/3061 2533/4559 3797/4347
f 3208/3061 1520/3054 3882/4557 2533/4559
f 1761/3788 3648/4048 2533/4559 3882/4557
f 3648/4048 1540/3105 3797/4347 2533/4559
f 1521/1559 3209/3063 2534/4560 3214/3078
f 3209/3063 1861/3044 3878/4552 2534/4560
f 1531/3089 3722/4195 2534/4560 3878/4552
f 3722/4195 1528/3075 3214/3078 2534/4560
f 1832/2682 3883/3065 2535/4561 3719/4192
f 3883/3065 1523/1561 3215/3080 2535/4561
f 1529/3079 3803/4354 2535/4561 3215/3080
f 3803/4354 1831/4193 3719/4192 2535/4561
