{"cameraMode":{"drawMode":0,"name":"Shaded","section":"Shading Mode"},"sceneLighting":true,"audioPlay":false,"sceneViewState":{"m_AlwaysRefresh":false,"showFog":true,"showSkybox":true,"showFlares":true,"showImageEffects":true,"showParticleSystems":true,"showVisualEffectGraphs":true,"m_FxEnabled":true},"in2DMode":false,"pivot":{"x":1.4709138870239258,"y":-0.9433417320251465,"z":31.17131233215332},"rotation":{"x":0.07925894856452942,"y":0.06275936216115952,"z":-0.004999856930226088,"w":0.9948651194572449},"size":0.34721922874450686,"orthographic":false}